state,epiweek,year,month,season,pct_ili,monthly_mean_temp_f
CT,201040,2010,10,2010-11,0.0783085,52.95
CT,201041,2010,10,2010-11,0.238095,52.95
CT,201042,2010,10,2010-11,0.374158,52.95
CT,201043,2010,10,2010-11,0.333542,52.95
CT,201044,2010,10,2010-11,0.396743,52.95
CT,201045,2010,11,2010-11,0.319562,42.075
CT,201046,2010,11,2010-11,0.618847,42.075
CT,201047,2010,11,2010-11,0.716612,42.075
CT,201048,2010,11,2010-11,0.442994,42.075
CT,201049,2010,12,2010-11,0.654897,28.3375
CT,201050,2010,12,2010-11,0.659413,28.3375
CT,201051,2010,12,2010-11,0.873563,28.3375
CT,201052,2010,12,2010-11,0.853578,28.3375
CT,201101,2011,1,2010-11,0.923191,23.325
CT,201102,2011,1,2010-11,1.04648,23.325
CT,201103,2011,1,2010-11,1.18359,23.325
CT,201104,2011,1,2010-11,1.07163,23.325
CT,201105,2011,1,2010-11,1.64619,23.325
CT,201106,2011,2,2010-11,1.76373,27.25
CT,201107,2011,2,2010-11,1.98326,27.25
CT,201108,2011,2,2010-11,1.98091,27.25
CT,201109,2011,2,2010-11,1.34299,27.25
CT,201110,2011,3,2010-11,1.15734,37.125
CT,201111,2011,3,2010-11,0.888569,37.125
CT,201112,2011,3,2010-11,0.355872,37.125
CT,201113,2011,3,2010-11,0.673014,37.125
CT,201114,2011,4,2010-11,0.344308,48.975
CT,201115,2011,4,2010-11,0.244275,48.975
CT,201116,2011,4,2010-11,0.230614,48.975
CT,201117,2011,4,2010-11,0.23084,48.975
CT,201118,2011,5,2010-11,0.119296,59.6625
CT,201119,2011,5,2010-11,0.128425,59.6625
CT,201120,2011,5,2010-11,0.0940291,59.6625
CT,201121,2011,5,,0.0626566,59.6625
CT,201122,2011,5,,0.174672,59.6625
CT,201123,2011,6,,0.070922,66.975
CT,201124,2011,6,,0.0,66.975
CT,201125,2011,6,,0.0,66.975
CT,201126,2011,6,,0.0,66.975
CT,201127,2011,7,,0.0,74.2
CT,201128,2011,7,,0.0,74.2
CT,201129,2011,7,,0.0,74.2
CT,201130,2011,7,,0.0,74.2
CT,201131,2011,7,,0.0,74.2
CT,201132,2011,8,,0.0,70.975
CT,201133,2011,8,,0.135962,70.975
CT,201134,2011,8,,0.0541712,70.975
CT,201135,2011,8,,0.0,70.975
CT,201136,2011,9,,0.0,66.45
CT,201137,2011,9,,0.0477327,66.45
CT,201138,2011,9,,0.0,66.45
CT,201139,2011,9,,0.0240096,66.45
CT,201140,2011,10,2011-12,0.0771208,53.5875
CT,201141,2011,10,2011-12,0.106338,53.5875
CT,201142,2011,10,2011-12,0.365591,53.5875
CT,201143,2011,10,2011-12,0.190718,53.5875
CT,201144,2011,10,2011-12,0.185529,53.5875
CT,201145,2011,11,2011-12,0.303321,46.0875
CT,201146,2011,11,2011-12,0.199348,46.0875
CT,201147,2011,11,2011-12,0.0,46.0875
CT,201148,2011,11,2011-12,0.157658,46.0875
CT,201149,2011,12,2011-12,0.326931,37.1125
CT,201150,2011,12,2011-12,0.594059,37.1125
CT,201151,2011,12,2011-12,0.36526,37.1125
CT,201152,2011,12,2011-12,0.588582,37.1125
CT,201201,2012,1,2011-12,0.736434,31.837500000000002
CT,201202,2012,1,2011-12,0.293974,31.837500000000002
CT,201203,2012,1,2011-12,0.440658,31.837500000000002
CT,201204,2012,1,2011-12,0.474934,31.837500000000002
CT,201205,2012,1,2011-12,0.36129,31.837500000000002
CT,201206,2012,2,2011-12,0.647723,35.175
CT,201207,2012,2,2011-12,0.980015,35.175
CT,201208,2012,2,2011-12,0.59761,35.175
CT,201209,2012,2,2011-12,0.668693,35.175
CT,201210,2012,3,2011-12,0.854317,45.7875
CT,201211,2012,3,2011-12,0.721311,45.7875
CT,201212,2012,3,2011-12,0.306937,45.7875
CT,201213,2012,3,2011-12,0.335102,45.7875
CT,201214,2012,4,2011-12,0.239234,49.8375
CT,201215,2012,4,2011-12,0.68306,49.8375
CT,201216,2012,4,2011-12,0.270709,49.8375
CT,201217,2012,4,2011-12,0.121212,49.8375
CT,201218,2012,4,2011-12,0.280269,49.8375
CT,201219,2012,5,2011-12,0.243457,61.55
CT,201220,2012,5,2011-12,0.162338,61.55
CT,201221,2012,5,,0.419287,61.55
CT,201222,2012,5,,0.516224,61.55
CT,201223,2012,6,,0.142653,66.4125
CT,201224,2012,6,,0.682594,66.4125
CT,201225,2012,6,,0.37037,66.4125
CT,201226,2012,6,,0.780572,66.4125
CT,201227,2012,7,,0.531915,74.125
CT,201228,2012,7,,0.442087,74.125
CT,201229,2012,7,,0.435161,74.125
CT,201230,2012,7,,0.671141,74.125
CT,201231,2012,7,,0.0838223,74.125
CT,201232,2012,8,,0.42337,72.1375
CT,201233,2012,8,,0.303721,72.1375
CT,201234,2012,8,,0.543848,72.1375
CT,201235,2012,8,,0.311526,72.1375
CT,201236,2012,9,,0.291262,63.375
CT,201237,2012,9,,0.229621,63.375
CT,201238,2012,9,,0.291971,63.375
CT,201239,2012,9,,0.430108,63.375
CT,201240,2012,9,2012-13,0.307161,63.375
CT,201241,2012,10,2012-13,0.331744,54.75
CT,201242,2012,10,2012-13,0.536643,54.75
CT,201243,2012,10,2012-13,0.435584,54.75
CT,201244,2012,10,2012-13,0.593168,54.75
CT,201245,2012,11,2012-13,0.738451,39.5
CT,201246,2012,11,2012-13,0.752014,39.5
CT,201247,2012,11,2012-13,0.817439,39.5
CT,201248,2012,11,2012-13,0.899965,39.5
CT,201249,2012,12,2012-13,1.05111,36.125
CT,201250,2012,12,2012-13,1.15199,36.125
CT,201251,2012,12,2012-13,2.09529,36.125
CT,201252,2012,12,2012-13,3.40782,36.125
CT,201301,2012,12,2012-13,3.8961,36.125
CT,201302,2013,1,2012-13,4.43469,28.9375
CT,201303,2013,1,2012-13,4.14041,28.9375
CT,201304,2013,1,2012-13,2.9826,28.9375
CT,201305,2013,1,2012-13,2.56616,28.9375
CT,201306,2013,2,2012-13,1.97204,29.4
CT,201307,2013,2,2012-13,1.53975,29.4
CT,201308,2013,2,2012-13,1.88235,29.4
CT,201309,2013,2,2012-13,1.52352,29.4
CT,201310,2013,3,2012-13,1.41972,36.1125
CT,201311,2013,3,2012-13,1.18159,36.1125
CT,201312,2013,3,2012-13,1.33806,36.1125
CT,201313,2013,3,2012-13,0.974252,36.1125
CT,201314,2013,3,2012-13,0.763575,36.1125
CT,201315,2013,4,2012-13,0.744269,47.4125
CT,201316,2013,4,2012-13,0.744346,47.4125
CT,201317,2013,4,2012-13,0.692137,47.4125
CT,201318,2013,4,2012-13,0.714286,47.4125
CT,201319,2013,5,2012-13,0.502283,58.275
CT,201320,2013,5,2012-13,0.575264,58.275
CT,201321,2013,5,,0.55918,58.275
CT,201322,2013,5,,0.465658,58.275
CT,201323,2013,6,,0.0,67.8
CT,201324,2013,6,,0.0,67.8
CT,201325,2013,6,,0.0,67.8
CT,201326,2013,6,,0.0,67.8
CT,201327,2013,6,,0.0,67.8
CT,201328,2013,7,,0.0,75.9875
CT,201329,2013,7,,0.0,75.9875
CT,201330,2013,7,,0.0,75.9875
CT,201331,2013,7,,0.0,75.9875
CT,201332,2013,8,,0.0,68.7625
CT,201333,2013,8,,0.0,68.7625
CT,201334,2013,8,,0.297619,68.7625
CT,201335,2013,8,,0.0,68.7625
CT,201336,2013,9,,0.212465,61.512499999999996
CT,201337,2013,9,,0.0686342,61.512499999999996
CT,201338,2013,9,,0.379507,61.512499999999996
CT,201339,2013,9,,2.31101,61.512499999999996
CT,201340,2013,9,2013-14,0.701388,61.512499999999996
CT,201341,2013,10,2013-14,0.765879,53.475
CT,201342,2013,10,2013-14,0.851115,53.475
CT,201343,2013,10,2013-14,1.32646,53.475
CT,201344,2013,10,2013-14,1.78213,53.475
CT,201345,2013,11,2013-14,1.81609,39.925000000000004
CT,201346,2013,11,2013-14,1.17647,39.925000000000004
CT,201347,2013,11,2013-14,0.666667,39.925000000000004
CT,201348,2013,11,2013-14,0.893471,39.925000000000004
CT,201349,2013,12,2013-14,0.933998,31.1875
CT,201350,2013,12,2013-14,1.2318,31.1875
CT,201351,2013,12,2013-14,1.33091,31.1875
CT,201352,2013,12,2013-14,1.43035,31.1875
CT,201401,2013,12,2013-14,1.39241,31.1875
CT,201402,2014,1,2013-14,1.40479,23.8
CT,201403,2014,1,2013-14,1.56156,23.8
CT,201404,2014,1,2013-14,2.11538,23.8
CT,201405,2014,1,2013-14,3.24649,23.8
CT,201406,2014,2,2013-14,3.27323,25.25
CT,201407,2014,2,2013-14,2.31715,25.25
CT,201408,2014,2,2013-14,2.9813,25.25
CT,201409,2014,2,2013-14,2.43843,25.25
CT,201410,2014,3,2013-14,2.50557,30.75
CT,201411,2014,3,2013-14,1.8018,30.75
CT,201412,2014,3,2013-14,2.84506,30.75
CT,201413,2014,3,2013-14,2.772,30.75
CT,201414,2014,3,2013-14,2.76172,30.75
CT,201415,2014,4,2013-14,2.77388,46.75
CT,201416,2014,4,2013-14,2.71526,46.75
CT,201417,2014,4,2013-14,2.47599,46.75
CT,201418,2014,4,2013-14,2.32244,46.75
CT,201419,2014,5,2013-14,2.35484,58.3375
CT,201420,2014,5,2013-14,1.54044,58.3375
CT,201421,2014,5,,0.0,58.3375
CT,201422,2014,5,,0.0,58.3375
CT,201423,2014,6,,0.0,66.85
CT,201424,2014,6,,0.0,66.85
CT,201425,2014,6,,0.0,66.85
CT,201426,2014,6,,0.0,66.85
CT,201427,2014,6,,0.653595,66.85
CT,201428,2014,7,,0.0,71.975
CT,201429,2014,7,,0.0,71.975
CT,201430,2014,7,,0.0,71.975
CT,201431,2014,7,,0.680272,71.975
CT,201432,2014,8,,0.0,68.45
CT,201433,2014,8,,0.0,68.45
CT,201434,2014,8,,0.0,68.45
CT,201435,2014,8,,0.0924214,68.45
CT,201436,2014,8,,0.0698812,68.45
CT,201437,2014,9,,0.113766,63.7125
CT,201438,2014,9,,0.166389,63.7125
CT,201439,2014,9,,0.362976,63.7125
CT,201440,2014,9,2014-15,1.48994,63.7125
CT,201441,2014,10,2014-15,1.59107,54.2125
CT,201442,2014,10,2014-15,1.55388,54.2125
CT,201443,2014,10,2014-15,1.45909,54.2125
CT,201444,2014,10,2014-15,2.06852,54.2125
CT,201445,2014,11,2014-15,2.27323,39.8625
CT,201446,2014,11,2014-15,2.11506,39.8625
CT,201447,2014,11,2014-15,1.72999,39.8625
CT,201448,2014,11,2014-15,1.68593,39.8625
CT,201449,2014,11,2014-15,1.75439,39.8625
CT,201450,2014,12,2014-15,1.5677,35.5125
CT,201451,2014,12,2014-15,1.54565,35.5125
CT,201452,2014,12,2014-15,2.05696,35.5125
CT,201453,2014,12,2014-15,1.73913,35.5125
CT,201501,2015,1,2014-15,2.2769,23.45
CT,201502,2015,1,2014-15,3.10894,23.45
CT,201503,2015,1,2014-15,5.03205,23.45
CT,201504,2015,1,2014-15,5.03132,23.45
CT,201505,2015,2,2014-15,6.16069,15.95
CT,201506,2015,2,2014-15,6.26584,15.95
CT,201507,2015,2,2014-15,6.44041,15.95
CT,201508,2015,2,2014-15,3.9564,15.95
CT,201509,2015,3,2014-15,2.71553,31.150000000000002
CT,201510,2015,3,2014-15,2.73245,31.150000000000002
CT,201511,2015,3,2014-15,2.10243,31.150000000000002
CT,201512,2015,3,2014-15,2.0923,31.150000000000002
CT,201513,2015,3,2014-15,2.17831,31.150000000000002
CT,201514,2015,4,2014-15,1.7314,47.0625
CT,201515,2015,4,2014-15,1.6576,47.0625
CT,201516,2015,4,2014-15,1.66299,47.0625
CT,201517,2015,4,2014-15,1.61093,47.0625
CT,201518,2015,5,2014-15,1.57008,62.6125
CT,201519,2015,5,2014-15,1.3197,62.6125
CT,201520,2015,5,2014-15,1.2913,62.6125
CT,201521,2015,5,,1.23775,62.6125
CT,201522,2015,5,,0.873362,62.6125
CT,201523,2015,6,,0.740741,65.3125
CT,201524,2015,6,,0.641975,65.3125
CT,201525,2015,6,,0.527937,65.3125
CT,201526,2015,6,,0.718209,65.3125
CT,201527,2015,7,,0.560673,72.2375
CT,201528,2015,7,,0.390071,72.2375
CT,201529,2015,7,,0.268817,72.2375
CT,201530,2015,7,,0.0888494,72.2375
CT,201531,2015,8,,0.0515996,72.1625
CT,201532,2015,8,,0.149626,72.1625
CT,201533,2015,8,,0.0455581,72.1625
CT,201534,2015,8,,0.0,72.1625
CT,201535,2015,8,,0.0654664,72.1625
CT,201536,2015,9,,0.13741,67.8125
CT,201537,2015,9,,0.0569801,67.8125
CT,201538,2015,9,,0.17673,67.8125
CT,201539,2015,9,,0.448632,67.8125
CT,201540,2015,10,2015-16,1.0157,51.5375
CT,201541,2015,10,2015-16,0.805524,51.5375
CT,201542,2015,10,2015-16,0.963763,51.5375
CT,201543,2015,10,2015-16,1.42061,51.5375
CT,201544,2015,11,2015-16,1.79143,46.1875
CT,201545,2015,11,2015-16,1.07817,46.1875
CT,201546,2015,11,2015-16,1.1393,46.1875
CT,201547,2015,11,2015-16,1.69643,46.1875
CT,201548,2015,11,2015-16,0.956304,46.1875
CT,201549,2015,12,2015-16,1.7386,43.6
CT,201550,2015,12,2015-16,1.97822,43.6
CT,201551,2015,12,2015-16,2.39398,43.6
CT,201552,2015,12,2015-16,2.95939,43.6
CT,201601,2016,1,2015-16,2.65283,29.8875
CT,201602,2016,1,2015-16,2.82404,29.8875
CT,201603,2016,1,2015-16,2.8912,29.8875
CT,201604,2016,1,2015-16,3.29925,29.8875
CT,201605,2016,1,2015-16,3.19507,29.8875
CT,201606,2016,2,2015-16,4.15838,32.1125
CT,201607,2016,2,2015-16,3.70722,32.1125
CT,201608,2016,2,2015-16,3.7826,32.1125
CT,201609,2016,2,2015-16,3.4711,32.1125
CT,201610,2016,3,2015-16,3.61106,43.2625
CT,201611,2016,3,2015-16,2.67584,43.2625
CT,201612,2016,3,2015-16,2.79368,43.2625
CT,201613,2016,3,2015-16,2.78382,43.2625
CT,201614,2016,4,2015-16,2.61398,46.8125
CT,201615,2016,4,2015-16,2.5015,46.8125
CT,201616,2016,4,2015-16,2.52809,46.8125
CT,201617,2016,4,2015-16,1.45228,46.8125
CT,201618,2016,5,2015-16,1.60955,58.375
CT,201619,2016,5,2015-16,1.36275,58.375
CT,201620,2016,5,2015-16,1.53846,58.375
CT,201621,2016,5,,1.38504,58.375
CT,201622,2016,5,,1.32743,58.375
CT,201623,2016,6,,0.980392,67.4875
CT,201624,2016,6,,0.564334,67.4875
CT,201625,2016,6,,0.350058,67.4875
CT,201626,2016,6,,0.303951,67.4875
CT,201627,2016,7,,0.335946,74.15
CT,201628,2016,7,,0.308642,74.15
CT,201629,2016,7,,0.325733,74.15
CT,201630,2016,7,,0.243013,74.15
CT,201631,2016,7,,0.275482,74.15
CT,201632,2016,8,,0.227015,73.9875
CT,201633,2016,8,,0.273224,73.9875
CT,201634,2016,8,,0.314218,73.9875
CT,201635,2016,8,,0.320366,73.9875
CT,201636,2016,9,,0.306212,66.3
CT,201637,2016,9,,0.296485,66.3
CT,201638,2016,9,,0.395257,66.3
CT,201639,2016,9,,0.638978,66.3
CT,201640,2016,10,2016-17,1.23552,53.65
CT,201641,2016,10,2016-17,1.07,53.65
CT,201642,2016,10,2016-17,1.00688,53.65
CT,201643,2016,10,2016-17,1.14566,53.65
CT,201644,2016,10,2016-17,1.67144,53.65
CT,201645,2016,11,2016-17,1.74239,43.675
CT,201646,2016,11,2016-17,1.62124,43.675
CT,201647,2016,11,2016-17,1.8245,43.675
CT,201648,2016,11,2016-17,1.65078,43.675
CT,201649,2016,12,2016-17,1.63164,32.8625
CT,201650,2016,12,2016-17,1.73439,32.8625
CT,201651,2016,12,2016-17,1.80426,32.8625
CT,201652,2016,12,2016-17,2.01806,32.8625
CT,201701,2017,1,2016-17,2.85036,32.9625
CT,201702,2017,1,2016-17,2.79488,32.9625
CT,201703,2017,1,2016-17,3.29572,32.9625
CT,201704,2017,1,2016-17,3.72844,32.9625
CT,201705,2017,1,2016-17,4.43425,32.9625
CT,201706,2017,2,2016-17,5.45754,34.7625
CT,201707,2017,2,2016-17,5.30733,34.7625
CT,201708,2017,2,2016-17,5.03785,34.7625
CT,201709,2017,2,2016-17,4.01284,34.7625
CT,201710,2017,3,2016-17,3.43467,33.5875
CT,201711,2017,3,2016-17,3.3579,33.5875
CT,201712,2017,3,2016-17,2.20472,33.5875
CT,201713,2017,3,2016-17,2.34073,33.5875
CT,201714,2017,4,2016-17,2.77175,51.925
CT,201715,2017,4,2016-17,2.18108,51.925
CT,201716,2017,4,2016-17,2.47006,51.925
CT,201717,2017,4,2016-17,2.04551,51.925
CT,201718,2017,4,2016-17,1.6129,51.925
CT,201719,2017,5,2016-17,0.832603,56.7625
CT,201720,2017,5,2016-17,0.661914,56.7625
CT,201721,2017,5,,0.645856,56.7625
CT,201722,2017,5,,0.547945,56.7625
CT,201723,2017,6,,0.555556,67.1
CT,201724,2017,6,,0.297177,67.1
CT,201725,2017,6,,0.277008,67.1
CT,201726,2017,6,,0.453858,67.1
CT,201727,2017,7,,0.294118,71.6
CT,201728,2017,7,,0.0,71.6
CT,201729,2017,7,,0.0,71.6
CT,201730,2017,7,,0.0,71.6
CT,201731,2017,7,,0.0,71.6
CT,201732,2017,8,,0.0,69.275
CT,201733,2017,8,,0.0,69.275
CT,201734,2017,8,,0.0,69.275
CT,201735,2017,8,,0.159617,69.275
CT,201736,2017,9,,0.0,66.175
CT,201737,2017,9,,0.261917,66.175
CT,201738,2017,9,,0.115607,66.175
CT,201739,2017,9,,0.267953,66.175
CT,201740,2017,10,2017-18,1.04416,58.725
CT,201741,2017,10,2017-18,1.0367,58.725
CT,201742,2017,10,2017-18,1.07119,58.725
CT,201743,2017,10,2017-18,1.34836,58.725
CT,201744,2017,10,2017-18,1.35031,58.725
CT,201745,2017,11,2017-18,1.43927,41.225
CT,201746,2017,11,2017-18,1.72589,41.225
CT,201747,2017,11,2017-18,2.39194,41.225
CT,201748,2017,11,2017-18,2.65263,41.225
CT,201749,2017,12,2017-18,2.68862,28.9
CT,201750,2017,12,2017-18,2.86832,28.9
CT,201751,2017,12,2017-18,3.93357,28.9
CT,201752,2017,12,2017-18,4.21422,28.9
CT,201801,2017,12,2017-18,4.47821,28.9
CT,201802,2018,1,2017-18,5.23495,25.65
CT,201803,2018,1,2017-18,5.99903,25.65
CT,201804,2018,1,2017-18,6.06894,25.65
CT,201805,2018,1,2017-18,6.15455,25.65
CT,201806,2018,2,2017-18,7.15832,35.9125
CT,201807,2018,2,2017-18,6.19369,35.9125
CT,201808,2018,2,2017-18,5.26689,35.9125
CT,201809,2018,2,2017-18,5.14261,35.9125
CT,201810,2018,3,2017-18,3.7656,36.6
CT,201811,2018,3,2017-18,3.60248,36.6
CT,201812,2018,3,2017-18,3.55739,36.6
CT,201813,2018,3,2017-18,4.14019,36.6
CT,201814,2018,4,2017-18,3.14907,43.5875
CT,201815,2018,4,2017-18,2.97006,43.5875
CT,201816,2018,4,2017-18,2.77207,43.5875
CT,201817,2018,4,2017-18,2.65946,43.5875
CT,201818,2018,4,2017-18,2.28298,43.5875
CT,201819,2018,5,2017-18,1.35659,62.25
CT,201820,2018,5,2017-18,1.43184,62.25
CT,201821,2018,5,,3.05455,62.25
CT,201822,2018,5,,0.719424,62.25
CT,201823,2018,6,,0.599829,66.425
CT,201824,2018,6,,0.879507,66.425
CT,201825,2018,6,,1.1535,66.425
CT,201826,2018,6,,1.84136,66.425
CT,201827,2018,7,,0.262467,74.075
CT,201828,2018,7,,1.15512,74.075
CT,201829,2018,7,,2.2508,74.075
CT,201830,2018,7,,0.339559,74.075
CT,201831,2018,7,,0.0,74.075
CT,201832,2018,8,,1.3089,74.4625
CT,201833,2018,8,,0.281294,74.4625
CT,201834,2018,8,,1.06557,74.4625
CT,201835,2018,8,,0.533721,74.4625
CT,201836,2018,9,,0.569177,66.25
CT,201837,2018,9,,1.67598,66.25
CT,201838,2018,9,,2.34425,66.25
CT,201839,2018,9,,0.962269,66.25
CT,201840,2018,9,2018-19,1.50082,66.25
CT,201841,2018,10,2018-19,1.53914,52.4
CT,201842,2018,10,2018-19,1.32265,52.4
CT,201843,2018,10,2018-19,1.61677,52.4
CT,201844,2018,10,2018-19,1.84649,52.4
CT,201845,2018,11,2018-19,2.27739,39.2875
CT,201846,2018,11,2018-19,2.44985,39.2875
CT,201847,2018,11,2018-19,2.62246,39.2875
CT,201848,2018,11,2018-19,2.59067,39.2875
CT,201849,2018,12,2018-19,3.6658,34.05
CT,201850,2018,12,2018-19,3.38048,34.05
CT,201851,2018,12,2018-19,4.17384,34.05
CT,201852,2018,12,2018-19,4.66683,34.05
CT,201901,2018,12,2018-19,5.00192,34.05
CT,201902,2019,1,2018-19,5.13861,27.2625
CT,201903,2019,1,2018-19,5.24651,27.2625
CT,201904,2019,1,2018-19,4.78395,27.2625
CT,201905,2019,1,2018-19,4.87917,27.2625
CT,201906,2019,2,2018-19,5.10103,30.425
CT,201907,2019,2,2018-19,5.12684,30.425
CT,201908,2019,2,2018-19,4.60604,30.425
CT,201909,2019,2,2018-19,4.90362,30.425
CT,201910,2019,3,2018-19,4.93316,35.125
CT,201911,2019,3,2018-19,3.44199,35.125
CT,201912,2019,3,2018-19,3.88161,35.125
CT,201913,2019,3,2018-19,4.0982,35.125
CT,201914,2019,3,2018-19,3.21044,35.125
CT,201915,2019,4,2018-19,3.0027,49.1375
CT,201916,2019,4,2018-19,3.00541,49.1375
CT,201917,2019,4,2018-19,2.31214,49.1375
CT,201918,2019,4,2018-19,1.58698,49.1375
CT,201919,2019,5,2018-19,1.7359,57.1375
CT,201920,2019,5,2018-19,1.43522,57.1375
CT,201921,2019,5,,0.73157,57.1375
CT,201922,2019,5,,0.511073,57.1375
CT,201923,2019,6,,0.0,66.6125
CT,201924,2019,6,,0.0,66.6125
CT,201925,2019,6,,0.0,66.6125
CT,201926,2019,6,,0.0,66.6125
CT,201927,2019,6,,0.0,66.6125
CT,201928,2019,7,,0.0,75.0125
CT,201929,2019,7,,0.0,75.0125
CT,201930,2019,7,,0.0,75.0125
CT,201931,2019,7,,0.0,75.0125
CT,201932,2019,8,,0.0,70.7375
CT,201933,2019,8,,0.335196,70.7375
CT,201934,2019,8,,0.560897,70.7375
CT,201935,2019,8,,0.454087,70.7375
CT,201936,2019,9,,1.43325,63.275
CT,201937,2019,9,,2.50561,63.275
CT,201938,2019,9,,1.72414,63.275
CT,201939,2019,9,,1.78697,63.275
CT,201940,2019,9,2019-20,1.24979,63.275
CT,201941,2019,10,2019-20,1.57002,53.6875
CT,201942,2019,10,2019-20,1.79399,53.6875
CT,201943,2019,10,2019-20,1.76784,53.6875
CT,201944,2019,10,2019-20,1.81377,53.6875
CT,201945,2019,11,2019-20,2.02184,38.3125
CT,201946,2019,11,2019-20,2.02981,38.3125
CT,201947,2019,11,2019-20,2.45252,38.3125
CT,201948,2019,11,2019-20,2.61969,38.3125
CT,201949,2019,12,2019-20,2.60224,31.8875
CT,201950,2019,12,2019-20,2.68605,31.8875
CT,201951,2019,12,2019-20,3.46694,31.8875
CT,201952,2019,12,2019-20,4.81715,31.8875
CT,202001,2019,12,2019-20,5.32353,31.8875
CT,202002,2020,1,2019-20,5.28879,33.2375
CT,202003,2020,1,2019-20,5.87425,33.2375
CT,202004,2020,1,2019-20,7.33114,33.2375
CT,202005,2020,1,2019-20,9.08556,33.2375
CT,202006,2020,2,2019-20,10.2091,34.125
CT,202007,2020,2,2019-20,8.98529,34.125
CT,202008,2020,2,2019-20,7.78858,34.125
CT,202009,2020,2,2019-20,6.39904,34.125
CT,202010,2020,3,2019-20,6.19415,41.5625
CT,202011,2020,3,2019-20,7.01461,41.5625
CT,202012,2020,3,2019-20,7.40993,41.5625
CT,202013,2020,3,2019-20,7.15566,41.5625
CT,202014,2020,3,2019-20,6.32295,41.5625
CT,202015,2020,4,2019-20,4.75905,44.475
CT,202016,2020,4,2019-20,4.64775,44.475
CT,202017,2020,4,2019-20,2.64583,44.475
CT,202018,2020,4,2019-20,1.65734,44.475
CT,202019,2020,5,2019-20,1.35686,56.425
CT,202020,2020,5,2019-20,1.26434,56.425
CT,202021,2020,5,,0.939783,56.425
CT,202022,2020,5,,0.843986,56.425
CT,202023,2020,5,,0.595214,56.425
CT,202024,2020,6,,0.52656,68.4
CT,202025,2020,6,,0.486972,68.4
CT,202026,2020,6,,0.496269,68.4
CT,202027,2020,6,,0.526224,68.4
CT,202028,2020,7,,0.647955,75.6125
CT,202029,2020,7,,0.521928,75.6125
CT,202030,2020,7,,0.583885,75.6125
CT,202031,2020,7,,0.596689,75.6125
CT,202032,2020,8,,0.523626,72.725
CT,202033,2020,8,,0.513719,72.725
CT,202034,2020,8,,0.586317,72.725
CT,202035,2020,8,,0.727926,72.725
CT,202036,2020,8,,0.584327,72.725
CT,202037,2020,9,,0.682927,63.575
CT,202038,2020,9,,0.75809,63.575
CT,202039,2020,9,,1.04933,63.575
CT,202040,2020,9,2020-21,1.09379,63.575
CT,202041,2020,10,2020-21,1.21996,53.325
CT,202042,2020,10,2020-21,1.26188,53.325
CT,202043,2020,10,2020-21,1.07629,53.325
CT,202044,2020,10,2020-21,1.43492,53.325
CT,202045,2020,11,2020-21,1.29836,45.55
CT,202046,2020,11,2020-21,1.34264,45.55
CT,202047,2020,11,2020-21,1.2923,45.55
CT,202048,2020,11,2020-21,1.19934,45.55
CT,202049,2020,11,2020-21,1.42471,45.55
CT,202050,2020,12,2020-21,1.50344,33.75
CT,202051,2020,12,2020-21,1.11529,33.75
CT,202052,2020,12,2020-21,1.16131,33.75
CT,202053,2020,12,2020-21,0.987038,33.75
CT,202101,2021,1,2020-21,1.06793,29.3875
CT,202102,2021,1,2020-21,1.02049,29.3875
CT,202103,2021,1,2020-21,0.700385,29.3875
CT,202104,2021,1,2020-21,0.678323,29.3875
CT,202105,2021,1,2020-21,0.530589,29.3875
CT,202106,2021,2,2020-21,0.511167,28.725
CT,202107,2021,2,2020-21,0.459269,28.725
CT,202108,2021,2,2020-21,0.452641,28.725
CT,202109,2021,2,2020-21,0.472971,28.725
CT,202110,2021,3,2020-21,0.725599,39.425
CT,202111,2021,3,2020-21,0.619457,39.425
CT,202112,2021,3,2020-21,0.644659,39.425
CT,202113,2021,3,2020-21,0.574398,39.425
CT,202114,2021,4,2020-21,0.699552,48.7625
CT,202115,2021,4,2020-21,0.623616,48.7625
CT,202116,2021,4,2020-21,0.630006,48.7625
CT,202117,2021,4,2020-21,0.620818,48.7625
CT,202118,2021,5,2020-21,0.634098,57.8875
CT,202119,2021,5,2020-21,0.732169,57.8875
CT,202120,2021,5,2020-21,0.907927,57.8875
CT,202121,2021,5,,0.799842,57.8875
CT,202122,2021,5,,0.844346,57.8875
CT,202123,2021,6,,0.741621,69.275
CT,202124,2021,6,,0.901165,69.275
CT,202125,2021,6,,0.834309,69.275
CT,202126,2021,6,,0.742755,69.275
CT,202127,2021,7,,0.880235,71.1125
CT,202128,2021,7,,0.805708,71.1125
CT,202129,2021,7,,0.999641,71.1125
CT,202130,2021,7,,1.16424,71.1125
CT,202131,2021,8,,1.1726,72.8375
CT,202132,2021,8,,1.1873,72.8375
CT,202133,2021,8,,1.24733,72.8375
CT,202134,2021,8,,1.27553,72.8375
CT,202135,2021,8,,1.13567,72.8375
CT,202136,2021,9,,1.27285,65.275
CT,202137,2021,9,,1.45508,65.275
CT,202138,2021,9,,1.27961,65.275
CT,202139,2021,9,,1.49947,65.275
CT,202140,2021,10,2021-22,1.59334,56.8875
CT,202141,2021,10,2021-22,1.69796,56.8875
CT,202142,2021,10,2021-22,1.41355,56.8875
CT,202143,2021,10,2021-22,1.44405,56.8875
CT,202144,2021,10,2021-22,1.68757,56.8875
CT,202145,2021,11,2021-22,1.64615,41.15
CT,202146,2021,11,2021-22,1.64953,41.15
CT,202147,2021,11,2021-22,1.98943,41.15
CT,202148,2021,11,2021-22,2.33014,41.15
CT,202149,2021,12,2021-22,2.5608,37.175
CT,202150,2021,12,2021-22,2.53169,37.175
CT,202151,2021,12,2021-22,3.02239,37.175
CT,202152,2021,12,2021-22,4.17986,37.175
CT,202201,2022,1,2021-22,3.07214,24.45
CT,202202,2022,1,2021-22,2.02956,24.45
CT,202203,2022,1,2021-22,1.44726,24.45
CT,202204,2022,1,2021-22,0.996826,24.45
CT,202205,2022,1,2021-22,0.819448,24.45
CT,202206,2022,2,2021-22,0.704096,30.775
CT,202207,2022,2,2021-22,0.692697,30.775
CT,202208,2022,2,2021-22,0.848218,30.775
CT,202209,2022,2,2021-22,0.771601,30.775
CT,202210,2022,3,2021-22,1.09582,39.1
CT,202211,2022,3,2021-22,1.17435,39.1
CT,202212,2022,3,2021-22,1.19717,39.1
CT,202213,2022,3,2021-22,1.72178,39.1
CT,202214,2022,4,2021-22,1.76068,47.7375
CT,202215,2022,4,2021-22,1.99665,47.7375
CT,202216,2022,4,2021-22,1.86729,47.7375
CT,202217,2022,4,2021-22,1.96448,47.7375
CT,202218,2022,5,2021-22,2.39355,60.7125
CT,202219,2022,5,2021-22,2.32706,60.7125
CT,202220,2022,5,2021-22,2.11366,60.7125
CT,202221,2022,5,,1.7654,60.7125
CT,202222,2022,5,,1.71377,60.7125
CT,202223,2022,6,,1.52718,66.4
CT,202224,2022,6,,1.3977,66.4
CT,202225,2022,6,,1.48157,66.4
CT,202226,2022,6,,1.38061,66.4
CT,202227,2022,7,,1.20881,74.25
CT,202228,2022,7,,1.03949,74.25
CT,202229,2022,7,,1.13435,74.25
CT,202230,2022,7,,1.19154,74.25
CT,202231,2022,7,,1.29192,74.25
CT,202232,2022,8,,1.19152,74.5875
CT,202233,2022,8,,1.1457,74.5875
CT,202234,2022,8,,1.1417,74.5875
CT,202235,2022,8,,1.07331,74.5875
CT,202236,2022,9,,1.34696,63.7
CT,202237,2022,9,,1.6883,63.7
CT,202238,2022,9,,1.72177,63.7
CT,202239,2022,9,,1.83094,63.7
CT,202240,2022,10,2022-23,2.05072,52.5625
CT,202241,2022,10,2022-23,2.25469,52.5625
CT,202242,2022,10,2022-23,2.54442,52.5625
CT,202243,2022,10,2022-23,3.46733,52.5625
CT,202244,2022,10,2022-23,4.33738,52.5625
CT,202245,2022,11,2022-23,4.34486,45.3
CT,202246,2022,11,2022-23,4.67524,45.3
CT,202247,2022,11,2022-23,7.03994,45.3
CT,202248,2022,11,2022-23,8.25718,45.3
CT,202249,2022,12,2022-23,7.52155,33.6125
CT,202250,2022,12,2022-23,6.4247,33.6125
CT,202251,2022,12,2022-23,5.75337,33.6125
CT,202252,2022,12,2022-23,5.13445,33.6125
CT,202301,2023,1,2022-23,3.74509,37.2625
CT,202302,2023,1,2022-23,2.681,37.2625
CT,202303,2023,1,2022-23,2.16632,37.2625
CT,202304,2023,1,2022-23,2.07025,37.2625
CT,202305,2023,1,2022-23,2.01604,37.2625
CT,202306,2023,2,2022-23,1.87773,33.7625
CT,202307,2023,2,2022-23,2.01489,33.7625
CT,202308,2023,2,2022-23,1.98594,33.7625
CT,202309,2023,2,2022-23,1.81277,33.7625
CT,202310,2023,3,2022-23,1.77337,38.9625
CT,202311,2023,3,2022-23,1.85977,38.9625
CT,202312,2023,3,2022-23,1.83548,38.9625
CT,202313,2023,3,2022-23,1.78641,38.9625
CT,202314,2023,4,2022-23,1.64045,51.0625
CT,202315,2023,4,2022-23,1.66394,51.0625
CT,202316,2023,4,2022-23,1.35805,51.0625
CT,202317,2023,4,2022-23,1.34196,51.0625
CT,202318,2023,4,2022-23,1.41107,51.0625
CT,202319,2023,5,2022-23,1.31349,56.925
CT,202320,2023,5,2022-23,1.30393,56.925
CT,202321,2023,5,,1.16287,56.925
CT,202322,2023,5,,1.27753,56.925
CT,202323,2023,6,,0.998251,65.3875
CT,202324,2023,6,,1.05246,65.3875
CT,202325,2023,6,,0.91626,65.3875
CT,202326,2023,6,,0.888612,65.3875
CT,202327,2023,7,,0.795263,74.8
CT,202328,2023,7,,0.709152,74.8
CT,202329,2023,7,,0.780126,74.8
CT,202330,2023,7,,0.80193,74.8
CT,202331,2023,7,,0.845592,74.8
CT,202332,2023,8,,0.938955,69.5625
CT,202333,2023,8,,0.957383,69.5625
CT,202334,2023,8,,0.93236,69.5625
CT,202335,2023,8,,1.02527,69.5625
CT,202336,2023,9,,1.27562,65.175
CT,202337,2023,9,,1.37493,65.175
CT,202338,2023,9,,1.71513,65.175
CT,202339,2023,9,,1.69364,65.175
CT,202340,2023,10,2023-24,1.7989,56.1375
CT,202341,2023,10,2023-24,1.6177,56.1375
CT,202342,2023,10,2023-24,1.69583,56.1375
CT,202343,2023,10,2023-24,1.88214,56.1375
CT,202344,2023,10,2023-24,2.06798,56.1375
CT,202345,2023,11,2023-24,2.37309,39.7625
CT,202346,2023,11,2023-24,2.66253,39.7625
CT,202347,2023,11,2023-24,2.95687,39.7625
CT,202348,2023,11,2023-24,3.17254,39.7625
CT,202349,2023,12,2023-24,2.86087,38.625
CT,202350,2023,12,2023-24,3.36118,38.625
CT,202351,2023,12,2023-24,3.83017,38.625
CT,202352,2023,12,2023-24,4.99659,38.625
CT,202401,2023,12,2023-24,3.96393,38.625
CT,202402,2024,1,2023-24,3.3643,31.425
CT,202403,2024,1,2023-24,3.22261,31.425
CT,202404,2024,1,2023-24,3.07689,31.425
CT,202405,2024,1,2023-24,3.04252,31.425
CT,202406,2024,2,2023-24,3.06891,33.4625
CT,202407,2024,2,2023-24,3.01175,33.4625
CT,202408,2024,2,2023-24,2.94594,33.4625
CT,202409,2024,2,2023-24,2.89708,33.4625
CT,202410,2024,3,2023-24,2.97934,42.25
CT,202411,2024,3,2023-24,2.47014,42.25
CT,202412,2024,3,2023-24,2.14738,42.25
CT,202413,2024,3,2023-24,2.46686,42.25
CT,202414,2024,3,2023-24,2.28925,42.25
CT,202415,2024,4,2023-24,2.18151,48.2
CT,202416,2024,4,2023-24,1.86577,48.2
CT,202417,2024,4,2023-24,1.78571,48.2
CT,202418,2024,4,2023-24,1.50986,48.2
CT,202419,2024,5,2023-24,1.44802,60.8875
CT,202420,2024,5,2023-24,1.46545,60.8875
CT,202421,2024,5,,1.30123,60.8875
CT,202422,2024,5,,1.16842,60.8875
CT,202423,2024,6,,1.15064,69.75
CT,202424,2024,6,,1.10886,69.75
CT,202425,2024,6,,1.09593,69.75
CT,202426,2024,6,,0.903006,69.75
CT,202427,2024,6,,0.930091,69.75
CT,202428,2024,7,,0.936856,74.4125
CT,202429,2024,7,,1.03549,74.4125
CT,202430,2024,7,,1.12515,74.4125
CT,202431,2024,7,,1.11848,74.4125
CT,202432,2024,8,,1.14686,70.0875
CT,202433,2024,8,,1.19578,70.0875
CT,202434,2024,8,,1.23626,70.0875
CT,202435,2024,8,,1.31161,70.0875
CT,202436,2024,9,,1.38132,63.4625
CT,202437,2024,9,,1.63713,63.4625
CT,202438,2024,9,,2.00544,63.4625
CT,202439,2024,9,,1.70219,63.4625
CT,202440,2024,9,2024-25,1.88059,63.4625
CT,202441,2024,10,2024-25,1.90427,54.05
CT,202442,2024,10,2024-25,2.26611,54.05
CT,202443,2024,10,2024-25,2.30841,54.05
CT,202444,2024,10,2024-25,2.20031,54.05
CT,202445,2024,11,2024-25,2.25824,45.9375
CT,202446,2024,11,2024-25,2.34793,45.9375
CT,202447,2024,11,2024-25,2.4721,45.9375
CT,202448,2024,11,2024-25,2.61409,45.9375
CT,202449,2024,12,2024-25,2.60327,31.7875
CT,202450,2024,12,2024-25,2.77804,31.7875
CT,202451,2024,12,2024-25,3.24376,31.7875
CT,202452,2024,12,2024-25,3.9124,31.7875
CT,202501,2024,12,2024-25,4.71799,31.7875
CT,202502,2025,1,2024-25,4.64319,26.1875
CT,202503,2025,1,2024-25,5.07894,26.1875
CT,202504,2025,1,2024-25,5.84875,26.1875
CT,202505,2025,1,2024-25,6.41451,26.1875
CT,202506,2025,2,2024-25,6.8028,28.925
CT,202507,2025,2,2024-25,6.19063,28.925
CT,202508,2025,2,2024-25,5.00705,28.925
CT,202509,2025,2,2024-25,3.96984,28.925
CT,202510,2025,3,2024-25,3.73197,41.3375
CT,202511,2025,3,2024-25,3.53263,41.3375
CT,202512,2025,3,2024-25,3.14497,41.3375
CT,202513,2025,3,2024-25,2.88036,41.3375
CT,202514,2025,3,2024-25,2.67777,41.3375
CT,202515,2025,4,2024-25,2.38718,49.3625
CT,202516,2025,4,2024-25,2.24189,49.3625
CT,202517,2025,4,2024-25,1.70603,49.3625
CT,202518,2025,4,2024-25,1.55563,49.3625
CT,202519,2025,5,2024-25,1.45833,59.075
CT,202520,2025,5,2024-25,1.36653,59.075
CT,202521,2025,5,,1.3333,59.075
CT,202522,2025,5,,1.51743,59.075
CT,202523,2025,6,,1.26089,68.925
CT,202524,2025,6,,1.19888,68.925
CT,202525,2025,6,,1.18607,68.925
CT,202526,2025,6,,1.05013,68.925
CT,202527,2025,6,,0.876263,68.925
CT,202528,2025,7,,0.886891,75.1375
CT,202529,2025,7,,0.785039,75.1375
CT,202530,2025,7,,0.823417,75.1375
CT,202531,2025,7,,0.822415,75.1375
CT,202532,2025,8,,0.865569,68.5625
CT,202533,2025,8,,0.875985,68.5625
CT,202534,2025,8,,0.864985,68.5625
CT,202535,2025,8,,0.925347,68.5625
CT,202536,2025,8,,1.24687,68.5625
CT,202537,2025,9,,1.45929,64.3625
CT,202538,2025,9,,1.60197,64.3625
CT,202539,2025,9,,1.42087,64.3625
MA,201040,2010,10,2010-11,0.604621,52.42142857142857
MA,201041,2010,10,2010-11,0.887866,52.42142857142857
MA,201042,2010,10,2010-11,0.744806,52.42142857142857
MA,201043,2010,10,2010-11,0.783721,52.42142857142857
MA,201044,2010,10,2010-11,0.812421,52.42142857142857
MA,201045,2010,11,2010-11,0.732931,41.98571428571428
MA,201046,2010,11,2010-11,0.803486,41.98571428571428
MA,201047,2010,11,2010-11,0.958095,41.98571428571428
MA,201048,2010,11,2010-11,0.903185,41.98571428571428
MA,201049,2010,12,2010-11,0.96749,29.2
MA,201050,2010,12,2010-11,1.12005,29.2
MA,201051,2010,12,2010-11,1.30649,29.2
MA,201052,2010,12,2010-11,1.4601,29.2
MA,201101,2011,1,2010-11,1.17914,23.99285714285714
MA,201102,2011,1,2010-11,1.69167,23.99285714285714
MA,201103,2011,1,2010-11,1.52558,23.99285714285714
MA,201104,2011,1,2010-11,1.86385,23.99285714285714
MA,201105,2011,1,2010-11,2.37127,23.99285714285714
MA,201106,2011,2,2010-11,2.33142,27.057142857142857
MA,201107,2011,2,2010-11,2.65215,27.057142857142857
MA,201108,2011,2,2010-11,2.45628,27.057142857142857
MA,201109,2011,2,2010-11,1.93807,27.057142857142857
MA,201110,2011,3,2010-11,2.04345,36.23571428571429
MA,201111,2011,3,2010-11,1.7797,36.23571428571429
MA,201112,2011,3,2010-11,1.51078,36.23571428571429
MA,201113,2011,3,2010-11,1.5324,36.23571428571429
MA,201114,2011,4,2010-11,1.39126,47.91428571428571
MA,201115,2011,4,2010-11,1.28155,47.91428571428571
MA,201116,2011,4,2010-11,1.25237,47.91428571428571
MA,201117,2011,4,2010-11,0.991172,47.91428571428571
MA,201118,2011,5,2010-11,0.912764,58.25714285714286
MA,201119,2011,5,2010-11,0.750159,58.25714285714286
MA,201120,2011,5,2010-11,0.812329,58.25714285714286
MA,201121,2011,5,,0.954948,58.25714285714286
MA,201122,2011,5,,0.914855,58.25714285714286
MA,201123,2011,6,,0.875651,65.22142857142858
MA,201124,2011,6,,0.940344,65.22142857142858
MA,201125,2011,6,,0.814392,65.22142857142858
MA,201126,2011,6,,0.74462,65.22142857142858
MA,201127,2011,7,,0.771683,72.94285714285715
MA,201128,2011,7,,0.75144,72.94285714285715
MA,201129,2011,7,,0.742563,72.94285714285715
MA,201130,2011,7,,0.708665,72.94285714285715
MA,201131,2011,7,,0.651452,72.94285714285715
MA,201132,2011,8,,0.679427,70.31428571428572
MA,201133,2011,8,,0.607253,70.31428571428572
MA,201134,2011,8,,0.601852,70.31428571428572
MA,201135,2011,8,,0.620629,70.31428571428572
MA,201136,2011,9,,0.578256,65.35
MA,201137,2011,9,,0.637241,65.35
MA,201138,2011,9,,0.667404,65.35
MA,201139,2011,9,,0.837664,65.35
MA,201140,2011,10,2011-12,0.66041,53.66428571428571
MA,201141,2011,10,2011-12,1.1542,53.66428571428571
MA,201142,2011,10,2011-12,0.933121,53.66428571428571
MA,201143,2011,10,2011-12,1.02051,53.66428571428571
MA,201144,2011,10,2011-12,1.04637,53.66428571428571
MA,201145,2011,11,2011-12,1.00595,46.478571428571435
MA,201146,2011,11,2011-12,0.861159,46.478571428571435
MA,201147,2011,11,2011-12,1.0905,46.478571428571435
MA,201148,2011,11,2011-12,0.863095,46.478571428571435
MA,201149,2011,12,2011-12,0.834838,37.035714285714285
MA,201150,2011,12,2011-12,1.02838,37.035714285714285
MA,201151,2011,12,2011-12,1.28386,37.035714285714285
MA,201152,2011,12,2011-12,1.42879,37.035714285714285
MA,201201,2012,1,2011-12,1.21609,32.02142857142857
MA,201202,2012,1,2011-12,1.1987,32.02142857142857
MA,201203,2012,1,2011-12,1.26084,32.02142857142857
MA,201204,2012,1,2011-12,1.18723,32.02142857142857
MA,201205,2012,1,2011-12,1.14915,32.02142857142857
MA,201206,2012,2,2011-12,1.11612,34.621428571428574
MA,201207,2012,2,2011-12,1.13318,34.621428571428574
MA,201208,2012,2,2011-12,1.33153,34.621428571428574
MA,201209,2012,2,2011-12,1.07928,34.621428571428574
MA,201210,2012,3,2011-12,0.949091,44.33571428571429
MA,201211,2012,3,2011-12,1.14416,44.33571428571429
MA,201212,2012,3,2011-12,1.22723,44.33571428571429
MA,201213,2012,3,2011-12,0.727152,44.33571428571429
MA,201214,2012,4,2011-12,1.08321,49.26428571428572
MA,201215,2012,4,2011-12,1.04011,49.26428571428572
MA,201216,2012,4,2011-12,1.11602,49.26428571428572
MA,201217,2012,4,2011-12,0.858855,49.26428571428572
MA,201218,2012,4,2011-12,0.677064,49.26428571428572
MA,201219,2012,5,2011-12,0.845924,60.135714285714286
MA,201220,2012,5,2011-12,0.76155,60.135714285714286
MA,201221,2012,5,,0.787836,60.135714285714286
MA,201222,2012,5,,0.757944,60.135714285714286
MA,201223,2012,6,,0.665867,64.95
MA,201224,2012,6,,0.704399,64.95
MA,201225,2012,6,,0.714846,64.95
MA,201226,2012,6,,0.709729,64.95
MA,201227,2012,7,,0.810509,73.12857142857142
MA,201228,2012,7,,0.792868,73.12857142857142
MA,201229,2012,7,,0.730055,73.12857142857142
MA,201230,2012,7,,0.605759,73.12857142857142
MA,201231,2012,7,,0.666173,73.12857142857142
MA,201232,2012,8,,0.725729,71.96428571428571
MA,201233,2012,8,,0.666134,71.96428571428571
MA,201234,2012,8,,0.545568,71.96428571428571
MA,201235,2012,8,,0.604953,71.96428571428571
MA,201236,2012,9,,0.717645,62.535714285714285
MA,201237,2012,9,,0.756898,62.535714285714285
MA,201238,2012,9,,0.635544,62.535714285714285
MA,201239,2012,9,,0.660707,62.535714285714285
MA,201240,2012,9,2012-13,0.691073,62.535714285714285
MA,201241,2012,10,2012-13,0.721036,54.364285714285714
MA,201242,2012,10,2012-13,1.04728,54.364285714285714
MA,201243,2012,10,2012-13,0.700902,54.364285714285714
MA,201244,2012,10,2012-13,0.7902,54.364285714285714
MA,201245,2012,11,2012-13,0.657702,40.25714285714286
MA,201246,2012,11,2012-13,0.796016,40.25714285714286
MA,201247,2012,11,2012-13,1.04441,40.25714285714286
MA,201248,2012,11,2012-13,1.01617,40.25714285714286
MA,201249,2012,12,2012-13,1.61812,36.09285714285714
MA,201250,2012,12,2012-13,2.06913,36.09285714285714
MA,201251,2012,12,2012-13,3.07478,36.09285714285714
MA,201252,2012,12,2012-13,4.3606,36.09285714285714
MA,201301,2012,12,2012-13,3.0003,36.09285714285714
MA,201302,2013,1,2012-13,2.57992,28.814285714285713
MA,201303,2013,1,2012-13,2.37227,28.814285714285713
MA,201304,2013,1,2012-13,2.48898,28.814285714285713
MA,201305,2013,1,2012-13,2.06795,28.814285714285713
MA,201306,2013,2,2012-13,1.92758,29.542857142857144
MA,201307,2013,2,2012-13,1.66667,29.542857142857144
MA,201308,2013,2,2012-13,1.59041,29.542857142857144
MA,201309,2013,2,2012-13,1.30838,29.542857142857144
MA,201310,2013,3,2012-13,1.46923,35.871428571428574
MA,201311,2013,3,2012-13,1.40283,35.871428571428574
MA,201312,2013,3,2012-13,1.39068,35.871428571428574
MA,201313,2013,3,2012-13,1.46828,35.871428571428574
MA,201314,2013,3,2012-13,1.51658,35.871428571428574
MA,201315,2013,4,2012-13,1.57023,46.58571428571429
MA,201316,2013,4,2012-13,1.3764,46.58571428571429
MA,201317,2013,4,2012-13,0.870495,46.58571428571429
MA,201318,2013,4,2012-13,0.942834,46.58571428571429
MA,201319,2013,5,2012-13,0.908136,57.65714285714286
MA,201320,2013,5,2012-13,0.783969,57.65714285714286
MA,201321,2013,5,,0.610074,57.65714285714286
MA,201322,2013,5,,0.673816,57.65714285714286
MA,201323,2013,6,,0.513891,67.0
MA,201324,2013,6,,0.688924,67.0
MA,201325,2013,6,,0.585076,67.0
MA,201326,2013,6,,0.602236,67.0
MA,201327,2013,6,,0.602604,67.0
MA,201328,2013,7,,0.521329,75.13571428571429
MA,201329,2013,7,,0.603887,75.13571428571429
MA,201330,2013,7,,0.447231,75.13571428571429
MA,201331,2013,7,,0.481348,75.13571428571429
MA,201332,2013,8,,0.585331,68.52142857142857
MA,201333,2013,8,,0.44635,68.52142857142857
MA,201334,2013,8,,0.525904,68.52142857142857
MA,201335,2013,8,,0.37996,68.52142857142857
MA,201336,2013,9,,0.256022,61.48571428571428
MA,201337,2013,9,,0.431389,61.48571428571428
MA,201338,2013,9,,0.532184,61.48571428571428
MA,201339,2013,9,,0.495255,61.48571428571428
MA,201340,2013,9,2013-14,0.621216,61.48571428571428
MA,201341,2013,10,2013-14,0.702243,52.75714285714286
MA,201342,2013,10,2013-14,0.838235,52.75714285714286
MA,201343,2013,10,2013-14,0.714331,52.75714285714286
MA,201344,2013,10,2013-14,0.752864,52.75714285714286
MA,201345,2013,11,2013-14,0.792602,40.00714285714286
MA,201346,2013,11,2013-14,0.858244,40.00714285714286
MA,201347,2013,11,2013-14,0.808617,40.00714285714286
MA,201348,2013,11,2013-14,1.04882,40.00714285714286
MA,201349,2013,12,2013-14,0.840584,30.985714285714288
MA,201350,2013,12,2013-14,1.24387,30.985714285714288
MA,201351,2013,12,2013-14,1.3106,30.985714285714288
MA,201352,2013,12,2013-14,1.87773,30.985714285714288
MA,201401,2013,12,2013-14,1.93805,30.985714285714288
MA,201402,2014,1,2013-14,1.33203,24.564285714285713
MA,201403,2014,1,2013-14,1.82443,24.564285714285713
MA,201404,2014,1,2013-14,1.74202,24.564285714285713
MA,201405,2014,1,2013-14,1.58231,24.564285714285713
MA,201406,2014,2,2013-14,1.99802,25.657142857142855
MA,201407,2014,2,2013-14,1.65155,25.657142857142855
MA,201408,2014,2,2013-14,1.45711,25.657142857142855
MA,201409,2014,2,2013-14,1.2469,25.657142857142855
MA,201410,2014,3,2013-14,1.3024,30.285714285714285
MA,201411,2014,3,2013-14,1.27717,30.285714285714285
MA,201412,2014,3,2013-14,1.50866,30.285714285714285
MA,201413,2014,3,2013-14,1.37952,30.285714285714285
MA,201414,2014,3,2013-14,1.68397,30.285714285714285
MA,201415,2014,4,2013-14,1.89628,46.142857142857146
MA,201416,2014,4,2013-14,1.54012,46.142857142857146
MA,201417,2014,4,2013-14,1.39503,46.142857142857146
MA,201418,2014,4,2013-14,1.01512,46.142857142857146
MA,201419,2014,5,2013-14,1.07308,57.271428571428565
MA,201420,2014,5,2013-14,1.00655,57.271428571428565
MA,201421,2014,5,,0.749749,57.271428571428565
MA,201422,2014,5,,0.708627,57.271428571428565
MA,201423,2014,6,,0.757277,65.76428571428572
MA,201424,2014,6,,0.717355,65.76428571428572
MA,201425,2014,6,,0.662935,65.76428571428572
MA,201426,2014,6,,0.778862,65.76428571428572
MA,201427,2014,6,,0.84533,65.76428571428572
MA,201428,2014,7,,0.603396,71.40714285714286
MA,201429,2014,7,,0.601338,71.40714285714286
MA,201430,2014,7,,0.579598,71.40714285714286
MA,201431,2014,7,,0.481064,71.40714285714286
MA,201432,2014,8,,0.500134,67.55
MA,201433,2014,8,,0.552634,67.55
MA,201434,2014,8,,0.468604,67.55
MA,201435,2014,8,,0.489302,67.55
MA,201436,2014,8,,0.612085,67.55
MA,201437,2014,9,,0.575474,63.07142857142857
MA,201438,2014,9,,0.564925,63.07142857142857
MA,201439,2014,9,,0.664808,63.07142857142857
MA,201440,2014,9,2014-15,0.618429,63.07142857142857
MA,201441,2014,10,2014-15,0.706026,54.17857142857143
MA,201442,2014,10,2014-15,0.784763,54.17857142857143
MA,201443,2014,10,2014-15,0.605295,54.17857142857143
MA,201444,2014,10,2014-15,0.740407,54.17857142857143
MA,201445,2014,11,2014-15,0.943831,40.0
MA,201446,2014,11,2014-15,0.881402,40.0
MA,201447,2014,11,2014-15,0.938086,40.0
MA,201448,2014,11,2014-15,1.09112,40.0
MA,201449,2014,11,2014-15,1.00662,40.0
MA,201450,2014,12,2014-15,1.26052,36.207142857142856
MA,201451,2014,12,2014-15,1.43959,36.207142857142856
MA,201452,2014,12,2014-15,2.27933,36.207142857142856
MA,201453,2014,12,2014-15,2.01187,36.207142857142856
MA,201501,2015,1,2014-15,1.76238,23.57857142857143
MA,201502,2015,1,2014-15,2.46778,23.57857142857143
MA,201503,2015,1,2014-15,3.55623,23.57857142857143
MA,201504,2015,1,2014-15,2.97916,23.57857142857143
MA,201505,2015,2,2014-15,2.45614,16.435714285714287
MA,201506,2015,2,2014-15,2.16851,16.435714285714287
MA,201507,2015,2,2014-15,1.5576,16.435714285714287
MA,201508,2015,2,2014-15,1.13747,16.435714285714287
MA,201509,2015,3,2014-15,1.45583,30.27857142857143
MA,201510,2015,3,2014-15,1.50027,30.27857142857143
MA,201511,2015,3,2014-15,1.50587,30.27857142857143
MA,201512,2015,3,2014-15,1.56529,30.27857142857143
MA,201513,2015,3,2014-15,1.52827,30.27857142857143
MA,201514,2015,4,2014-15,1.37273,45.85
MA,201515,2015,4,2014-15,1.47236,45.85
MA,201516,2015,4,2014-15,1.32892,45.85
MA,201517,2015,4,2014-15,0.94502,45.85
MA,201518,2015,5,2014-15,0.948982,61.378571428571426
MA,201519,2015,5,2014-15,0.744121,61.378571428571426
MA,201520,2015,5,2014-15,0.757729,61.378571428571426
MA,201521,2015,5,,0.919678,61.378571428571426
MA,201522,2015,5,,0.730572,61.378571428571426
MA,201523,2015,6,,0.869925,63.542857142857144
MA,201524,2015,6,,0.695212,63.542857142857144
MA,201525,2015,6,,0.739986,63.542857142857144
MA,201526,2015,6,,0.810289,63.542857142857144
MA,201527,2015,7,,0.639635,71.27857142857142
MA,201528,2015,7,,0.578848,71.27857142857142
MA,201529,2015,7,,0.618067,71.27857142857142
MA,201530,2015,7,,0.60925,71.27857142857142
MA,201531,2015,8,,0.575323,71.77142857142857
MA,201532,2015,8,,0.582876,71.77142857142857
MA,201533,2015,8,,0.563607,71.77142857142857
MA,201534,2015,8,,0.666414,71.77142857142857
MA,201535,2015,8,,0.528587,71.77142857142857
MA,201536,2015,9,,0.662703,66.74285714285715
MA,201537,2015,9,,0.681726,66.74285714285715
MA,201538,2015,9,,0.629266,66.74285714285715
MA,201539,2015,9,,0.407127,66.74285714285715
MA,201540,2015,10,2015-16,0.790429,51.1
MA,201541,2015,10,2015-16,0.643767,51.1
MA,201542,2015,10,2015-16,0.733375,51.1
MA,201543,2015,10,2015-16,0.589921,51.1
MA,201544,2015,11,2015-16,0.667916,45.728571428571435
MA,201545,2015,11,2015-16,0.672289,45.728571428571435
MA,201546,2015,11,2015-16,0.645367,45.728571428571435
MA,201547,2015,11,2015-16,0.869205,45.728571428571435
MA,201548,2015,11,2015-16,0.793021,45.728571428571435
MA,201549,2015,12,2015-16,0.811212,43.01428571428572
MA,201550,2015,12,2015-16,0.791949,43.01428571428572
MA,201551,2015,12,2015-16,1.31384,43.01428571428572
MA,201552,2015,12,2015-16,1.24224,43.01428571428572
MA,201601,2016,1,2015-16,1.03824,29.857142857142858
MA,201602,2016,1,2015-16,1.09204,29.857142857142858
MA,201603,2016,1,2015-16,1.25813,29.857142857142858
MA,201604,2016,1,2015-16,1.43077,29.857142857142858
MA,201605,2016,1,2015-16,1.61123,29.857142857142858
MA,201606,2016,2,2015-16,1.49574,32.02142857142857
MA,201607,2016,2,2015-16,1.57182,32.02142857142857
MA,201608,2016,2,2015-16,1.57617,32.02142857142857
MA,201609,2016,2,2015-16,1.75215,32.02142857142857
MA,201610,2016,3,2015-16,2.58081,41.457142857142856
MA,201611,2016,3,2015-16,2.22927,41.457142857142856
MA,201612,2016,3,2015-16,1.9326,41.457142857142856
MA,201613,2016,3,2015-16,1.92072,41.457142857142856
MA,201614,2016,4,2015-16,1.53833,45.285714285714285
MA,201615,2016,4,2015-16,1.36795,45.285714285714285
MA,201616,2016,4,2015-16,1.57377,45.285714285714285
MA,201617,2016,4,2015-16,0.997163,45.285714285714285
MA,201618,2016,5,2015-16,0.958786,57.128571428571426
MA,201619,2016,5,2015-16,0.834063,57.128571428571426
MA,201620,2016,5,2015-16,0.807351,57.128571428571426
MA,201621,2016,5,,0.835339,57.128571428571426
MA,201622,2016,5,,0.582216,57.128571428571426
MA,201623,2016,6,,0.837011,66.07142857142857
MA,201624,2016,6,,0.580504,66.07142857142857
MA,201625,2016,6,,0.494651,66.07142857142857
MA,201626,2016,6,,0.454519,66.07142857142857
MA,201627,2016,7,,0.488679,72.88571428571429
MA,201628,2016,7,,0.426677,72.88571428571429
MA,201629,2016,7,,0.427722,72.88571428571429
MA,201630,2016,7,,0.414841,72.88571428571429
MA,201631,2016,7,,0.389268,72.88571428571429
MA,201632,2016,8,,0.333677,72.99285714285715
MA,201633,2016,8,,0.465679,72.99285714285715
MA,201634,2016,8,,0.406466,72.99285714285715
MA,201635,2016,8,,0.356064,72.99285714285715
MA,201636,2016,9,,0.477624,65.27142857142857
MA,201637,2016,9,,0.565901,65.27142857142857
MA,201638,2016,9,,0.587343,65.27142857142857
MA,201639,2016,9,,0.487732,65.27142857142857
MA,201640,2016,10,2016-17,0.61873,53.207142857142856
MA,201641,2016,10,2016-17,0.538175,53.207142857142856
MA,201642,2016,10,2016-17,0.677688,53.207142857142856
MA,201643,2016,10,2016-17,0.630021,53.207142857142856
MA,201644,2016,10,2016-17,0.767178,53.207142857142856
MA,201645,2016,11,2016-17,0.679392,43.31428571428571
MA,201646,2016,11,2016-17,0.807039,43.31428571428571
MA,201647,2016,11,2016-17,0.847225,43.31428571428571
MA,201648,2016,11,2016-17,0.691585,43.31428571428571
MA,201649,2016,12,2016-17,0.871126,32.49285714285715
MA,201650,2016,12,2016-17,1.01981,32.49285714285715
MA,201651,2016,12,2016-17,1.1781,32.49285714285715
MA,201652,2016,12,2016-17,1.55035,32.49285714285715
MA,201701,2017,1,2016-17,1.34451,32.74285714285714
MA,201702,2017,1,2016-17,1.32576,32.74285714285714
MA,201703,2017,1,2016-17,1.51277,32.74285714285714
MA,201704,2017,1,2016-17,1.79816,32.74285714285714
MA,201705,2017,1,2016-17,2.23652,32.74285714285714
MA,201706,2017,2,2016-17,2.73075,34.114285714285714
MA,201707,2017,2,2016-17,2.4473,34.114285714285714
MA,201708,2017,2,2016-17,2.53476,34.114285714285714
MA,201709,2017,2,2016-17,1.63971,34.114285714285714
MA,201710,2017,3,2016-17,1.67908,32.4
MA,201711,2017,3,2016-17,1.78344,32.4
MA,201712,2017,3,2016-17,1.82552,32.4
MA,201713,2017,3,2016-17,2.02522,32.4
MA,201714,2017,4,2016-17,2.10917,50.285714285714285
MA,201715,2017,4,2016-17,1.72087,50.285714285714285
MA,201716,2017,4,2016-17,1.27052,50.285714285714285
MA,201717,2017,4,2016-17,0.896083,50.285714285714285
MA,201718,2017,4,2016-17,0.704576,50.285714285714285
MA,201719,2017,5,2016-17,0.754067,55.26428571428572
MA,201720,2017,5,2016-17,0.820463,55.26428571428572
MA,201721,2017,5,,0.677286,55.26428571428572
MA,201722,2017,5,,0.757756,55.26428571428572
MA,201723,2017,6,,0.667514,65.93571428571428
MA,201724,2017,6,,0.708397,65.93571428571428
MA,201725,2017,6,,0.618827,65.93571428571428
MA,201726,2017,6,,0.430416,65.93571428571428
MA,201727,2017,7,,0.569418,70.29285714285714
MA,201728,2017,7,,0.493396,70.29285714285714
MA,201729,2017,7,,0.4176,70.29285714285714
MA,201730,2017,7,,0.374721,70.29285714285714
MA,201731,2017,7,,0.443732,70.29285714285714
MA,201732,2017,8,,0.462233,68.5
MA,201733,2017,8,,0.479541,68.5
MA,201734,2017,8,,0.446002,68.5
MA,201735,2017,8,,0.395121,68.5
MA,201736,2017,9,,0.416378,65.45714285714286
MA,201737,2017,9,,0.555258,65.45714285714286
MA,201738,2017,9,,0.557541,65.45714285714286
MA,201739,2017,9,,0.531195,65.45714285714286
MA,201740,2017,10,2017-18,0.68067,58.25714285714286
MA,201741,2017,10,2017-18,0.891701,58.25714285714286
MA,201742,2017,10,2017-18,0.807923,58.25714285714286
MA,201743,2017,10,2017-18,0.9611,58.25714285714286
MA,201744,2017,10,2017-18,0.995875,58.25714285714286
MA,201745,2017,11,2017-18,1.20766,41.55714285714286
MA,201746,2017,11,2017-18,1.27454,41.55714285714286
MA,201747,2017,11,2017-18,1.66174,41.55714285714286
MA,201748,2017,11,2017-18,1.39196,41.55714285714286
MA,201749,2017,12,2017-18,1.51453,28.099999999999998
MA,201750,2017,12,2017-18,1.72312,28.099999999999998
MA,201751,2017,12,2017-18,2.10554,28.099999999999998
MA,201752,2017,12,2017-18,3.11497,28.099999999999998
MA,201801,2017,12,2017-18,2.86885,28.099999999999998
MA,201802,2018,1,2017-18,2.29335,25.87857142857143
MA,201803,2018,1,2017-18,3.16612,25.87857142857143
MA,201804,2018,1,2017-18,3.89597,25.87857142857143
MA,201805,2018,1,2017-18,5.48851,25.87857142857143
MA,201806,2018,2,2017-18,5.42233,35.392857142857146
MA,201807,2018,2,2017-18,5.06878,35.392857142857146
MA,201808,2018,2,2017-18,4.61404,35.392857142857146
MA,201809,2018,2,2017-18,3.00361,35.392857142857146
MA,201810,2018,3,2017-18,2.39857,35.607142857142854
MA,201811,2018,3,2017-18,2.31978,35.607142857142854
MA,201812,2018,3,2017-18,1.75298,35.607142857142854
MA,201813,2018,3,2017-18,1.82193,35.607142857142854
MA,201814,2018,4,2017-18,1.92668,42.871428571428574
MA,201815,2018,4,2017-18,1.84517,42.871428571428574
MA,201816,2018,4,2017-18,1.65541,42.871428571428574
MA,201817,2018,4,2017-18,1.30076,42.871428571428574
MA,201818,2018,4,2017-18,1.20893,42.871428571428574
MA,201819,2018,5,2017-18,1.05451,60.43571428571429
MA,201820,2018,5,2017-18,1.01591,60.43571428571429
MA,201821,2018,5,,1.07181,60.43571428571429
MA,201822,2018,5,,0.89777,60.43571428571429
MA,201823,2018,6,,0.685467,64.79285714285714
MA,201824,2018,6,,0.650836,64.79285714285714
MA,201825,2018,6,,0.695557,64.79285714285714
MA,201826,2018,6,,0.719451,64.79285714285714
MA,201827,2018,7,,0.703415,73.16428571428571
MA,201828,2018,7,,0.802852,73.16428571428571
MA,201829,2018,7,,0.657088,73.16428571428571
MA,201830,2018,7,,0.667453,73.16428571428571
MA,201831,2018,7,,0.564083,73.16428571428571
MA,201832,2018,8,,0.655524,73.92142857142858
MA,201833,2018,8,,0.689191,73.92142857142858
MA,201834,2018,8,,0.71071,73.92142857142858
MA,201835,2018,8,,0.717829,73.92142857142858
MA,201836,2018,9,,0.862194,65.62142857142858
MA,201837,2018,9,,0.92219,65.62142857142858
MA,201838,2018,9,,1.00915,65.62142857142858
MA,201839,2018,9,,1.0465,65.62142857142858
MA,201840,2018,9,2018-19,1.00768,65.62142857142858
MA,201841,2018,10,2018-19,1.16488,51.114285714285714
MA,201842,2018,10,2018-19,1.27304,51.114285714285714
MA,201843,2018,10,2018-19,1.14343,51.114285714285714
MA,201844,2018,10,2018-19,1.11881,51.114285714285714
MA,201845,2018,11,2018-19,1.2139,39.207142857142856
MA,201846,2018,11,2018-19,1.1907,39.207142857142856
MA,201847,2018,11,2018-19,1.63042,39.207142857142856
MA,201848,2018,11,2018-19,1.39094,39.207142857142856
MA,201849,2018,12,2018-19,1.50652,33.23571428571429
MA,201850,2018,12,2018-19,1.68937,33.23571428571429
MA,201851,2018,12,2018-19,2.26225,33.23571428571429
MA,201852,2018,12,2018-19,3.31652,33.23571428571429
MA,201901,2018,12,2018-19,3.20163,33.23571428571429
MA,201902,2019,1,2018-19,2.9033,27.335714285714285
MA,201903,2019,1,2018-19,3.03269,27.335714285714285
MA,201904,2019,1,2018-19,3.16343,27.335714285714285
MA,201905,2019,1,2018-19,3.20346,27.335714285714285
MA,201906,2019,2,2018-19,3.47899,29.614285714285717
MA,201907,2019,2,2018-19,2.92797,29.614285714285717
MA,201908,2019,2,2018-19,3.20875,29.614285714285717
MA,201909,2019,2,2018-19,2.44278,29.614285714285717
MA,201910,2019,3,2018-19,2.32792,34.464285714285715
MA,201911,2019,3,2018-19,2.40205,34.464285714285715
MA,201912,2019,3,2018-19,2.23867,34.464285714285715
MA,201913,2019,3,2018-19,2.37729,34.464285714285715
MA,201914,2019,3,2018-19,2.31118,34.464285714285715
MA,201915,2019,4,2018-19,2.18194,48.00714285714286
MA,201916,2019,4,2018-19,1.91586,48.00714285714286
MA,201917,2019,4,2018-19,1.40275,48.00714285714286
MA,201918,2019,4,2018-19,1.32288,48.00714285714286
MA,201919,2019,5,2018-19,1.11937,55.135714285714286
MA,201920,2019,5,2018-19,1.2373,55.135714285714286
MA,201921,2019,5,,1.09884,55.135714285714286
MA,201922,2019,5,,1.34337,55.135714285714286
MA,201923,2019,6,,1.00537,65.46428571428571
MA,201924,2019,6,,0.858033,65.46428571428571
MA,201925,2019,6,,0.825837,65.46428571428571
MA,201926,2019,6,,0.839302,65.46428571428571
MA,201927,2019,6,,0.774005,65.46428571428571
MA,201928,2019,7,,0.636237,73.95714285714287
MA,201929,2019,7,,0.671475,73.95714285714287
MA,201930,2019,7,,0.583388,73.95714285714287
MA,201931,2019,7,,0.578544,73.95714285714287
MA,201932,2019,8,,0.628001,70.31428571428572
MA,201933,2019,8,,0.529734,70.31428571428572
MA,201934,2019,8,,0.593704,70.31428571428572
MA,201935,2019,8,,0.704496,70.31428571428572
MA,201936,2019,9,,0.782638,62.65714285714285
MA,201937,2019,9,,0.816449,62.65714285714285
MA,201938,2019,9,,0.909492,62.65714285714285
MA,201939,2019,9,,0.993745,62.65714285714285
MA,201940,2019,9,2019-20,0.934375,62.65714285714285
MA,201941,2019,10,2019-20,1.0167,53.32142857142857
MA,201942,2019,10,2019-20,1.05407,53.32142857142857
MA,201943,2019,10,2019-20,0.989778,53.32142857142857
MA,201944,2019,10,2019-20,1.06684,53.32142857142857
MA,201945,2019,11,2019-20,1.22268,38.75714285714286
MA,201946,2019,11,2019-20,1.46429,38.75714285714286
MA,201947,2019,11,2019-20,1.4374,38.75714285714286
MA,201948,2019,11,2019-20,1.91389,38.75714285714286
MA,201949,2019,12,2019-20,1.88156,32.05714285714286
MA,201950,2019,12,2019-20,1.78126,32.05714285714286
MA,201951,2019,12,2019-20,2.35203,32.05714285714286
MA,201952,2019,12,2019-20,3.58007,32.05714285714286
MA,202001,2019,12,2019-20,3.92322,32.05714285714286
MA,202002,2020,1,2019-20,3.3674,33.15
MA,202003,2020,1,2019-20,4.15404,33.15
MA,202004,2020,1,2019-20,5.0205,33.15
MA,202005,2020,1,2019-20,5.54626,33.15
MA,202006,2020,2,2019-20,6.26648,33.65
MA,202007,2020,2,2019-20,5.26225,33.65
MA,202008,2020,2,2019-20,4.7437,33.65
MA,202009,2020,2,2019-20,3.6177,33.65
MA,202010,2020,3,2019-20,3.53062,40.778571428571425
MA,202011,2020,3,2019-20,4.59862,40.778571428571425
MA,202012,2020,3,2019-20,6.61412,40.778571428571425
MA,202013,2020,3,2019-20,5.48371,40.778571428571425
MA,202014,2020,3,2019-20,5.15334,40.778571428571425
MA,202015,2020,4,2019-20,4.29839,43.392857142857146
MA,202016,2020,4,2019-20,3.72026,43.392857142857146
MA,202017,2020,4,2019-20,2.90564,43.392857142857146
MA,202018,2020,4,2019-20,2.41168,43.392857142857146
MA,202019,2020,5,2019-20,1.92216,56.050000000000004
MA,202020,2020,5,2019-20,1.72892,56.050000000000004
MA,202021,2020,5,,1.28336,56.050000000000004
MA,202022,2020,5,,1.00107,56.050000000000004
MA,202023,2020,5,,0.971116,56.050000000000004
MA,202024,2020,6,,0.826264,67.52142857142857
MA,202025,2020,6,,0.705581,67.52142857142857
MA,202026,2020,6,,0.726951,67.52142857142857
MA,202027,2020,6,,0.606551,67.52142857142857
MA,202028,2020,7,,0.626838,74.45714285714287
MA,202029,2020,7,,0.61946,74.45714285714287
MA,202030,2020,7,,0.557166,74.45714285714287
MA,202031,2020,7,,0.650521,74.45714285714287
MA,202032,2020,8,,0.659858,72.27142857142857
MA,202033,2020,8,,0.777437,72.27142857142857
MA,202034,2020,8,,0.759364,72.27142857142857
MA,202035,2020,8,,0.696873,72.27142857142857
MA,202036,2020,8,,0.691485,72.27142857142857
MA,202037,2020,9,,0.725985,63.528571428571425
MA,202038,2020,9,,0.711484,63.528571428571425
MA,202039,2020,9,,0.715325,63.528571428571425
MA,202040,2020,9,2020-21,0.661963,63.528571428571425
MA,202041,2020,10,2020-21,0.739848,53.385714285714286
MA,202042,2020,10,2020-21,0.608448,53.385714285714286
MA,202043,2020,10,2020-21,0.669414,53.385714285714286
MA,202044,2020,10,2020-21,0.788989,53.385714285714286
MA,202045,2020,11,2020-21,0.955625,45.93571428571429
MA,202046,2020,11,2020-21,0.96886,45.93571428571429
MA,202047,2020,11,2020-21,0.974493,45.93571428571429
MA,202048,2020,11,2020-21,1.178,45.93571428571429
MA,202049,2020,11,2020-21,1.09717,45.93571428571429
MA,202050,2020,12,2020-21,1.04216,34.48571428571429
MA,202051,2020,12,2020-21,1.05308,34.48571428571429
MA,202052,2020,12,2020-21,1.098,34.48571428571429
MA,202053,2020,12,2020-21,1.09182,34.48571428571429
MA,202101,2021,1,2020-21,0.991023,29.97142857142857
MA,202102,2021,1,2020-21,0.772562,29.97142857142857
MA,202103,2021,1,2020-21,0.75212,29.97142857142857
MA,202104,2021,1,2020-21,0.74451,29.97142857142857
MA,202105,2021,1,2020-21,0.56494,29.97142857142857
MA,202106,2021,2,2020-21,0.525871,28.95
MA,202107,2021,2,2020-21,0.510005,28.95
MA,202108,2021,2,2020-21,0.460251,28.95
MA,202109,2021,2,2020-21,0.503864,28.95
MA,202110,2021,3,2020-21,0.546581,38.83571428571429
MA,202111,2021,3,2020-21,0.532256,38.83571428571429
MA,202112,2021,3,2020-21,0.540346,38.83571428571429
MA,202113,2021,3,2020-21,0.611114,38.83571428571429
MA,202114,2021,4,2020-21,0.633889,47.82142857142857
MA,202115,2021,4,2020-21,0.544362,47.82142857142857
MA,202116,2021,4,2020-21,0.524562,47.82142857142857
MA,202117,2021,4,2020-21,0.510864,47.82142857142857
MA,202118,2021,5,2020-21,0.537107,57.521428571428565
MA,202119,2021,5,2020-21,0.590751,57.521428571428565
MA,202120,2021,5,2020-21,0.603959,57.521428571428565
MA,202121,2021,5,,0.587954,57.521428571428565
MA,202122,2021,5,,0.715868,57.521428571428565
MA,202123,2021,6,,0.69532,69.1
MA,202124,2021,6,,0.77861,69.1
MA,202125,2021,6,,0.793913,69.1
MA,202126,2021,6,,0.723231,69.1
MA,202127,2021,7,,0.855239,70.01428571428572
MA,202128,2021,7,,0.786909,70.01428571428572
MA,202129,2021,7,,0.851023,70.01428571428572
MA,202130,2021,7,,0.986784,70.01428571428572
MA,202131,2021,8,,1.04275,73.02142857142857
MA,202132,2021,8,,1.03854,73.02142857142857
MA,202133,2021,8,,1.03048,73.02142857142857
MA,202134,2021,8,,1.01277,73.02142857142857
MA,202135,2021,8,,1.02415,73.02142857142857
MA,202136,2021,9,,1.23445,65.57857142857144
MA,202137,2021,9,,1.17043,65.57857142857144
MA,202138,2021,9,,1.2885,65.57857142857144
MA,202139,2021,9,,1.36196,65.57857142857144
MA,202140,2021,10,2021-22,1.26833,57.128571428571426
MA,202141,2021,10,2021-22,1.21124,57.128571428571426
MA,202142,2021,10,2021-22,1.11751,57.128571428571426
MA,202143,2021,10,2021-22,1.08467,57.128571428571426
MA,202144,2021,10,2021-22,1.20192,57.128571428571426
MA,202145,2021,11,2021-22,1.42089,41.792857142857144
MA,202146,2021,11,2021-22,1.56633,41.792857142857144
MA,202147,2021,11,2021-22,2.00593,41.792857142857144
MA,202148,2021,11,2021-22,2.53869,41.792857142857144
MA,202149,2021,12,2021-22,2.86691,37.16428571428571
MA,202150,2021,12,2021-22,2.81543,37.16428571428571
MA,202151,2021,12,2021-22,3.46429,37.16428571428571
MA,202152,2021,12,2021-22,4.39349,37.16428571428571
MA,202201,2022,1,2021-22,3.19645,25.2
MA,202202,2022,1,2021-22,1.94832,25.2
MA,202203,2022,1,2021-22,1.2028,25.2
MA,202204,2022,1,2021-22,0.833849,25.2
MA,202205,2022,1,2021-22,0.741368,25.2
MA,202206,2022,2,2021-22,0.528629,31.142857142857142
MA,202207,2022,2,2021-22,0.501902,31.142857142857142
MA,202208,2022,2,2021-22,0.633875,31.142857142857142
MA,202209,2022,2,2021-22,0.626887,31.142857142857142
MA,202210,2022,3,2021-22,1.01285,39.035714285714285
MA,202211,2022,3,2021-22,1.20161,39.035714285714285
MA,202212,2022,3,2021-22,1.54148,39.035714285714285
MA,202213,2022,3,2021-22,2.11857,39.035714285714285
MA,202214,2022,4,2021-22,2.8313,47.57857142857143
MA,202215,2022,4,2021-22,3.43025,47.57857142857143
MA,202216,2022,4,2021-22,3.30314,47.57857142857143
MA,202217,2022,4,2021-22,2.82196,47.57857142857143
MA,202218,2022,5,2021-22,3.25249,59.478571428571435
MA,202219,2022,5,2021-22,3.36681,59.478571428571435
MA,202220,2022,5,2021-22,2.61867,59.478571428571435
MA,202221,2022,5,,2.04799,59.478571428571435
MA,202222,2022,5,,1.61708,59.478571428571435
MA,202223,2022,6,,1.33848,65.60714285714286
MA,202224,2022,6,,1.20256,65.60714285714286
MA,202225,2022,6,,1.0713,65.60714285714286
MA,202226,2022,6,,1.00039,65.60714285714286
MA,202227,2022,7,,0.981253,73.76428571428572
MA,202228,2022,7,,0.75175,73.76428571428572
MA,202229,2022,7,,0.814192,73.76428571428572
MA,202230,2022,7,,0.81028,73.76428571428572
MA,202231,2022,7,,0.771434,73.76428571428572
MA,202232,2022,8,,0.800972,74.20714285714287
MA,202233,2022,8,,0.816388,74.20714285714287
MA,202234,2022,8,,0.819288,74.20714285714287
MA,202235,2022,8,,0.769004,74.20714285714287
MA,202236,2022,9,,0.914233,63.26428571428572
MA,202237,2022,9,,1.12976,63.26428571428572
MA,202238,2022,9,,1.23265,63.26428571428572
MA,202239,2022,9,,1.39094,63.26428571428572
MA,202240,2022,10,2022-23,1.5803,53.550000000000004
MA,202241,2022,10,2022-23,1.72671,53.550000000000004
MA,202242,2022,10,2022-23,1.68775,53.550000000000004
MA,202243,2022,10,2022-23,2.07313,53.550000000000004
MA,202244,2022,10,2022-23,2.64377,53.550000000000004
MA,202245,2022,11,2022-23,2.65212,45.92857142857143
MA,202246,2022,11,2022-23,2.77051,45.92857142857143
MA,202247,2022,11,2022-23,4.58742,45.92857142857143
MA,202248,2022,11,2022-23,6.31883,45.92857142857143
MA,202249,2022,12,2022-23,7.89965,34.464285714285715
MA,202250,2022,12,2022-23,8.72322,34.464285714285715
MA,202251,2022,12,2022-23,8.89624,34.464285714285715
MA,202252,2022,12,2022-23,7.95073,34.464285714285715
MA,202301,2023,1,2022-23,4.71774,36.40714285714286
MA,202302,2023,1,2022-23,2.75916,36.40714285714286
MA,202303,2023,1,2022-23,2.12983,36.40714285714286
MA,202304,2023,1,2022-23,1.90216,36.40714285714286
MA,202305,2023,1,2022-23,1.70274,36.40714285714286
MA,202306,2023,2,2022-23,1.72143,33.135714285714286
MA,202307,2023,2,2022-23,1.86398,33.135714285714286
MA,202308,2023,2,2022-23,1.64238,33.135714285714286
MA,202309,2023,2,2022-23,1.44468,33.135714285714286
MA,202310,2023,3,2022-23,1.58898,38.34285714285714
MA,202311,2023,3,2022-23,1.50897,38.34285714285714
MA,202312,2023,3,2022-23,1.64735,38.34285714285714
MA,202313,2023,3,2022-23,1.6838,38.34285714285714
MA,202314,2023,4,2022-23,1.59207,49.98571428571428
MA,202315,2023,4,2022-23,1.563,49.98571428571428
MA,202316,2023,4,2022-23,1.31584,49.98571428571428
MA,202317,2023,4,2022-23,1.23866,49.98571428571428
MA,202318,2023,4,2022-23,1.2215,49.98571428571428
MA,202319,2023,5,2022-23,1.34974,56.271428571428565
MA,202320,2023,5,2022-23,1.28767,56.271428571428565
MA,202321,2023,5,,1.27233,56.271428571428565
MA,202322,2023,5,,1.25974,56.271428571428565
MA,202323,2023,6,,1.15233,64.32857142857144
MA,202324,2023,6,,1.06524,64.32857142857144
MA,202325,2023,6,,1.05105,64.32857142857144
MA,202326,2023,6,,0.832835,64.32857142857144
MA,202327,2023,7,,0.793419,73.97857142857143
MA,202328,2023,7,,0.779157,73.97857142857143
MA,202329,2023,7,,0.740125,73.97857142857143
MA,202330,2023,7,,0.766041,73.97857142857143
MA,202331,2023,7,,0.75546,73.97857142857143
MA,202332,2023,8,,0.826837,68.87142857142858
MA,202333,2023,8,,0.761852,68.87142857142858
MA,202334,2023,8,,0.868732,68.87142857142858
MA,202335,2023,8,,0.819288,68.87142857142858
MA,202336,2023,9,,0.966937,65.13571428571429
MA,202337,2023,9,,1.03588,65.13571428571429
MA,202338,2023,9,,1.20382,65.13571428571429
MA,202339,2023,9,,1.2868,65.13571428571429
MA,202340,2023,10,2023-24,1.34589,56.58571428571429
MA,202341,2023,10,2023-24,1.29241,56.58571428571429
MA,202342,2023,10,2023-24,1.47521,56.58571428571429
MA,202343,2023,10,2023-24,1.42261,56.58571428571429
MA,202344,2023,10,2023-24,1.72117,56.58571428571429
MA,202345,2023,11,2023-24,1.85425,39.857142857142854
MA,202346,2023,11,2023-24,2.05182,39.857142857142854
MA,202347,2023,11,2023-24,2.51809,39.857142857142854
MA,202348,2023,11,2023-24,2.7232,39.857142857142854
MA,202349,2023,12,2023-24,3.0661,38.728571428571435
MA,202350,2023,12,2023-24,3.90909,38.728571428571435
MA,202351,2023,12,2023-24,5.03662,38.728571428571435
MA,202352,2023,12,2023-24,6.44775,38.728571428571435
MA,202401,2023,12,2023-24,5.18626,38.728571428571435
MA,202402,2024,1,2023-24,4.46419,31.071428571428573
MA,202403,2024,1,2023-24,3.8875,31.071428571428573
MA,202404,2024,1,2023-24,3.74614,31.071428571428573
MA,202405,2024,1,2023-24,4.22667,31.071428571428573
MA,202406,2024,2,2023-24,4.55044,33.464285714285715
MA,202407,2024,2,2023-24,4.49449,33.464285714285715
MA,202408,2024,2,2023-24,4.62668,33.464285714285715
MA,202409,2024,2,2023-24,4.22522,33.464285714285715
MA,202410,2024,3,2023-24,3.84944,41.021428571428565
MA,202411,2024,3,2023-24,3.35394,41.021428571428565
MA,202412,2024,3,2023-24,3.26665,41.021428571428565
MA,202413,2024,3,2023-24,3.29987,41.021428571428565
MA,202414,2024,3,2023-24,3.17707,41.021428571428565
MA,202415,2024,4,2023-24,2.86417,47.300000000000004
MA,202416,2024,4,2023-24,2.1926,47.300000000000004
MA,202417,2024,4,2023-24,1.73889,47.300000000000004
MA,202418,2024,4,2023-24,1.75418,47.300000000000004
MA,202419,2024,5,2023-24,1.49506,59.128571428571426
MA,202420,2024,5,2023-24,1.36295,59.128571428571426
MA,202421,2024,5,,1.28629,59.128571428571426
MA,202422,2024,5,,1.15929,59.128571428571426
MA,202423,2024,6,,1.02936,68.7642857142857
MA,202424,2024,6,,1.03882,68.7642857142857
MA,202425,2024,6,,0.931646,68.7642857142857
MA,202426,2024,6,,0.938934,68.7642857142857
MA,202427,2024,6,,0.936679,68.7642857142857
MA,202428,2024,7,,0.877583,74.43571428571428
MA,202429,2024,7,,0.88084,74.43571428571428
MA,202430,2024,7,,0.877142,74.43571428571428
MA,202431,2024,7,,0.933889,74.43571428571428
MA,202432,2024,8,,0.919635,69.80714285714285
MA,202433,2024,8,,0.933514,69.80714285714285
MA,202434,2024,8,,1.01879,69.80714285714285
MA,202435,2024,8,,1.0206,69.80714285714285
MA,202436,2024,9,,1.13464,63.42857142857143
MA,202437,2024,9,,1.30964,63.42857142857143
MA,202438,2024,9,,1.44152,63.42857142857143
MA,202439,2024,9,,1.39413,63.42857142857143
MA,202440,2024,9,2024-25,1.52107,63.42857142857143
MA,202441,2024,10,2024-25,1.54731,53.23571428571428
MA,202442,2024,10,2024-25,1.77981,53.23571428571428
MA,202443,2024,10,2024-25,1.80932,53.23571428571428
MA,202444,2024,10,2024-25,1.84684,53.23571428571428
MA,202445,2024,11,2024-25,1.88648,45.635714285714286
MA,202446,2024,11,2024-25,1.86358,45.635714285714286
MA,202447,2024,11,2024-25,1.9852,45.635714285714286
MA,202448,2024,11,2024-25,2.32103,45.635714285714286
MA,202449,2024,12,2024-25,2.3878,32.114285714285714
MA,202450,2024,12,2024-25,2.76253,32.114285714285714
MA,202451,2024,12,2024-25,3.49398,32.114285714285714
MA,202452,2024,12,2024-25,5.30214,32.114285714285714
MA,202501,2024,12,2024-25,5.89754,32.114285714285714
MA,202502,2025,1,2024-25,5.30515,25.92142857142857
MA,202503,2025,1,2024-25,7.14139,25.92142857142857
MA,202504,2025,1,2024-25,9.18334,25.92142857142857
MA,202505,2025,1,2024-25,10.806,25.92142857142857
MA,202506,2025,2,2024-25,11.7971,28.12857142857143
MA,202507,2025,2,2024-25,10.4485,28.12857142857143
MA,202508,2025,2,2024-25,8.32798,28.12857142857143
MA,202509,2025,2,2024-25,6.28848,28.12857142857143
MA,202510,2025,3,2024-25,4.86787,40.278571428571425
MA,202511,2025,3,2024-25,3.96026,40.278571428571425
MA,202512,2025,3,2024-25,3.19604,40.278571428571425
MA,202513,2025,3,2024-25,2.86161,40.278571428571425
MA,202514,2025,3,2024-25,2.70807,40.278571428571425
MA,202515,2025,4,2024-25,2.47985,48.300000000000004
MA,202516,2025,4,2024-25,2.22533,48.300000000000004
MA,202517,2025,4,2024-25,1.92169,48.300000000000004
MA,202518,2025,4,2024-25,1.47659,48.300000000000004
MA,202519,2025,5,2024-25,1.24194,58.26428571428572
MA,202520,2025,5,2024-25,1.22228,58.26428571428572
MA,202521,2025,5,,1.19203,58.26428571428572
MA,202522,2025,5,,1.28412,58.26428571428572
MA,202523,2025,6,,1.05698,67.93571428571428
MA,202524,2025,6,,0.985862,67.93571428571428
MA,202525,2025,6,,0.989315,67.93571428571428
MA,202526,2025,6,,0.879053,67.93571428571428
MA,202527,2025,6,,0.805729,67.93571428571428
MA,202528,2025,7,,0.764486,73.82857142857142
MA,202529,2025,7,,0.723194,73.82857142857142
MA,202530,2025,7,,0.699773,73.82857142857142
MA,202531,2025,7,,0.623492,73.82857142857142
MA,202532,2025,8,,0.642739,67.84285714285714
MA,202533,2025,8,,0.657179,67.84285714285714
MA,202534,2025,8,,0.658768,67.84285714285714
MA,202535,2025,8,,0.943278,67.84285714285714
MA,202536,2025,8,,0.890072,67.84285714285714
MA,202537,2025,9,,0.969781,63.57857142857143
MA,202538,2025,9,,1.14523,63.57857142857143
MA,202539,2025,9,,1.18094,63.57857142857143
MA,202540,2025,9,2025-26,1.05012,63.57857142857143
MA,202541,2025,10,2025-26,1.07292,53.32142857142857
MA,202542,2025,10,2025-26,1.08713,53.32142857142857
MA,202543,2025,10,2025-26,1.17906,53.32142857142857
MA,202544,2025,10,2025-26,1.21693,53.32142857142857
MA,202545,2025,11,2025-26,1.37229,40.57857142857143
MA,202546,2025,11,2025-26,1.45599,40.57857142857143
MA,202547,2025,11,2025-26,1.67579,40.57857142857143
MA,202548,2025,11,2025-26,2.26791,40.57857142857143
MA,202549,2025,11,2025-26,2.80996,40.57857142857143
MA,202550,2025,12,2025-26,4.52991,28.642857142857142
MA,202551,2025,12,2025-26,7.69381,28.642857142857142
MA,202552,2025,12,2025-26,12.3317,28.642857142857142
MA,202553,2025,12,2025-26,11.3327,28.642857142857142
MA,202601,2026,1,2025-26,7.80324,24.74285714285714
MA,202602,2026,1,2025-26,5.87479,24.74285714285714
MA,202603,2026,1,2025-26,4.44136,24.74285714285714
MA,202604,2026,1,2025-26,3.30094,24.74285714285714
MA,202605,2026,2,2025-26,3.10765,24.514285714285712
MA,202606,2026,2,2025-26,3.34856,24.514285714285712
MA,202607,2026,2,2025-26,3.60429,24.514285714285712
MA,202608,2026,2,2025-26,3.09829,24.514285714285712
MA,202609,2026,3,2025-26,2.63679,38.607142857142854
MA,202610,2026,3,2025-26,2.8956,38.607142857142854
MA,202611,2026,3,2025-26,3.05208,38.607142857142854
MA,202612,2026,3,2025-26,3.35719,38.607142857142854
MA,202613,2026,3,2025-26,3.32127,38.607142857142854
MA,202614,2026,4,2025-26,2.8148,48.17142857142857
MA,202615,2026,4,2025-26,2.25105,48.17142857142857
MA,202616,2026,4,2025-26,1.66317,48.17142857142857
MA,202617,2026,4,2025-26,1.43233,48.17142857142857
MA,202618,2026,5,2025-26,1.26902,57.26428571428572
MA,202619,2026,5,2025-26,1.32217,57.26428571428572
MA,202620,2026,5,2025-26,1.10731,57.26428571428572
MA,202621,2026,5,,0.995717,57.26428571428572
MA,202622,2026,5,,0.993358,57.26428571428572
MA,202623,2026,6,,0.811165,67.96428571428571
MA,202624,2026,6,,0.797022,67.96428571428571
MA,202625,2026,6,,0.706285,67.96428571428571
MA,202626,2026,6,,0.764828,67.96428571428571
MA,202627,2026,7,,0.698942,71.37857142857143
MA,202628,2026,7,,0.619958,71.37857142857143
MA,202629,2026,7,,0.585791,71.37857142857143
MA,202630,2026,7,,0.598838,71.37857142857143
MA,202631,2026,8,,0.547945,71.66428571428573
MA,202632,2026,8,,0.559361,71.66428571428573
MA,202633,2026,8,,0.624395,71.66428571428573
MA,202634,2026,8,,0.625319,71.66428571428573
MA,202635,2026,8,,0.683191,71.66428571428573
MA,202636,2026,9,,0.89748,
MA,202637,2026,9,,1.19698,
ME,201040,2010,10,2010-11,0.357724,46.68125
ME,201041,2010,10,2010-11,0.434855,46.68125
ME,201042,2010,10,2010-11,0.421743,46.68125
ME,201043,2010,10,2010-11,0.338409,46.68125
ME,201044,2010,10,2010-11,0.176471,46.68125
ME,201045,2010,11,2010-11,0.356622,36.3
ME,201046,2010,11,2010-11,0.520341,36.3
ME,201047,2010,11,2010-11,0.617566,36.3
ME,201048,2010,11,2010-11,0.347958,36.3
ME,201049,2010,12,2010-11,0.435219,24.99375
ME,201050,2010,12,2010-11,0.341472,24.99375
ME,201051,2010,12,2010-11,0.59952,24.99375
ME,201052,2010,12,2010-11,0.644828,24.99375
ME,201101,2011,1,2010-11,0.509198,17.6
ME,201102,2011,1,2010-11,0.471204,17.6
ME,201103,2011,1,2010-11,0.75275,17.6
ME,201104,2011,1,2010-11,1.03409,17.6
ME,201105,2011,1,2010-11,1.47004,17.6
ME,201106,2011,2,2010-11,1.57754,18.50625
ME,201107,2011,2,2010-11,2.27929,18.50625
ME,201108,2011,2,2010-11,1.92711,18.50625
ME,201109,2011,2,2010-11,1.90314,18.50625
ME,201110,2011,3,2010-11,1.20046,29.0125
ME,201111,2011,3,2010-11,1.0707,29.0125
ME,201112,2011,3,2010-11,0.860451,29.0125
ME,201113,2011,3,2010-11,0.793257,29.0125
ME,201114,2011,4,2010-11,0.723634,41.1
ME,201115,2011,4,2010-11,0.644531,41.1
ME,201116,2011,4,2010-11,0.563317,41.1
ME,201117,2011,4,2010-11,0.46474,41.1
ME,201118,2011,5,2010-11,0.49682,52.99375
ME,201119,2011,5,2010-11,0.508233,52.99375
ME,201120,2011,5,2010-11,0.370028,52.99375
ME,201121,2011,5,,0.519802,52.99375
ME,201122,2011,5,,0.643537,52.99375
ME,201123,2011,6,,0.442369,60.824999999999996
ME,201124,2011,6,,0.403035,60.824999999999996
ME,201125,2011,6,,0.365764,60.824999999999996
ME,201126,2011,6,,0.466029,60.824999999999996
ME,201127,2011,7,,0.873485,68.90625
ME,201128,2011,7,,0.59657,68.90625
ME,201129,2011,7,,0.604011,68.90625
ME,201130,2011,7,,0.450024,68.90625
ME,201131,2011,7,,0.36036,68.90625
ME,201132,2011,8,,0.417478,65.7625
ME,201133,2011,8,,0.481155,65.7625
ME,201134,2011,8,,0.471175,65.7625
ME,201135,2011,8,,0.60551,65.7625
ME,201136,2011,9,,0.602601,60.10625
ME,201137,2011,9,,0.402414,60.10625
ME,201138,2011,9,,0.423392,60.10625
ME,201139,2011,9,,0.390219,60.10625
ME,201140,2011,10,2011-12,0.387205,48.86875
ME,201141,2011,10,2011-12,0.474415,48.86875
ME,201142,2011,10,2011-12,0.451739,48.86875
ME,201143,2011,10,2011-12,0.645856,48.86875
ME,201144,2011,10,2011-12,0.397128,48.86875
ME,201145,2011,11,2011-12,0.707282,40.20625
ME,201146,2011,11,2011-12,0.47041,40.20625
ME,201147,2011,11,2011-12,0.541339,40.20625
ME,201148,2011,11,2011-12,0.542169,40.20625
ME,201149,2011,12,2011-12,0.559284,28.40625
ME,201150,2011,12,2011-12,0.546355,28.40625
ME,201151,2011,12,2011-12,0.563326,28.40625
ME,201152,2011,12,2011-12,0.56844,28.40625
ME,201201,2012,1,2011-12,0.406576,21.16875
ME,201202,2012,1,2011-12,0.535386,21.16875
ME,201203,2012,1,2011-12,0.324398,21.16875
ME,201204,2012,1,2011-12,0.538993,21.16875
ME,201205,2012,1,2011-12,0.344488,21.16875
ME,201206,2012,2,2011-12,0.406886,24.48125
ME,201207,2012,2,2011-12,0.478321,24.48125
ME,201208,2012,2,2011-12,0.540641,24.48125
ME,201209,2012,2,2011-12,0.394308,24.48125
ME,201210,2012,3,2011-12,0.32344,36.4125
ME,201211,2012,3,2011-12,0.182542,36.4125
ME,201212,2012,3,2011-12,0.528677,36.4125
ME,201213,2012,3,2011-12,0.369181,36.4125
ME,201214,2012,4,2011-12,0.291451,43.84375
ME,201215,2012,4,2011-12,0.470958,43.84375
ME,201216,2012,4,2011-12,0.402091,43.84375
ME,201217,2012,4,2011-12,0.192207,43.84375
ME,201218,2012,4,2011-12,0.345006,43.84375
ME,201219,2012,5,2011-12,0.520924,54.85
ME,201220,2012,5,2011-12,0.227591,54.85
ME,201221,2012,5,,0.181305,54.85
ME,201222,2012,5,,0.568316,54.85
ME,201223,2012,6,,0.337838,60.90625
ME,201224,2012,6,,0.0514536,60.90625
ME,201225,2012,6,,0.410722,60.90625
ME,201226,2012,6,,0.573248,60.90625
ME,201227,2012,7,,0.53916,68.65
ME,201228,2012,7,,0.38236,68.65
ME,201229,2012,7,,0.410284,68.65
ME,201230,2012,7,,0.569307,68.65
ME,201231,2012,7,,0.505723,68.65
ME,201232,2012,8,,0.433342,68.275
ME,201233,2012,8,,0.356961,68.275
ME,201234,2012,8,,0.342917,68.275
ME,201235,2012,8,,0.292154,68.275
ME,201236,2012,9,,0.311676,56.93125
ME,201237,2012,9,,0.290939,56.93125
ME,201238,2012,9,,0.456919,56.93125
ME,201239,2012,9,,0.31348,56.93125
ME,201240,2012,9,2012-13,0.618897,56.93125
ME,201241,2012,10,2012-13,0.809474,49.61875
ME,201242,2012,10,2012-13,0.697181,49.61875
ME,201243,2012,10,2012-13,0.655308,49.61875
ME,201244,2012,10,2012-13,0.702751,49.61875
ME,201245,2012,11,2012-13,0.823677,34.425
ME,201246,2012,11,2012-13,0.941248,34.425
ME,201247,2012,11,2012-13,0.865344,34.425
ME,201248,2012,11,2012-13,1.00782,34.425
ME,201249,2012,12,2012-13,0.758035,26.925
ME,201250,2012,12,2012-13,1.36778,26.925
ME,201251,2012,12,2012-13,2.18264,26.925
ME,201252,2012,12,2012-13,4.19098,26.925
ME,201301,2012,12,2012-13,2.81891,26.925
ME,201302,2013,1,2012-13,2.89363,18.85625
ME,201303,2013,1,2012-13,3.04298,18.85625
ME,201304,2013,1,2012-13,2.06863,18.85625
ME,201305,2013,1,2012-13,1.91816,18.85625
ME,201306,2013,2,2012-13,1.57348,22.54375
ME,201307,2013,2,2012-13,1.11177,22.54375
ME,201308,2013,2,2012-13,1.06507,22.54375
ME,201309,2013,2,2012-13,1.09103,22.54375
ME,201310,2013,3,2012-13,0.840619,31.73125
ME,201311,2013,3,2012-13,0.813899,31.73125
ME,201312,2013,3,2012-13,0.772201,31.73125
ME,201313,2013,3,2012-13,0.920051,31.73125
ME,201314,2013,3,2012-13,1.19685,31.73125
ME,201315,2013,4,2012-13,0.946657,40.75625
ME,201316,2013,4,2012-13,0.642398,40.75625
ME,201317,2013,4,2012-13,0.914989,40.75625
ME,201318,2013,4,2012-13,0.736772,40.75625
ME,201319,2013,5,2012-13,0.658979,52.8875
ME,201320,2013,5,2012-13,0.437637,52.8875
ME,201321,2013,5,,0.876168,52.8875
ME,201322,2013,5,,0.828609,52.8875
ME,201323,2013,6,,0.843961,62.199999999999996
ME,201324,2013,6,,0.830532,62.199999999999996
ME,201325,2013,6,,0.798199,62.199999999999996
ME,201326,2013,6,,0.800821,62.199999999999996
ME,201327,2013,6,,1.00416,62.199999999999996
ME,201328,2013,7,,0.810437,69.3875
ME,201329,2013,7,,0.659472,69.3875
ME,201330,2013,7,,0.623903,69.3875
ME,201331,2013,7,,0.62383,69.3875
ME,201332,2013,8,,0.694728,64.84375
ME,201333,2013,8,,0.589072,64.84375
ME,201334,2013,8,,0.377059,64.84375
ME,201335,2013,8,,0.680272,64.84375
ME,201336,2013,9,,0.517435,57.675
ME,201337,2013,9,,0.471311,57.675
ME,201338,2013,9,,0.207756,57.675
ME,201339,2013,9,,0.281258,57.675
ME,201340,2013,9,2013-14,0.823958,57.675
ME,201341,2013,10,2013-14,0.554468,48.6
ME,201342,2013,10,2013-14,0.826162,48.6
ME,201343,2013,10,2013-14,0.631413,48.6
ME,201344,2013,10,2013-14,0.31428,48.6
ME,201345,2013,11,2013-14,0.329075,33.95625
ME,201346,2013,11,2013-14,0.698273,33.95625
ME,201347,2013,11,2013-14,0.418493,33.95625
ME,201348,2013,11,2013-14,1.23086,33.95625
ME,201349,2013,12,2013-14,0.788412,19.60625
ME,201350,2013,12,2013-14,0.913242,19.60625
ME,201351,2013,12,2013-14,1.00865,19.60625
ME,201352,2013,12,2013-14,1.11067,19.60625
ME,201401,2013,12,2013-14,1.12263,19.60625
ME,201402,2014,1,2013-14,1.12581,16.65
ME,201403,2014,1,2013-14,1.28159,16.65
ME,201404,2014,1,2013-14,1.80248,16.65
ME,201405,2014,1,2013-14,1.9802,16.65
ME,201406,2014,2,2013-14,1.9725,18.25625
ME,201407,2014,2,2013-14,1.82579,18.25625
ME,201408,2014,2,2013-14,1.86074,18.25625
ME,201409,2014,2,2013-14,1.40138,18.25625
ME,201410,2014,3,2013-14,1.52855,20.99375
ME,201411,2014,3,2013-14,1.21849,20.99375
ME,201412,2014,3,2013-14,1.02136,20.99375
ME,201413,2014,3,2013-14,1.15268,20.99375
ME,201414,2014,3,2013-14,1.23343,20.99375
ME,201415,2014,4,2013-14,1.23162,40.43125
ME,201416,2014,4,2013-14,0.94897,40.43125
ME,201417,2014,4,2013-14,1.08509,40.43125
ME,201418,2014,4,2013-14,0.882191,40.43125
ME,201419,2014,5,2013-14,0.874026,52.63125
ME,201420,2014,5,2013-14,1.02746,52.63125
ME,201421,2014,5,,0.766046,52.63125
ME,201422,2014,5,,0.79001,52.63125
ME,201423,2014,6,,1.05037,62.1875
ME,201424,2014,6,,0.656919,62.1875
ME,201425,2014,6,,0.615385,62.1875
ME,201426,2014,6,,0.579969,62.1875
ME,201427,2014,6,,0.706621,62.1875
ME,201428,2014,7,,0.354359,68.00625
ME,201429,2014,7,,0.282413,68.00625
ME,201430,2014,7,,0.634249,68.00625
ME,201431,2014,7,,0.724797,68.00625
ME,201432,2014,8,,0.710136,65.06875
ME,201433,2014,8,,0.709849,65.06875
ME,201434,2014,8,,0.621891,65.06875
ME,201435,2014,8,,0.585059,65.06875
ME,201436,2014,8,,0.832702,65.06875
ME,201437,2014,9,,0.701426,57.63125
ME,201438,2014,9,,1.32956,57.63125
ME,201439,2014,9,,1.36112,57.63125
ME,201440,2014,9,2014-15,1.30226,57.63125
ME,201441,2014,10,2014-15,1.25817,49.9375
ME,201442,2014,10,2014-15,1.13998,49.9375
ME,201443,2014,10,2014-15,0.969279,49.9375
ME,201444,2014,10,2014-15,1.02456,49.9375
ME,201445,2014,11,2014-15,1.04025,33.575
ME,201446,2014,11,2014-15,1.34328,33.575
ME,201447,2014,11,2014-15,0.683816,33.575
ME,201448,2014,11,2014-15,1.44386,33.575
ME,201449,2014,11,2014-15,1.18283,33.575
ME,201450,2014,12,2014-15,1.48879,28.2625
ME,201451,2014,12,2014-15,1.29393,28.2625
ME,201452,2014,12,2014-15,1.90583,28.2625
ME,201453,2014,12,2014-15,1.93678,28.2625
ME,201501,2015,1,2014-15,2.23803,14.31875
ME,201502,2015,1,2014-15,3.02053,14.31875
ME,201503,2015,1,2014-15,3.08197,14.31875
ME,201504,2015,1,2014-15,3.33761,14.31875
ME,201505,2015,2,2014-15,2.56611,7.43125
ME,201506,2015,2,2014-15,1.98849,7.43125
ME,201507,2015,2,2014-15,2.16106,7.43125
ME,201508,2015,2,2014-15,1.7343,7.43125
ME,201509,2015,3,2014-15,1.94346,23.575
ME,201510,2015,3,2014-15,1.70555,23.575
ME,201511,2015,3,2014-15,1.51289,23.575
ME,201512,2015,3,2014-15,1.46161,23.575
ME,201513,2015,3,2014-15,1.46424,23.575
ME,201514,2015,4,2014-15,1.46252,39.59375
ME,201515,2015,4,2014-15,0.685312,39.59375
ME,201516,2015,4,2014-15,1.09351,39.59375
ME,201517,2015,4,2014-15,0.821722,39.59375
ME,201518,2015,5,2014-15,0.977139,56.80625
ME,201519,2015,5,2014-15,0.697472,56.80625
ME,201520,2015,5,2014-15,0.857867,56.80625
ME,201521,2015,5,,0.628366,56.80625
ME,201522,2015,5,,0.839476,56.80625
ME,201523,2015,6,,0.863724,58.475
ME,201524,2015,6,,0.571102,58.475
ME,201525,2015,6,,0.737101,58.475
ME,201526,2015,6,,0.570687,58.475
ME,201527,2015,7,,0.752644,65.96875
ME,201528,2015,7,,0.803213,65.96875
ME,201529,2015,7,,0.468241,65.96875
ME,201530,2015,7,,0.294317,65.96875
ME,201531,2015,8,,0.635637,67.8875
ME,201532,2015,8,,0.575349,67.8875
ME,201533,2015,8,,0.605807,67.8875
ME,201534,2015,8,,0.58126,67.8875
ME,201535,2015,8,,0.892676,67.8875
ME,201536,2015,9,,0.777143,62.88125
ME,201537,2015,9,,0.731261,62.88125
ME,201538,2015,9,,0.192097,62.88125
ME,201539,2015,9,,0.536033,62.88125
ME,201540,2015,10,2015-16,1.1742,44.9125
ME,201541,2015,10,2015-16,0.893655,44.9125
ME,201542,2015,10,2015-16,1.09129,44.9125
ME,201543,2015,10,2015-16,1.03147,44.9125
ME,201544,2015,11,2015-16,1.08696,38.7
ME,201545,2015,11,2015-16,1.35762,38.7
ME,201546,2015,11,2015-16,0.985137,38.7
ME,201547,2015,11,2015-16,0.688249,38.7
ME,201548,2015,11,2015-16,1.06572,38.7
ME,201549,2015,12,2015-16,0.960171,33.19375
ME,201550,2015,12,2015-16,0.898204,33.19375
ME,201551,2015,12,2015-16,0.902171,33.19375
ME,201552,2015,12,2015-16,1.62022,33.19375
ME,201601,2016,1,2015-16,0.862745,22.39375
ME,201602,2016,1,2015-16,0.872151,22.39375
ME,201603,2016,1,2015-16,0.951315,22.39375
ME,201604,2016,1,2015-16,0.886557,22.39375
ME,201605,2016,1,2015-16,1.15839,22.39375
ME,201606,2016,2,2015-16,0.899844,24.425
ME,201607,2016,2,2015-16,0.920887,24.425
ME,201608,2016,2,2015-16,0.883864,24.425
ME,201609,2016,2,2015-16,0.903274,24.425
ME,201610,2016,3,2015-16,1.1257,32.14375
ME,201611,2016,3,2015-16,1.95195,32.14375
ME,201612,2016,3,2015-16,1.40088,32.14375
ME,201613,2016,3,2015-16,1.80668,32.14375
ME,201614,2016,4,2015-16,1.05263,39.3875
ME,201615,2016,4,2015-16,1.57875,39.3875
ME,201616,2016,4,2015-16,1.37094,39.3875
ME,201617,2016,4,2015-16,1.59865,39.3875
ME,201618,2016,5,2015-16,1.18756,53.59375
ME,201619,2016,5,2015-16,0.96324,53.59375
ME,201620,2016,5,2015-16,0.719984,53.59375
ME,201621,2016,5,,0.516956,53.59375
ME,201622,2016,5,,0.84122,53.59375
ME,201623,2016,6,,0.59778,61.3125
ME,201624,2016,6,,0.634115,61.3125
ME,201625,2016,6,,0.497512,61.3125
ME,201626,2016,6,,0.699143,61.3125
ME,201627,2016,7,,0.312419,68.19375
ME,201628,2016,7,,0.436395,68.19375
ME,201629,2016,7,,0.707651,68.19375
ME,201630,2016,7,,0.531091,68.19375
ME,201631,2016,7,,0.442478,68.19375
ME,201632,2016,8,,0.471698,67.94375
ME,201633,2016,8,,0.57853,67.94375
ME,201634,2016,8,,0.439174,67.94375
ME,201635,2016,8,,0.445074,67.94375
ME,201636,2016,9,,0.720461,60.51875
ME,201637,2016,9,,0.679432,60.51875
ME,201638,2016,9,,1.02916,60.51875
ME,201639,2016,9,,0.596506,60.51875
ME,201640,2016,10,2016-17,0.833484,48.20625
ME,201641,2016,10,2016-17,0.741152,48.20625
ME,201642,2016,10,2016-17,0.847302,48.20625
ME,201643,2016,10,2016-17,0.93744,48.20625
ME,201644,2016,10,2016-17,0.892028,48.20625
ME,201645,2016,11,2016-17,0.595775,38.5
ME,201646,2016,11,2016-17,0.761062,38.5
ME,201647,2016,11,2016-17,0.721925,38.5
ME,201648,2016,11,2016-17,0.81557,38.5
ME,201649,2016,12,2016-17,0.773196,23.01875
ME,201650,2016,12,2016-17,0.57398,23.01875
ME,201651,2016,12,2016-17,0.692119,23.01875
ME,201652,2016,12,2016-17,1.04447,23.01875
ME,201701,2017,1,2016-17,0.892857,24.325
ME,201702,2017,1,2016-17,0.646552,24.325
ME,201703,2017,1,2016-17,0.908373,24.325
ME,201704,2017,1,2016-17,0.813173,24.325
ME,201705,2017,1,2016-17,0.931446,24.325
ME,201706,2017,2,2016-17,1.61117,23.48125
ME,201707,2017,2,2016-17,1.20902,23.48125
ME,201708,2017,2,2016-17,1.23158,23.48125
ME,201709,2017,2,2016-17,1.38257,23.48125
ME,201710,2017,3,2016-17,1.63965,24.39375
ME,201711,2017,3,2016-17,1.84502,24.39375
ME,201712,2017,3,2016-17,2.24138,24.39375
ME,201713,2017,3,2016-17,1.66667,24.39375
ME,201714,2017,4,2016-17,1.87339,43.69375
ME,201715,2017,4,2016-17,2.1068,43.69375
ME,201716,2017,4,2016-17,1.20361,43.69375
ME,201717,2017,4,2016-17,0.965251,43.69375
ME,201718,2017,4,2016-17,0.881057,43.69375
ME,201719,2017,5,2016-17,0.741982,51.35625
ME,201720,2017,5,2016-17,0.42953,51.35625
ME,201721,2017,5,,0.535555,51.35625
ME,201722,2017,5,,0.895009,51.35625
ME,201723,2017,6,,0.71347,62.04375
ME,201724,2017,6,,0.602064,62.04375
ME,201725,2017,6,,0.462428,62.04375
ME,201726,2017,6,,0.814725,62.04375
ME,201727,2017,7,,0.473416,66.375
ME,201728,2017,7,,0.418786,66.375
ME,201729,2017,7,,0.298507,66.375
ME,201730,2017,7,,0.59322,66.375
ME,201731,2017,7,,0.335878,66.375
ME,201732,2017,8,,0.322581,64.58125
ME,201733,2017,8,,0.385528,64.58125
ME,201734,2017,8,,0.473513,64.58125
ME,201735,2017,8,,0.457274,64.58125
ME,201736,2017,9,,0.350877,62.3125
ME,201737,2017,9,,0.487145,62.3125
ME,201738,2017,9,,0.651558,62.3125
ME,201739,2017,9,,0.546635,62.3125
ME,201740,2017,10,2017-18,0.294985,53.48125
ME,201741,2017,10,2017-18,0.588078,53.48125
ME,201742,2017,10,2017-18,0.797085,53.48125
ME,201743,2017,10,2017-18,0.782732,53.48125
ME,201744,2017,10,2017-18,0.411765,53.48125
ME,201745,2017,11,2017-18,0.52506,34.39375
ME,201746,2017,11,2017-18,0.805048,34.39375
ME,201747,2017,11,2017-18,0.909091,34.39375
ME,201748,2017,11,2017-18,1.08962,34.39375
ME,201749,2017,12,2017-18,0.854503,18.68125
ME,201750,2017,12,2017-18,0.782065,18.68125
ME,201751,2017,12,2017-18,0.968188,18.68125
ME,201752,2017,12,2017-18,1.19332,18.68125
ME,201801,2017,12,2017-18,0.884956,18.68125
ME,201802,2018,1,2017-18,0.54277,17.35625
ME,201803,2018,1,2017-18,0.813386,17.35625
ME,201804,2018,1,2017-18,1.31412,17.35625
ME,201805,2018,1,2017-18,1.26684,17.35625
ME,201806,2018,2,2017-18,1.52672,25.3625
ME,201807,2018,2,2017-18,1.52294,25.3625
ME,201808,2018,2,2017-18,1.5775,25.3625
ME,201809,2018,2,2017-18,0.967937,25.3625
ME,201810,2018,3,2017-18,0.66474,30.49375
ME,201811,2018,3,2017-18,1.03719,30.49375
ME,201812,2018,3,2017-18,0.709372,30.49375
ME,201813,2018,3,2017-18,0.567721,30.49375
ME,201814,2018,4,2017-18,0.556472,38.2875
ME,201815,2018,4,2017-18,0.557046,38.2875
ME,201816,2018,4,2017-18,0.596817,38.2875
ME,201817,2018,4,2017-18,0.30104,38.2875
ME,201818,2018,4,2017-18,0.423518,38.2875
ME,201819,2018,5,2017-18,0.194175,54.825
ME,201820,2018,5,2017-18,0.108648,54.825
ME,201821,2018,5,,0.169368,54.825
ME,201822,2018,5,,0.0622665,54.825
ME,201823,2018,6,,0.0,60.1125
ME,201824,2018,6,,0.0911993,60.1125
ME,201825,2018,6,,0.0929368,60.1125
ME,201826,2018,6,,0.0,60.1125
ME,201827,2018,7,,0.0869565,69.26875
ME,201828,2018,7,,0.0236463,69.26875
ME,201829,2018,7,,0.0,69.26875
ME,201830,2018,7,,0.0878477,69.26875
ME,201831,2018,7,,0.0734035,69.26875
ME,201832,2018,8,,0.045861,69.03125
ME,201833,2018,8,,0.0700444,69.03125
ME,201834,2018,8,,0.0487924,69.03125
ME,201835,2018,8,,0.0,69.03125
ME,201836,2018,9,,0.0526177,59.50625
ME,201837,2018,9,,0.0,59.50625
ME,201838,2018,9,,0.122888,59.50625
ME,201839,2018,9,,0.0577534,59.50625
ME,201840,2018,9,2018-19,0.925735,59.50625
ME,201841,2018,10,2018-19,0.975419,43.8
ME,201842,2018,10,2018-19,0.925051,43.8
ME,201843,2018,10,2018-19,1.23958,43.8
ME,201844,2018,10,2018-19,0.849477,43.8
ME,201845,2018,11,2018-19,0.981172,30.575
ME,201846,2018,11,2018-19,1.13394,30.575
ME,201847,2018,11,2018-19,1.15213,30.575
ME,201848,2018,11,2018-19,0.843429,30.575
ME,201849,2018,12,2018-19,0.853603,23.1375
ME,201850,2018,12,2018-19,0.998513,23.1375
ME,201851,2018,12,2018-19,1.17233,23.1375
ME,201852,2018,12,2018-19,1.55722,23.1375
ME,201901,2018,12,2018-19,1.72841,23.1375
ME,201902,2019,1,2018-19,1.9019,17.13125
ME,201903,2019,1,2018-19,1.96653,17.13125
ME,201904,2019,1,2018-19,2.39196,17.13125
ME,201905,2019,1,2018-19,2.41331,17.13125
ME,201906,2019,2,2018-19,2.77161,19.2375
ME,201907,2019,2,2018-19,3.2882,19.2375
ME,201908,2019,2,2018-19,3.30689,19.2375
ME,201909,2019,2,2018-19,3.11759,19.2375
ME,201910,2019,3,2018-19,2.70288,26.70625
ME,201911,2019,3,2018-19,3.00134,26.70625
ME,201912,2019,3,2018-19,3.0067,26.70625
ME,201913,2019,3,2018-19,2.58904,26.70625
ME,201914,2019,3,2018-19,2.40557,26.70625
ME,201915,2019,4,2018-19,2.10337,40.51875
ME,201916,2019,4,2018-19,1.83803,40.51875
ME,201917,2019,4,2018-19,1.41302,40.51875
ME,201918,2019,4,2018-19,1.33873,40.51875
ME,201919,2019,5,2018-19,1.0944,49.2875
ME,201920,2019,5,2018-19,1.16729,49.2875
ME,201921,2019,5,,0.949391,49.2875
ME,201922,2019,5,,0.957515,49.2875
ME,201923,2019,6,,0.843117,60.51875
ME,201924,2019,6,,0.704935,60.51875
ME,201925,2019,6,,0.612893,60.51875
ME,201926,2019,6,,0.562701,60.51875
ME,201927,2019,6,,0.604772,60.51875
ME,201928,2019,7,,0.558624,69.475
ME,201929,2019,7,,0.448547,69.475
ME,201930,2019,7,,0.507233,69.475
ME,201931,2019,7,,0.34476,69.475
ME,201932,2019,8,,0.469639,65.7125
ME,201933,2019,8,,0.432843,65.7125
ME,201934,2019,8,,0.643236,65.7125
ME,201935,2019,8,,0.32472,65.7125
ME,201936,2019,9,,0.461794,57.03125
ME,201937,2019,9,,0.589028,57.03125
ME,201938,2019,9,,0.708254,57.03125
ME,201939,2019,9,,0.85769,57.03125
ME,201940,2019,9,2019-20,0.822834,57.03125
ME,201941,2019,10,2019-20,0.894029,47.65625
ME,201942,2019,10,2019-20,0.935829,47.65625
ME,201943,2019,10,2019-20,0.924604,47.65625
ME,201944,2019,10,2019-20,0.933496,47.65625
ME,201945,2019,11,2019-20,0.934091,31.49375
ME,201946,2019,11,2019-20,1.10982,31.49375
ME,201947,2019,11,2019-20,1.22556,31.49375
ME,201948,2019,11,2019-20,1.19228,31.49375
ME,201949,2019,12,2019-20,1.54994,24.8875
ME,201950,2019,12,2019-20,1.69492,24.8875
ME,201951,2019,12,2019-20,2.17614,24.8875
ME,201952,2019,12,2019-20,3.25605,24.8875
ME,202001,2019,12,2019-20,3.38676,24.8875
ME,202002,2020,1,2019-20,2.78394,23.3875
ME,202003,2020,1,2019-20,3.99424,23.3875
ME,202004,2020,1,2019-20,4.27023,23.3875
ME,202005,2020,1,2019-20,4.94206,23.3875
ME,202006,2020,2,2019-20,5.2189,22.9375
ME,202007,2020,2,2019-20,5.04853,22.9375
ME,202008,2020,2,2019-20,4.78689,22.9375
ME,202009,2020,2,2019-20,4.77713,22.9375
ME,202010,2020,3,2019-20,4.65736,32.425
ME,202011,2020,3,2019-20,5.04102,32.425
ME,202012,2020,3,2019-20,6.69977,32.425
ME,202013,2020,3,2019-20,2.8158,32.425
ME,202014,2020,3,2019-20,2.10323,32.425
ME,202015,2020,4,2019-20,1.00185,39.175
ME,202016,2020,4,2019-20,0.912365,39.175
ME,202017,2020,4,2019-20,0.671141,39.175
ME,202018,2020,4,2019-20,0.625768,39.175
ME,202019,2020,5,2019-20,0.589696,52.1625
ME,202020,2020,5,2019-20,0.561632,52.1625
ME,202021,2020,5,,0.465074,52.1625
ME,202022,2020,5,,0.392017,52.1625
ME,202023,2020,5,,0.350939,52.1625
ME,202024,2020,6,,0.313719,63.15625
ME,202025,2020,6,,0.312793,63.15625
ME,202026,2020,6,,0.381308,63.15625
ME,202027,2020,6,,0.427723,63.15625
ME,202028,2020,7,,0.303996,69.6
ME,202029,2020,7,,0.401138,69.6
ME,202030,2020,7,,0.333284,69.6
ME,202031,2020,7,,0.298677,69.6
ME,202032,2020,8,,0.484316,66.7875
ME,202033,2020,8,,0.438344,66.7875
ME,202034,2020,8,,0.38768,66.7875
ME,202035,2020,8,,0.414365,66.7875
ME,202036,2020,8,,0.463864,66.7875
ME,202037,2020,9,,0.639731,58.31875
ME,202038,2020,9,,0.506073,58.31875
ME,202039,2020,9,,0.608931,58.31875
ME,202040,2020,9,2020-21,0.515914,58.31875
ME,202041,2020,10,2020-21,0.630762,46.35625
ME,202042,2020,10,2020-21,0.501782,46.35625
ME,202043,2020,10,2020-21,0.607947,46.35625
ME,202044,2020,10,2020-21,0.592571,46.35625
ME,202045,2020,11,2020-21,0.627554,38.64375
ME,202046,2020,11,2020-21,0.790861,38.64375
ME,202047,2020,11,2020-21,0.527215,38.64375
ME,202048,2020,11,2020-21,0.600462,38.64375
ME,202049,2020,11,2020-21,0.477042,38.64375
ME,202050,2020,12,2020-21,0.453317,28.78125
ME,202051,2020,12,2020-21,0.464165,28.78125
ME,202052,2020,12,2020-21,0.542114,28.78125
ME,202053,2020,12,2020-21,0.474547,28.78125
ME,202101,2021,1,2020-21,0.431482,23.48125
ME,202102,2021,1,2020-21,0.438806,23.48125
ME,202103,2021,1,2020-21,0.462008,23.48125
ME,202104,2021,1,2020-21,0.346451,23.48125
ME,202105,2021,1,2020-21,0.41404,23.48125
ME,202106,2021,2,2020-21,0.109639,20.74375
ME,202107,2021,2,2020-21,0.323247,20.74375
ME,202108,2021,2,2020-21,0.290299,20.74375
ME,202109,2021,2,2020-21,0.260088,20.74375
ME,202110,2021,3,2020-21,0.324804,31.3625
ME,202111,2021,3,2020-21,0.256143,31.3625
ME,202112,2021,3,2020-21,0.314243,31.3625
ME,202113,2021,3,2020-21,0.441342,31.3625
ME,202114,2021,4,2020-21,0.401575,44.4125
ME,202115,2021,4,2020-21,0.494034,44.4125
ME,202116,2021,4,2020-21,0.32629,44.4125
ME,202117,2021,4,2020-21,0.457134,44.4125
ME,202118,2021,5,2020-21,0.372107,53.75625
ME,202119,2021,5,2020-21,0.280319,53.75625
ME,202120,2021,5,2020-21,0.312256,53.75625
ME,202121,2021,5,,0.311915,53.75625
ME,202122,2021,5,,0.415893,53.75625
ME,202123,2021,6,,0.408459,65.99375
ME,202124,2021,6,,0.618625,65.99375
ME,202125,2021,6,,0.635866,65.99375
ME,202126,2021,6,,0.632788,65.99375
ME,202127,2021,7,,0.745712,64.71875
ME,202128,2021,7,,0.630874,64.71875
ME,202129,2021,7,,0.551848,64.71875
ME,202130,2021,7,,0.827515,64.71875
ME,202131,2021,8,,0.759205,68.8875
ME,202132,2021,8,,0.652837,68.8875
ME,202133,2021,8,,0.708953,68.8875
ME,202134,2021,8,,0.753864,68.8875
ME,202135,2021,8,,1.03736,68.8875
ME,202136,2021,9,,1.08821,60.44375
ME,202137,2021,9,,1.29136,60.44375
ME,202138,2021,9,,1.42171,60.44375
ME,202139,2021,9,,1.15738,60.44375
ME,202140,2021,10,2021-22,1.22684,51.41875
ME,202141,2021,10,2021-22,1.32055,51.41875
ME,202142,2021,10,2021-22,1.19209,51.41875
ME,202143,2021,10,2021-22,1.43434,51.41875
ME,202144,2021,10,2021-22,1.37958,51.41875
ME,202145,2021,11,2021-22,1.34598,36.9375
ME,202146,2021,11,2021-22,1.44477,36.9375
ME,202147,2021,11,2021-22,2.01712,36.9375
ME,202148,2021,11,2021-22,1.9305,36.9375
ME,202149,2021,12,2021-22,1.67746,27.11875
ME,202150,2021,12,2021-22,1.84996,27.11875
ME,202151,2021,12,2021-22,1.95299,27.11875
ME,202152,2021,12,2021-22,1.92861,27.11875
ME,202201,2022,1,2021-22,1.88548,14.0375
ME,202202,2022,1,2021-22,1.72577,14.0375
ME,202203,2022,1,2021-22,1.3551,14.0375
ME,202204,2022,1,2021-22,0.933535,14.0375
ME,202205,2022,1,2021-22,0.885945,14.0375
ME,202206,2022,2,2021-22,0.819734,22.11875
ME,202207,2022,2,2021-22,0.602546,22.11875
ME,202208,2022,2,2021-22,0.646552,22.11875
ME,202209,2022,2,2021-22,0.641613,22.11875
ME,202210,2022,3,2021-22,0.627409,31.24375
ME,202211,2022,3,2021-22,0.814081,31.24375
ME,202212,2022,3,2021-22,1.46418,31.24375
ME,202213,2022,3,2021-22,1.28542,31.24375
ME,202214,2022,4,2021-22,1.77628,42.34375
ME,202215,2022,4,2021-22,1.90541,42.34375
ME,202216,2022,4,2021-22,2.07291,42.34375
ME,202217,2022,4,2021-22,2.42509,42.34375
ME,202218,2022,5,2021-22,2.25788,55.325
ME,202219,2022,5,2021-22,2.70101,55.325
ME,202220,2022,5,2021-22,2.423,55.325
ME,202221,2022,5,,1.89102,55.325
ME,202222,2022,5,,1.39178,55.325
ME,202223,2022,6,,1.33476,60.94375
ME,202224,2022,6,,1.02551,60.94375
ME,202225,2022,6,,0.912885,60.94375
ME,202226,2022,6,,0.758906,60.94375
ME,202227,2022,7,,0.669311,69.16875
ME,202228,2022,7,,0.732991,69.16875
ME,202229,2022,7,,0.545421,69.16875
ME,202230,2022,7,,0.745949,69.16875
ME,202231,2022,7,,0.619708,69.16875
ME,202232,2022,8,,0.63058,68.83125
ME,202233,2022,8,,0.733091,68.83125
ME,202234,2022,8,,0.678934,68.83125
ME,202235,2022,8,,0.702668,68.83125
ME,202236,2022,9,,0.95729,58.33125
ME,202237,2022,9,,1.06822,58.33125
ME,202238,2022,9,,1.24443,58.33125
ME,202239,2022,9,,1.08338,58.33125
ME,202240,2022,10,2022-23,1.19048,50.05625
ME,202241,2022,10,2022-23,1.33211,50.05625
ME,202242,2022,10,2022-23,1.51275,50.05625
ME,202243,2022,10,2022-23,1.47667,50.05625
ME,202244,2022,10,2022-23,2.09673,50.05625
ME,202245,2022,11,2022-23,2.54628,39.550000000000004
ME,202246,2022,11,2022-23,2.37026,39.550000000000004
ME,202247,2022,11,2022-23,4.2112,39.550000000000004
ME,202248,2022,11,2022-23,5.61174,39.550000000000004
ME,202249,2022,12,2022-23,7.92808,29.33125
ME,202250,2022,12,2022-23,9.69729,29.33125
ME,202251,2022,12,2022-23,8.36395,29.33125
ME,202252,2022,12,2022-23,7.24122,29.33125
ME,202301,2023,1,2022-23,4.09706,27.03125
ME,202302,2023,1,2022-23,2.52568,27.03125
ME,202303,2023,1,2022-23,1.69248,27.03125
ME,202304,2023,1,2022-23,1.24941,27.03125
ME,202305,2023,1,2022-23,1.0318,27.03125
ME,202306,2023,2,2022-23,1.16939,21.64375
ME,202307,2023,2,2022-23,1.01725,21.64375
ME,202308,2023,2,2022-23,1.28834,21.64375
ME,202309,2023,2,2022-23,1.22031,21.64375
ME,202310,2023,3,2022-23,1.01442,32.1875
ME,202311,2023,3,2022-23,1.22202,32.1875
ME,202312,2023,3,2022-23,1.13366,32.1875
ME,202313,2023,3,2022-23,1.16532,32.1875
ME,202314,2023,4,2022-23,1.06367,43.1625
ME,202315,2023,4,2022-23,1.04241,43.1625
ME,202316,2023,4,2022-23,0.979747,43.1625
ME,202317,2023,4,2022-23,0.73825,43.1625
ME,202318,2023,4,2022-23,0.725531,43.1625
ME,202319,2023,5,2022-23,0.801444,52.6625
ME,202320,2023,5,2022-23,0.518026,52.6625
ME,202321,2023,5,,0.650232,52.6625
ME,202322,2023,5,,0.821898,52.6625
ME,202323,2023,6,,0.771399,60.3375
ME,202324,2023,6,,0.704125,60.3375
ME,202325,2023,6,,0.717768,60.3375
ME,202326,2023,6,,0.674931,60.3375
ME,202327,2023,7,,0.643942,70.4125
ME,202328,2023,7,,0.489243,70.4125
ME,202329,2023,7,,0.538886,70.4125
ME,202330,2023,7,,0.561097,70.4125
ME,202331,2023,7,,0.537565,70.4125
ME,202332,2023,8,,0.65802,64.66875
ME,202333,2023,8,,0.491291,64.66875
ME,202334,2023,8,,0.635992,64.66875
ME,202335,2023,8,,0.467638,64.66875
ME,202336,2023,9,,0.544041,62.075
ME,202337,2023,9,,0.684664,62.075
ME,202338,2023,9,,0.77748,62.075
ME,202339,2023,9,,0.894947,62.075
ME,202340,2023,10,2023-24,0.752304,52.80625
ME,202341,2023,10,2023-24,0.991231,52.80625
ME,202342,2023,10,2023-24,0.726548,52.80625
ME,202343,2023,10,2023-24,0.906063,52.80625
ME,202344,2023,10,2023-24,0.845128,52.80625
ME,202345,2023,11,2023-24,0.912779,33.55
ME,202346,2023,11,2023-24,1.19936,33.55
ME,202347,2023,11,2023-24,1.58815,33.55
ME,202348,2023,11,2023-24,1.64249,33.55
ME,202349,2023,12,2023-24,1.53153,30.8375
ME,202350,2023,12,2023-24,1.96117,30.8375
ME,202351,2023,12,2023-24,2.94445,30.8375
ME,202352,2023,12,2023-24,3.43784,30.8375
ME,202401,2023,12,2023-24,2.97081,30.8375
ME,202402,2024,1,2023-24,2.62324,22.9375
ME,202403,2024,1,2023-24,2.83747,22.9375
ME,202404,2024,1,2023-24,2.50549,22.9375
ME,202405,2024,1,2023-24,2.75175,22.9375
ME,202406,2024,2,2023-24,3.1892,26.1
ME,202407,2024,2,2023-24,3.25097,26.1
ME,202408,2024,2,2023-24,3.38994,26.1
ME,202409,2024,2,2023-24,2.67464,26.1
ME,202410,2024,3,2023-24,2.39486,34.275
ME,202411,2024,3,2023-24,2.02073,34.275
ME,202412,2024,3,2023-24,1.89232,34.275
ME,202413,2024,3,2023-24,1.98369,34.275
ME,202414,2024,3,2023-24,2.01616,34.275
ME,202415,2024,4,2023-24,1.66712,42.08125
ME,202416,2024,4,2023-24,1.4945,42.08125
ME,202417,2024,4,2023-24,1.18467,42.08125
ME,202418,2024,4,2023-24,1.20065,42.08125
ME,202419,2024,5,2023-24,1.17007,55.73125
ME,202420,2024,5,2023-24,1.19864,55.73125
ME,202421,2024,5,,0.890825,55.73125
ME,202422,2024,5,,0.703762,55.73125
ME,202423,2024,6,,0.708224,64.725
ME,202424,2024,6,,0.665504,64.725
ME,202425,2024,6,,0.75358,64.725
ME,202426,2024,6,,0.555417,64.725
ME,202427,2024,6,,0.673743,64.725
ME,202428,2024,7,,0.634123,70.7375
ME,202429,2024,7,,0.687511,70.7375
ME,202430,2024,7,,0.681453,70.7375
ME,202431,2024,7,,0.741611,70.7375
ME,202432,2024,8,,0.719023,66.43125
ME,202433,2024,8,,0.789065,66.43125
ME,202434,2024,8,,0.896012,66.43125
ME,202435,2024,8,,0.786344,66.43125
ME,202436,2024,9,,0.855329,60.09375
ME,202437,2024,9,,1.10086,60.09375
ME,202438,2024,9,,1.14028,60.09375
ME,202439,2024,9,,1.06631,60.09375
ME,202440,2024,9,2024-25,1.02055,60.09375
ME,202441,2024,10,2024-25,1.22961,48.89375
ME,202442,2024,10,2024-25,1.42652,48.89375
ME,202443,2024,10,2024-25,1.56231,48.89375
ME,202444,2024,10,2024-25,1.70224,48.89375
ME,202445,2024,11,2024-25,1.58396,40.4
ME,202446,2024,11,2024-25,1.40131,40.4
ME,202447,2024,11,2024-25,1.60663,40.4
ME,202448,2024,11,2024-25,1.37313,40.4
ME,202449,2024,12,2024-25,1.60833,24.95625
ME,202450,2024,12,2024-25,1.44634,24.95625
ME,202451,2024,12,2024-25,1.53191,24.95625
ME,202452,2024,12,2024-25,2.65513,24.95625
ME,202501,2024,12,2024-25,3.20662,24.95625
ME,202502,2025,1,2024-25,2.91044,18.325
ME,202503,2025,1,2024-25,3.6117,18.325
ME,202504,2025,1,2024-25,4.88272,18.325
ME,202505,2025,1,2024-25,5.73148,18.325
ME,202506,2025,2,2024-25,6.71819,18.2125
ME,202507,2025,2,2024-25,8.77977,18.2125
ME,202508,2025,2,2024-25,8.06857,18.2125
ME,202509,2025,2,2024-25,6.29832,18.2125
ME,202510,2025,3,2024-25,5.77899,32.225
ME,202511,2025,3,2024-25,4.5248,32.225
ME,202512,2025,3,2024-25,3.90877,32.225
ME,202513,2025,3,2024-25,3.49137,32.225
ME,202514,2025,3,2024-25,3.00292,32.225
ME,202515,2025,4,2024-25,2.57591,42.1625
ME,202516,2025,4,2024-25,1.95999,42.1625
ME,202517,2025,4,2024-25,1.47108,42.1625
ME,202518,2025,4,2024-25,1.05179,42.1625
ME,202519,2025,5,2024-25,0.856106,53.5375
ME,202520,2025,5,2024-25,0.876628,53.5375
ME,202521,2025,5,,0.778085,53.5375
ME,202522,2025,5,,0.811481,53.5375
ME,202523,2025,6,,0.812833,62.90625
ME,202524,2025,6,,0.645066,62.90625
ME,202525,2025,6,,0.697162,62.90625
ME,202526,2025,6,,0.536844,62.90625
ME,202527,2025,6,,0.717254,62.90625
ME,202528,2025,7,,0.424764,69.43125
ME,202529,2025,7,,0.396825,69.43125
ME,202530,2025,7,,0.37055,69.43125
ME,202531,2025,7,,0.500366,69.43125
ME,202532,2025,8,,0.454804,66.025
ME,202533,2025,8,,0.444917,66.025
ME,202534,2025,8,,0.465936,66.025
ME,202535,2025,8,,0.41648,66.025
ME,202536,2025,8,,0.437666,66.025
ME,202537,2025,9,,0.464751,59.6875
ME,202538,2025,9,,0.870294,59.6875
ME,202539,2025,9,,0.723187,59.6875
ME,202540,2025,9,2025-26,0.709499,59.6875
ME,202541,2025,10,2025-26,0.697314,49.88125
ME,202542,2025,10,2025-26,0.617623,49.88125
ME,202543,2025,10,2025-26,0.684282,49.88125
ME,202544,2025,10,2025-26,0.764061,49.88125
ME,202545,2025,11,2025-26,0.862129,35.53125
ME,202546,2025,11,2025-26,0.889806,35.53125
ME,202547,2025,11,2025-26,0.890019,35.53125
ME,202548,2025,11,2025-26,1.19647,35.53125
ME,202549,2025,11,2025-26,1.31424,35.53125
ME,202550,2025,12,2025-26,1.85739,19.9375
ME,202551,2025,12,2025-26,3.40985,19.9375
ME,202552,2025,12,2025-26,8.06481,19.9375
ME,202553,2025,12,2025-26,7.6333,19.9375
ME,202601,2026,1,2025-26,4.94255,16.89375
ME,202602,2026,1,2025-26,4.69839,16.89375
ME,202603,2026,1,2025-26,4.02654,16.89375
ME,202604,2026,1,2025-26,3.49902,16.89375
ME,202605,2026,2,2025-26,3.09653,18.75625
ME,202606,2026,2,2025-26,2.98369,18.75625
ME,202607,2026,2,2025-26,2.82398,18.75625
ME,202608,2026,2,2025-26,2.17647,18.75625
ME,202609,2026,3,2025-26,1.94471,31.43125
ME,202610,2026,3,2025-26,1.93233,31.43125
ME,202611,2026,3,2025-26,1.88002,31.43125
ME,202612,2026,3,2025-26,2.0253,31.43125
ME,202613,2026,3,2025-26,1.96779,31.43125
ME,202614,2026,4,2025-26,1.88174,41.99375
ME,202615,2026,4,2025-26,1.24263,41.99375
ME,202616,2026,4,2025-26,1.16279,41.99375
ME,202617,2026,4,2025-26,0.963837,41.99375
ME,202618,2026,5,2025-26,0.882511,52.44375
ME,202619,2026,5,2025-26,0.678832,52.44375
ME,202620,2026,5,2025-26,0.589949,52.44375
ME,202621,2026,5,,0.535526,52.44375
ME,202622,2026,5,,0.448332,52.44375
ME,202623,2026,6,,0.395389,63.875
ME,202624,2026,6,,0.284657,63.875
ME,202625,2026,6,,0.399578,63.875
ME,202626,2026,6,,0.269737,63.875
ME,202627,2026,7,,0.259097,68.41875
ME,202628,2026,7,,0.269621,68.41875
ME,202629,2026,7,,0.273338,68.41875
ME,202630,2026,7,,0.135493,68.41875
ME,202631,2026,8,,0.19116,68.2375
ME,202632,2026,8,,0.212314,68.2375
ME,202633,2026,8,,0.229455,68.2375
ME,202634,2026,8,,0.23854,68.2375
ME,202635,2026,8,,0.292106,68.2375
ME,202636,2026,9,,0.465299,
ME,202637,2026,9,,0.564888,
NH,201040,2010,10,2010-11,0.0759301,47.14
NH,201041,2010,10,2010-11,0.0924642,47.14
NH,201042,2010,10,2010-11,0.29361,47.14
NH,201043,2010,10,2010-11,0.178795,47.14
NH,201044,2010,10,2010-11,0.294372,47.14
NH,201045,2010,11,2010-11,0.304414,37.019999999999996
NH,201046,2010,11,2010-11,0.279281,37.019999999999996
NH,201047,2010,11,2010-11,0.205181,37.019999999999996
NH,201048,2010,11,2010-11,0.138806,37.019999999999996
NH,201049,2010,12,2010-11,0.247015,24.240000000000002
NH,201050,2010,12,2010-11,0.070922,24.240000000000002
NH,201051,2010,12,2010-11,0.243309,24.240000000000002
NH,201052,2010,12,2010-11,0.266046,24.240000000000002
NH,201101,2011,1,2010-11,0.328757,17.68
NH,201102,2011,1,2010-11,0.231774,17.68
NH,201103,2011,1,2010-11,0.422744,17.68
NH,201104,2011,1,2010-11,0.413456,17.68
NH,201105,2011,1,2010-11,0.504732,17.68
NH,201106,2011,2,2010-11,0.725821,19.65
NH,201107,2011,2,2010-11,0.66166,19.65
NH,201108,2011,2,2010-11,0.766522,19.65
NH,201109,2011,2,2010-11,0.939249,19.65
NH,201110,2011,3,2010-11,0.529101,30.46
NH,201111,2011,3,2010-11,0.541883,30.46
NH,201112,2011,3,2010-11,0.388199,30.46
NH,201113,2011,3,2010-11,0.484352,30.46
NH,201114,2011,4,2010-11,0.196773,43.46
NH,201115,2011,4,2010-11,0.0591017,43.46
NH,201116,2011,4,2010-11,0.0441501,43.46
NH,201117,2011,4,2010-11,0.161253,43.46
NH,201118,2011,5,2010-11,0.0752257,56.39
NH,201119,2011,5,2010-11,0.0706048,56.39
NH,201120,2011,5,2010-11,0.0680735,56.39
NH,201121,2011,5,,0.03125,56.39
NH,201122,2011,5,,0.0448229,56.39
NH,201123,2011,6,,0.0,62.79
NH,201124,2011,6,,0.0,62.79
NH,201125,2011,6,,0.0367107,62.79
NH,201126,2011,6,,0.041876,62.79
NH,201127,2011,7,,0.0,70.08
NH,201128,2011,7,,0.0,70.08
NH,201129,2011,7,,0.0329381,70.08
NH,201130,2011,7,,0.0,70.08
NH,201131,2011,7,,0.0308071,70.08
NH,201132,2011,8,,0.0,67.03
NH,201133,2011,8,,0.0314465,67.03
NH,201134,2011,8,,0.0,67.03
NH,201135,2011,8,,0.032,67.03
NH,201136,2011,9,,0.0,61.720000000000006
NH,201137,2011,9,,0.0297885,61.720000000000006
NH,201138,2011,9,,0.08726,61.720000000000006
NH,201139,2011,9,,0.150466,61.720000000000006
NH,201140,2011,10,2011-12,0.120518,48.94
NH,201141,2011,10,2011-12,0.253646,48.94
NH,201142,2011,10,2011-12,0.128182,48.94
NH,201143,2011,10,2011-12,0.384053,48.94
NH,201144,2011,10,2011-12,0.271897,48.94
NH,201145,2011,11,2011-12,0.285225,40.95
NH,201146,2011,11,2011-12,0.380417,40.95
NH,201147,2011,11,2011-12,0.285789,40.95
NH,201148,2011,11,2011-12,0.33153,40.95
NH,201149,2011,12,2011-12,0.348584,30.48
NH,201150,2011,12,2011-12,0.358637,30.48
NH,201151,2011,12,2011-12,0.220662,30.48
NH,201152,2011,12,2011-12,0.245474,30.48
NH,201201,2012,1,2011-12,0.367647,23.9
NH,201202,2012,1,2011-12,0.140788,23.9
NH,201203,2012,1,2011-12,0.263371,23.9
NH,201204,2012,1,2011-12,0.0986388,23.9
NH,201205,2012,1,2011-12,0.314465,23.9
NH,201206,2012,2,2011-12,0.256363,28.119999999999997
NH,201207,2012,2,2011-12,0.149561,28.119999999999997
NH,201208,2012,2,2011-12,0.331744,28.119999999999997
NH,201209,2012,2,2011-12,0.0674916,28.119999999999997
NH,201210,2012,3,2011-12,0.099167,39.96
NH,201211,2012,3,2011-12,0.200401,39.96
NH,201212,2012,3,2011-12,0.0869376,39.96
NH,201213,2012,3,2011-12,0.12844,39.96
NH,201214,2012,4,2011-12,0.166182,45.18
NH,201215,2012,4,2011-12,0.149222,45.18
NH,201216,2012,4,2011-12,0.23986,45.18
NH,201217,2012,4,2011-12,0.136116,45.18
NH,201218,2012,4,2011-12,0.11325,45.18
NH,201219,2012,5,2011-12,0.102407,57.64
NH,201220,2012,5,2011-12,0.0561325,57.64
NH,201221,2012,5,,0.097688,57.64
NH,201222,2012,5,,0.0411353,57.64
NH,201223,2012,6,,0.0936914,62.77
NH,201224,2012,6,,0.100167,62.77
NH,201225,2012,6,,0.0,62.77
NH,201226,2012,6,,0.0845666,62.77
NH,201227,2012,7,,0.0430849,69.86
NH,201228,2012,7,,0.0,69.86
NH,201229,2012,7,,0.0435161,69.86
NH,201230,2012,7,,0.0,69.86
NH,201231,2012,7,,0.0815328,69.86
NH,201232,2012,8,,0.0,68.97
NH,201233,2012,8,,0.0371747,68.97
NH,201234,2012,8,,0.0,68.97
NH,201235,2012,8,,0.0738007,68.97
NH,201236,2012,9,,0.086881,58.36
NH,201237,2012,9,,0.0347947,58.36
NH,201238,2012,9,,0.0695652,58.36
NH,201239,2012,9,,0.0345781,58.36
NH,201240,2012,9,2012-13,0.27027,58.36
NH,201241,2012,10,2012-13,0.121242,50.339999999999996
NH,201242,2012,10,2012-13,0.0763942,50.339999999999996
NH,201243,2012,10,2012-13,0.148841,50.339999999999996
NH,201244,2012,10,2012-13,0.145702,50.339999999999996
NH,201245,2012,11,2012-13,0.166632,35.2
NH,201246,2012,11,2012-13,0.136612,35.2
NH,201247,2012,11,2012-13,0.191571,35.2
NH,201248,2012,11,2012-13,0.356415,35.2
NH,201249,2012,12,2012-13,0.406091,29.51
NH,201250,2012,12,2012-13,0.81172,29.51
NH,201251,2012,12,2012-13,1.81046,29.51
NH,201252,2012,12,2012-13,2.24676,29.51
NH,201301,2012,12,2012-13,2.4187,29.51
NH,201302,2013,1,2012-13,3.09771,21.48
NH,201303,2013,1,2012-13,2.3704,21.48
NH,201304,2013,1,2012-13,1.14967,21.48
NH,201305,2013,1,2012-13,0.90151,21.48
NH,201306,2013,2,2012-13,0.714445,24.009999999999998
NH,201307,2013,2,2012-13,0.439422,24.009999999999998
NH,201308,2013,2,2012-13,0.502952,24.009999999999998
NH,201309,2013,2,2012-13,0.810214,24.009999999999998
NH,201310,2013,3,2012-13,0.350058,31.689999999999998
NH,201311,2013,3,2012-13,0.383247,31.689999999999998
NH,201312,2013,3,2012-13,0.609162,31.689999999999998
NH,201313,2013,3,2012-13,0.333704,31.689999999999998
NH,201314,2013,3,2012-13,0.301789,31.689999999999998
NH,201315,2013,4,2012-13,0.595998,43.010000000000005
NH,201316,2013,4,2012-13,0.105597,43.010000000000005
NH,201317,2013,4,2012-13,0.134862,43.010000000000005
NH,201318,2013,4,2012-13,0.150966,43.010000000000005
NH,201319,2013,5,2012-13,0.0,55.39
NH,201320,2013,5,2012-13,0.036914,55.39
NH,201321,2013,5,,0.0394322,55.39
NH,201322,2013,5,,0.0,55.39
NH,201323,2013,6,,0.0518403,63.95
NH,201324,2013,6,,0.0365497,63.95
NH,201325,2013,6,,0.0,63.95
NH,201326,2013,6,,0.0851064,63.95
NH,201327,2013,6,,0.105374,63.95
NH,201328,2013,7,,0.0776398,71.44
NH,201329,2013,7,,0.0392465,71.44
NH,201330,2013,7,,0.0,71.44
NH,201331,2013,7,,0.0446628,71.44
NH,201332,2013,8,,0.0460193,65.53
NH,201333,2013,8,,0.0457038,65.53
NH,201334,2013,8,,0.084246,65.53
NH,201335,2013,8,,0.0,65.53
NH,201336,2013,9,,0.1443,58.25
NH,201337,2013,9,,0.0382409,58.25
NH,201338,2013,9,,0.0581058,58.25
NH,201339,2013,9,,0.0802246,58.25
NH,201340,2013,9,2013-14,0.0760601,58.25
NH,201341,2013,10,2013-14,0.0736784,48.64
NH,201342,2013,10,2013-14,0.0366838,48.64
NH,201343,2013,10,2013-14,0.122951,48.64
NH,201344,2013,10,2013-14,0.144796,48.64
NH,201345,2013,11,2013-14,0.273684,34.08
NH,201346,2013,11,2013-14,0.191083,34.08
NH,201347,2013,11,2013-14,0.216068,34.08
NH,201348,2013,11,2013-14,0.157679,34.08
NH,201349,2013,12,2013-14,0.107852,23.07
NH,201350,2013,12,2013-14,0.172117,23.07
NH,201351,2013,12,2013-14,0.101807,23.07
NH,201352,2013,12,2013-14,0.512164,23.07
NH,201401,2013,12,2013-14,0.384212,23.07
NH,201402,2014,1,2013-14,0.826887,17.509999999999998
NH,201403,2014,1,2013-14,0.977278,17.509999999999998
NH,201404,2014,1,2013-14,1.08745,17.509999999999998
NH,201405,2014,1,2013-14,0.574205,17.509999999999998
NH,201406,2014,2,2013-14,0.830816,19.009999999999998
NH,201407,2014,2,2013-14,0.363542,19.009999999999998
NH,201408,2014,2,2013-14,0.516917,19.009999999999998
NH,201409,2014,2,2013-14,0.374964,19.009999999999998
NH,201410,2014,3,2013-14,0.294827,22.990000000000002
NH,201411,2014,3,2013-14,0.492914,22.990000000000002
NH,201412,2014,3,2013-14,0.254866,22.990000000000002
NH,201413,2014,3,2013-14,0.12475,22.990000000000002
NH,201414,2014,3,2013-14,0.294184,22.990000000000002
NH,201415,2014,4,2013-14,0.416157,42.44
NH,201416,2014,4,2013-14,0.381679,42.44
NH,201417,2014,4,2013-14,0.268673,42.44
NH,201418,2014,4,2013-14,0.124766,42.44
NH,201419,2014,5,2013-14,0.418556,54.64
NH,201420,2014,5,2013-14,0.125313,54.64
NH,201421,2014,5,,0.0335796,54.64
NH,201422,2014,5,,0.0,54.64
NH,201423,2014,6,,0.0393236,63.57000000000001
NH,201424,2014,6,,0.0,63.57000000000001
NH,201425,2014,6,,0.0421408,63.57000000000001
NH,201426,2014,6,,0.0454339,63.57000000000001
NH,201427,2014,6,,0.199071,63.57000000000001
NH,201428,2014,7,,0.0,68.82000000000001
NH,201429,2014,7,,0.0,68.82000000000001
NH,201430,2014,7,,0.0,68.82000000000001
NH,201431,2014,7,,0.0,68.82000000000001
NH,201432,2014,8,,0.0,64.6
NH,201433,2014,8,,0.0,64.6
NH,201434,2014,8,,0.0,64.6
NH,201435,2014,8,,0.0883002,64.6
NH,201436,2014,8,,0.0510204,64.6
NH,201437,2014,9,,0.178651,58.55
NH,201438,2014,9,,0.087146,58.55
NH,201439,2014,9,,0.0,58.55
NH,201440,2014,9,2014-15,0.0233372,58.55
NH,201441,2014,10,2014-15,0.281577,50.38
NH,201442,2014,10,2014-15,0.0609756,50.38
NH,201443,2014,10,2014-15,0.10142,50.38
NH,201444,2014,10,2014-15,0.269906,50.38
NH,201445,2014,11,2014-15,0.299222,34.56
NH,201446,2014,11,2014-15,0.241935,34.56
NH,201447,2014,11,2014-15,0.225317,34.56
NH,201448,2014,11,2014-15,0.0902799,34.56
NH,201449,2014,11,2014-15,0.157092,34.56
NH,201450,2014,12,2014-15,0.135747,29.580000000000002
NH,201451,2014,12,2014-15,0.282978,29.580000000000002
NH,201452,2014,12,2014-15,0.255195,29.580000000000002
NH,201453,2014,12,2014-15,0.721709,29.580000000000002
NH,201501,2015,1,2014-15,1.11036,15.780000000000001
NH,201502,2015,1,2014-15,1.02768,15.780000000000001
NH,201503,2015,1,2014-15,1.9408,15.780000000000001
NH,201504,2015,1,2014-15,1.68977,15.780000000000001
NH,201505,2015,2,2014-15,1.88324,9.22
NH,201506,2015,2,2014-15,1.37758,9.22
NH,201507,2015,2,2014-15,1.30143,9.22
NH,201508,2015,2,2014-15,0.779111,9.22
NH,201509,2015,3,2014-15,0.765249,24.98
NH,201510,2015,3,2014-15,0.614667,24.98
NH,201511,2015,3,2014-15,0.257954,24.98
NH,201512,2015,3,2014-15,0.386681,24.98
NH,201513,2015,3,2014-15,0.42687,24.98
NH,201514,2015,4,2014-15,0.442478,41.59
NH,201515,2015,4,2014-15,0.241228,41.59
NH,201516,2015,4,2014-15,0.349913,41.59
NH,201517,2015,4,2014-15,0.262467,41.59
NH,201518,2015,5,2014-15,0.137394,59.67999999999999
NH,201519,2015,5,2014-15,0.0493218,59.67999999999999
NH,201520,2015,5,2014-15,0.106326,59.67999999999999
NH,201521,2015,5,,0.0,59.67999999999999
NH,201522,2015,5,,0.0826446,59.67999999999999
NH,201523,2015,6,,0.0828729,60.970000000000006
NH,201524,2015,6,,0.0589971,60.970000000000006
NH,201525,2015,6,,0.0300933,60.970000000000006
NH,201526,2015,6,,0.036483,60.970000000000006
NH,201527,2015,7,,0.0,67.78
NH,201528,2015,7,,0.0343171,67.78
NH,201529,2015,7,,0.0,67.78
NH,201530,2015,7,,0.0,67.78
NH,201531,2015,8,,0.0345543,68.37
NH,201532,2015,8,,0.0,68.37
NH,201533,2015,8,,0.0859845,68.37
NH,201534,2015,8,,0.0,68.37
NH,201535,2015,8,,0.0729395,68.37
NH,201536,2015,9,,0.0478927,63.4
NH,201537,2015,9,,0.0733138,63.4
NH,201538,2015,9,,0.11592,63.4
NH,201539,2015,9,,0.0653595,63.4
NH,201540,2015,10,2015-16,0.0828672,46.089999999999996
NH,201541,2015,10,2015-16,0.17753,46.089999999999996
NH,201542,2015,10,2015-16,0.137426,46.089999999999996
NH,201543,2015,10,2015-16,0.20979,46.089999999999996
NH,201544,2015,11,2015-16,0.240385,40.5
NH,201545,2015,11,2015-16,0.209809,40.5
NH,201546,2015,11,2015-16,0.279525,40.5
NH,201547,2015,11,2015-16,0.10772,40.5
NH,201548,2015,11,2015-16,0.463897,40.5
NH,201549,2015,12,2015-16,0.464084,35.9
NH,201550,2015,12,2015-16,0.400168,35.9
NH,201551,2015,12,2015-16,0.416934,35.9
NH,201552,2015,12,2015-16,0.509404,35.9
NH,201601,2016,1,2015-16,0.368409,24.02
NH,201602,2016,1,2015-16,0.480077,24.02
NH,201603,2016,1,2015-16,0.408163,24.02
NH,201604,2016,1,2015-16,0.45045,24.02
NH,201605,2016,1,2015-16,0.588713,24.02
NH,201606,2016,2,2015-16,0.626305,26.52
NH,201607,2016,2,2015-16,0.655165,26.52
NH,201608,2016,2,2015-16,0.753212,26.52
NH,201609,2016,2,2015-16,0.783828,26.52
NH,201610,2016,3,2015-16,1.2543,36.339999999999996
NH,201611,2016,3,2015-16,1.27737,36.339999999999996
NH,201612,2016,3,2015-16,1.18102,36.339999999999996
NH,201613,2016,3,2015-16,1.36437,36.339999999999996
NH,201614,2016,4,2015-16,0.932994,41.29
NH,201615,2016,4,2015-16,0.750313,41.29
NH,201616,2016,4,2015-16,0.424989,41.29
NH,201617,2016,4,2015-16,0.428266,41.29
NH,201618,2016,5,2015-16,0.56843,55.36
NH,201619,2016,5,2015-16,0.417864,55.36
NH,201620,2016,5,2015-16,0.471698,55.36
NH,201621,2016,5,,0.264296,55.36
NH,201622,2016,5,,0.379027,55.36
NH,201623,2016,6,,0.406642,63.470000000000006
NH,201624,2016,6,,0.3001,63.470000000000006
NH,201625,2016,6,,0.187477,63.470000000000006
NH,201626,2016,6,,0.247001,63.470000000000006
NH,201627,2016,7,,0.138504,69.38
NH,201628,2016,7,,0.351741,69.38
NH,201629,2016,7,,0.266845,69.38
NH,201630,2016,7,,0.411734,69.38
NH,201631,2016,7,,0.505561,69.38
NH,201632,2016,8,,0.469729,69.03999999999999
NH,201633,2016,8,,0.369783,69.03999999999999
NH,201634,2016,8,,0.498753,69.03999999999999
NH,201635,2016,8,,0.341463,69.03999999999999
NH,201636,2016,9,,0.588235,61.3
NH,201637,2016,9,,0.260281,61.3
NH,201638,2016,9,,0.455373,61.3
NH,201639,2016,9,,0.408998,61.3
NH,201640,2016,10,2016-17,0.249252,48.62
NH,201641,2016,10,2016-17,0.225035,48.62
NH,201642,2016,10,2016-17,0.219619,48.62
NH,201643,2016,10,2016-17,0.332305,48.62
NH,201644,2016,10,2016-17,0.50438,48.62
NH,201645,2016,11,2016-17,0.461277,38.62
NH,201646,2016,11,2016-17,0.353857,38.62
NH,201647,2016,11,2016-17,0.356506,38.62
NH,201648,2016,11,2016-17,0.299057,38.62
NH,201649,2016,12,2016-17,0.333847,25.25
NH,201650,2016,12,2016-17,0.463679,25.25
NH,201651,2016,12,2016-17,0.563222,25.25
NH,201652,2016,12,2016-17,0.219974,25.25
NH,201701,2017,1,2016-17,0.536616,26.630000000000003
NH,201702,2017,1,2016-17,0.620417,26.630000000000003
NH,201703,2017,1,2016-17,0.517007,26.630000000000003
NH,201704,2017,1,2016-17,0.693756,26.630000000000003
NH,201705,2017,1,2016-17,0.632431,26.630000000000003
NH,201706,2017,2,2016-17,1.19889,27.669999999999998
NH,201707,2017,2,2016-17,1.6573,27.669999999999998
NH,201708,2017,2,2016-17,1.71595,27.669999999999998
NH,201709,2017,2,2016-17,1.18394,27.669999999999998
NH,201710,2017,3,2016-17,1.06908,26.48
NH,201711,2017,3,2016-17,1.24528,26.48
NH,201712,2017,3,2016-17,1.09769,26.48
NH,201713,2017,3,2016-17,0.891892,26.48
NH,201714,2017,4,2016-17,1.77638,46.62
NH,201715,2017,4,2016-17,0.722624,46.62
NH,201716,2017,4,2016-17,1.16248,46.62
NH,201717,2017,4,2016-17,0.540541,46.62
NH,201718,2017,4,2016-17,0.421941,46.62
NH,201719,2017,5,2016-17,0.682788,52.870000000000005
NH,201720,2017,5,2016-17,0.373367,52.870000000000005
NH,201721,2017,5,,0.388007,52.870000000000005
NH,201722,2017,5,,0.471032,52.870000000000005
NH,201723,2017,6,,0.2456,63.32000000000001
NH,201724,2017,6,,0.239521,63.32000000000001
NH,201725,2017,6,,0.424268,63.32000000000001
NH,201726,2017,6,,0.12848,63.32000000000001
NH,201727,2017,7,,0.42709,67.28999999999999
NH,201728,2017,7,,0.660211,67.28999999999999
NH,201729,2017,7,,0.402994,67.28999999999999
NH,201730,2017,7,,0.589391,67.28999999999999
NH,201731,2017,7,,0.33761,67.28999999999999
NH,201732,2017,8,,0.357782,64.91
NH,201733,2017,8,,0.606878,64.91
NH,201734,2017,8,,0.431034,64.91
NH,201735,2017,8,,0.287219,64.91
NH,201736,2017,9,,0.282646,62.85
NH,201737,2017,9,,0.720461,62.85
NH,201738,2017,9,,0.448029,62.85
NH,201739,2017,9,,0.633446,62.85
NH,201740,2017,10,2017-18,0.679222,54.54
NH,201741,2017,10,2017-18,0.387919,54.54
NH,201742,2017,10,2017-18,0.454933,54.54
NH,201743,2017,10,2017-18,0.645705,54.54
NH,201744,2017,10,2017-18,0.720504,54.54
NH,201745,2017,11,2017-18,0.613497,35.6
NH,201746,2017,11,2017-18,0.375171,35.6
NH,201747,2017,11,2017-18,0.722022,35.6
NH,201748,2017,11,2017-18,0.76945,35.6
NH,201749,2017,12,2017-18,0.62383,20.71
NH,201750,2017,12,2017-18,0.785597,20.71
NH,201751,2017,12,2017-18,0.831444,20.71
NH,201752,2017,12,2017-18,0.787879,20.71
NH,201801,2017,12,2017-18,1.82501,20.71
NH,201802,2018,1,2017-18,1.75143,19.23
NH,201803,2018,1,2017-18,3.12259,19.23
NH,201804,2018,1,2017-18,3.56789,19.23
NH,201805,2018,1,2017-18,4.8031,19.23
NH,201806,2018,2,2017-18,6.68648,27.93
NH,201807,2018,2,2017-18,6.27188,27.93
NH,201808,2018,2,2017-18,3.47138,27.93
NH,201809,2018,2,2017-18,3.50989,27.93
NH,201810,2018,3,2017-18,1.83519,31.26
NH,201811,2018,3,2017-18,0.974314,31.26
NH,201812,2018,3,2017-18,0.829611,31.26
NH,201813,2018,3,2017-18,0.592085,31.26
NH,201814,2018,4,2017-18,1.12036,38.980000000000004
NH,201815,2018,4,2017-18,0.541321,38.980000000000004
NH,201816,2018,4,2017-18,0.733308,38.980000000000004
NH,201817,2018,4,2017-18,0.786749,38.980000000000004
NH,201818,2018,4,2017-18,0.585652,38.980000000000004
NH,201819,2018,5,2017-18,0.473588,58.029999999999994
NH,201820,2018,5,2017-18,0.464723,58.029999999999994
NH,201821,2018,5,,0.402299,58.029999999999994
NH,201822,2018,5,,0.504626,58.029999999999994
NH,201823,2018,6,,0.496102,62.239999999999995
NH,201824,2018,6,,0.780142,62.239999999999995
NH,201825,2018,6,,1.00358,62.239999999999995
NH,201826,2018,6,,0.538876,62.239999999999995
NH,201827,2018,7,,0.294695,70.64
NH,201828,2018,7,,0.445765,70.64
NH,201829,2018,7,,0.0770416,70.64
NH,201830,2018,7,,0.60015,70.64
NH,201831,2018,7,,1.17555,70.64
NH,201832,2018,8,,0.773395,70.1
NH,201833,2018,8,,0.938233,70.1
NH,201834,2018,8,,0.96225,70.1
NH,201835,2018,8,,0.185989,70.1
NH,201836,2018,9,,0.593472,61.9
NH,201837,2018,9,,0.430108,61.9
NH,201838,2018,9,,0.668258,61.9
NH,201839,2018,9,,0.704556,61.9
NH,201840,2018,9,2018-19,0.609756,61.9
NH,201841,2018,10,2018-19,0.195759,45.760000000000005
NH,201842,2018,10,2018-19,0.661417,45.760000000000005
NH,201843,2018,10,2018-19,0.739788,45.760000000000005
NH,201844,2018,10,2018-19,0.73193,45.760000000000005
NH,201845,2018,11,2018-19,0.795165,32.08
NH,201846,2018,11,2018-19,0.224888,32.08
NH,201847,2018,11,2018-19,0.191939,32.08
NH,201848,2018,11,2018-19,0.182083,32.08
NH,201849,2018,12,2018-19,0.721402,25.9
NH,201850,2018,12,2018-19,0.252799,25.9
NH,201851,2018,12,2018-19,0.717313,25.9
NH,201852,2018,12,2018-19,1.78571,25.9
NH,201901,2018,12,2018-19,0.812568,25.9
NH,201902,2019,1,2018-19,3.46747,19.23
NH,201903,2019,1,2018-19,3.05173,19.23
NH,201904,2019,1,2018-19,2.55781,19.23
NH,201905,2019,1,2018-19,2.06874,19.23
NH,201906,2019,2,2018-19,2.10873,22.11
NH,201907,2019,2,2018-19,2.55189,22.11
NH,201908,2019,2,2018-19,2.08,22.11
NH,201909,2019,2,2018-19,2.01751,22.11
NH,201910,2019,3,2018-19,1.63508,28.53
NH,201911,2019,3,2018-19,1.4068,28.53
NH,201912,2019,3,2018-19,1.41022,28.53
NH,201913,2019,3,2018-19,1.27466,28.53
NH,201914,2019,3,2018-19,1.54215,28.53
NH,201915,2019,4,2018-19,1.11152,43.5
NH,201916,2019,4,2018-19,0.791367,43.5
NH,201917,2019,4,2018-19,0.612495,43.5
NH,201918,2019,4,2018-19,0.737463,43.5
NH,201919,2019,5,2018-19,0.600375,52.120000000000005
NH,201920,2019,5,2018-19,0.751252,52.120000000000005
NH,201921,2019,5,,0.51458,52.120000000000005
NH,201922,2019,5,,0.449691,52.120000000000005
NH,201923,2019,6,,0.932256,62.31
NH,201924,2019,6,,0.436954,62.31
NH,201925,2019,6,,0.769231,62.31
NH,201926,2019,6,,0.691824,62.31
NH,201927,2019,6,,0.458716,62.31
NH,201928,2019,7,,0.411241,70.91
NH,201929,2019,7,,0.831793,70.91
NH,201930,2019,7,,0.0725163,70.91
NH,201931,2019,7,,0.253485,70.91
NH,201932,2019,8,,0.5997,66.52000000000001
NH,201933,2019,8,,0.541638,66.52000000000001
NH,201934,2019,8,,0.34153,66.52000000000001
NH,201935,2019,8,,0.111359,66.52000000000001
NH,201936,2019,9,,0.207182,58.31999999999999
NH,201937,2019,9,,0.0616523,58.31999999999999
NH,201938,2019,9,,0.0,58.31999999999999
NH,201939,2019,9,,0.178359,58.31999999999999
NH,201940,2019,9,2019-20,0.401786,58.31999999999999
NH,201941,2019,10,2019-20,0.186047,48.6
NH,201942,2019,10,2019-20,0.416281,48.6
NH,201943,2019,10,2019-20,0.655594,48.6
NH,201944,2019,10,2019-20,0.640478,48.6
NH,201945,2019,11,2019-20,0.957156,32.410000000000004
NH,201946,2019,11,2019-20,0.418799,32.410000000000004
NH,201947,2019,11,2019-20,0.613228,32.410000000000004
NH,201948,2019,11,2019-20,0.677966,32.410000000000004
NH,201949,2019,12,2019-20,0.645161,25.52
NH,201950,2019,12,2019-20,1.14521,25.52
NH,201951,2019,12,2019-20,1.48248,25.52
NH,201952,2019,12,2019-20,2.9595,25.52
NH,202001,2019,12,2019-20,2.31924,25.52
NH,202002,2020,1,2019-20,2.59542,26.160000000000004
NH,202003,2020,1,2019-20,2.72975,26.160000000000004
NH,202004,2020,1,2019-20,3.07624,26.160000000000004
NH,202005,2020,1,2019-20,4.38479,26.160000000000004
NH,202006,2020,2,2019-20,4.83114,25.4
NH,202007,2020,2,2019-20,5.81449,25.4
NH,202008,2020,2,2019-20,4.85481,25.4
NH,202009,2020,2,2019-20,4.34783,25.4
NH,202010,2020,3,2019-20,2.74041,35.15
NH,202011,2020,3,2019-20,1.79856,35.15
NH,202012,2020,3,2019-20,1.35135,35.15
NH,202013,2020,3,2019-20,0.573394,35.15
NH,202014,2020,3,2019-20,0.598802,35.15
NH,202015,2020,4,2019-20,0.41841,40.43
NH,202016,2020,4,2019-20,0.513347,40.43
NH,202017,2020,4,2019-20,0.10395,40.43
NH,202018,2020,4,2019-20,0.153374,40.43
NH,202019,2020,5,2019-20,0.0923361,54.11
NH,202020,2020,5,2019-20,0.0,54.11
NH,202021,2020,5,,0.0,54.11
NH,202022,2020,5,,0.0,54.11
NH,202023,2020,5,,0.0,54.11
NH,202024,2020,6,,0.234009,64.83
NH,202025,2020,6,,0.148699,64.83
NH,202026,2020,6,,0.230947,64.83
NH,202027,2020,6,,0.095057,64.83
NH,202028,2020,7,,0.159617,71.84
NH,202029,2020,7,,0.145349,71.84
NH,202030,2020,7,,0.4158,71.84
NH,202031,2020,7,,0.145349,71.84
NH,202032,2020,8,,0.153965,67.5
NH,202033,2020,8,,0.161031,67.5
NH,202034,2020,8,,0.0740741,67.5
NH,202035,2020,8,,0.209497,67.5
NH,202036,2020,8,,0.0769231,67.5
NH,202037,2020,9,,0.0,59.32000000000001
NH,202038,2020,9,,0.25974,59.32000000000001
NH,202039,2020,9,,0.396301,59.32000000000001
NH,202040,2020,9,2020-21,0.694816,59.32000000000001
NH,202041,2020,10,2020-21,0.652884,47.87
NH,202042,2020,10,2020-21,0.183824,47.87
NH,202043,2020,10,2020-21,0.595238,47.87
NH,202044,2020,10,2020-21,0.598504,47.87
NH,202045,2020,11,2020-21,0.419287,39.22
NH,202046,2020,11,2020-21,0.417755,39.22
NH,202047,2020,11,2020-21,0.23175,39.22
NH,202048,2020,11,2020-21,0.0878735,39.22
NH,202049,2020,11,2020-21,0.184957,39.22
NH,202050,2020,12,2020-21,0.113636,28.609999999999996
NH,202051,2020,12,2020-21,0.371287,28.609999999999996
NH,202052,2020,12,2020-21,0.261097,28.609999999999996
NH,202053,2020,12,2020-21,0.429799,28.609999999999996
NH,202101,2021,1,2020-21,0.235849,24.02
NH,202102,2021,1,2020-21,0.0874126,24.02
NH,202103,2021,1,2020-21,0.0,24.02
NH,202104,2021,1,2020-21,0.820345,24.02
NH,202105,2021,1,2020-21,0.145773,24.02
NH,202106,2021,2,2020-21,0.335121,21.56
NH,202107,2021,2,2020-21,0.0,21.56
NH,202108,2021,2,2020-21,0.1657,21.56
NH,202109,2021,2,2020-21,0.0721501,21.56
NH,202110,2021,3,2020-21,0.13947,33.47
NH,202111,2021,3,2020-21,0.204918,33.47
NH,202112,2021,3,2020-21,0.0708717,33.47
NH,202113,2021,3,2020-21,0.132714,33.47
NH,202114,2021,4,2020-21,0.216138,44.72
NH,202115,2021,4,2020-21,0.334448,44.72
NH,202116,2021,4,2020-21,0.295639,44.72
NH,202117,2021,4,2020-21,0.405186,44.72
NH,202118,2021,5,2020-21,0.283688,55.36
NH,202119,2021,5,2020-21,0.213068,55.36
NH,202120,2021,5,2020-21,0.0774593,55.36
NH,202121,2021,5,,0.104167,55.36
NH,202122,2021,5,,0.0,55.36
NH,202123,2021,6,,0.102564,66.78
NH,202124,2021,6,,0.0,66.78
NH,202125,2021,6,,0.0,66.78
NH,202126,2021,6,,0.212314,66.78
NH,202127,2021,7,,0.0,66.38
NH,202128,2021,7,,0.0980392,66.38
NH,202129,2021,7,,0.0921659,66.38
NH,202130,2021,7,,0.0,66.38
NH,202131,2021,8,,0.0,69.87
NH,202132,2021,8,,0.0,69.87
NH,202133,2021,8,,0.0,69.87
NH,202134,2021,8,,0.0,69.87
NH,202135,2021,8,,0.0747384,69.87
NH,202136,2021,9,,0.303721,61.339999999999996
NH,202137,2021,9,,0.350263,61.339999999999996
NH,202138,2021,9,,0.0,61.339999999999996
NH,202139,2021,9,,0.0,61.339999999999996
NH,202140,2021,10,2021-22,0.0,52.75
NH,202141,2021,10,2021-22,0.339559,52.75
NH,202142,2021,10,2021-22,0.37234,52.75
NH,202143,2021,10,2021-22,0.483325,52.75
NH,202144,2021,10,2021-22,0.659134,52.75
NH,202145,2021,11,2021-22,0.583576,36.760000000000005
NH,202146,2021,11,2021-22,0.381841,36.760000000000005
NH,202147,2021,11,2021-22,0.530504,36.760000000000005
NH,202148,2021,11,2021-22,0.927214,36.760000000000005
NH,202149,2021,12,2021-22,2.10009,29.889999999999997
NH,202150,2021,12,2021-22,1.31579,29.889999999999997
NH,202151,2021,12,2021-22,0.542986,29.889999999999997
NH,202152,2021,12,2021-22,0.856164,29.889999999999997
NH,202201,2022,1,2021-22,0.589971,16.009999999999998
NH,202202,2022,1,2021-22,0.641026,16.009999999999998
NH,202203,2022,1,2021-22,0.659522,16.009999999999998
NH,202204,2022,1,2021-22,0.503597,16.009999999999998
NH,202205,2022,1,2021-22,0.17762,16.009999999999998
NH,202206,2022,2,2021-22,0.15083,24.52
NH,202207,2022,2,2021-22,0.228311,24.52
NH,202208,2022,2,2021-22,0.168067,24.52
NH,202209,2022,2,2021-22,0.244101,24.52
NH,202210,2022,3,2021-22,0.306279,32.92
NH,202211,2022,3,2021-22,0.38373,32.92
NH,202212,2022,3,2021-22,2.58162,32.92
NH,202213,2022,3,2021-22,2.98329,32.92
NH,202214,2022,4,2021-22,1.67046,43.510000000000005
NH,202215,2022,4,2021-22,2.28097,43.510000000000005
NH,202216,2022,4,2021-22,1.22358,43.510000000000005
NH,202217,2022,4,2021-22,0.834939,43.510000000000005
NH,202218,2022,5,2021-22,0.686499,57.83
NH,202219,2022,5,2021-22,0.862069,57.83
NH,202220,2022,5,2021-22,0.567465,57.83
NH,202221,2022,5,,0.437063,57.83
NH,202222,2022,5,,0.111483,57.83
NH,202223,2022,6,,0.0,62.510000000000005
NH,202224,2022,6,,0.0863558,62.510000000000005
NH,202225,2022,6,,0.0946074,62.510000000000005
NH,202226,2022,6,,0.129199,62.510000000000005
NH,202227,2022,7,,0.559441,69.78
NH,202228,2022,7,,0.0,69.78
NH,202229,2022,7,,0.0965251,69.78
NH,202230,2022,7,,0.0949668,69.78
NH,202231,2022,7,,0.263852,69.78
NH,202232,2022,8,,0.0,70.67999999999999
NH,202233,2022,8,,0.0,70.67999999999999
NH,202234,2022,8,,0.101729,70.67999999999999
NH,202235,2022,8,,0.0,70.67999999999999
NH,202236,2022,9,,0.116144,58.870000000000005
NH,202237,2022,9,,0.257069,58.870000000000005
NH,202238,2022,9,,0.0,58.870000000000005
NH,202239,2022,9,,0.420926,58.870000000000005
NH,202240,2022,10,2022-23,0.488998,49.21
NH,202241,2022,10,2022-23,0.398936,49.21
NH,202242,2022,10,2022-23,0.608273,49.21
NH,202243,2022,10,2022-23,0.619408,49.21
NH,202244,2022,10,2022-23,0.770599,49.21
NH,202245,2022,11,2022-23,0.428135,40.33
NH,202246,2022,11,2022-23,0.364964,40.33
NH,202247,2022,11,2022-23,0.899888,40.33
NH,202248,2022,11,2022-23,1.42857,40.33
NH,202249,2022,12,2022-23,2.11538,29.02
NH,202250,2022,12,2022-23,2.12766,29.02
NH,202251,2022,12,2022-23,2.16777,29.02
NH,202252,2022,12,2022-23,1.93798,29.02
NH,202301,2023,1,2022-23,1.71858,29.939999999999998
NH,202302,2023,1,2022-23,0.870647,29.939999999999998
NH,202303,2023,1,2022-23,0.998185,29.939999999999998
NH,202304,2023,1,2022-23,0.944206,29.939999999999998
NH,202305,2023,1,2022-23,0.456323,29.939999999999998
NH,202306,2023,2,2022-23,0.86741,25.29
NH,202307,2023,2,2022-23,1.46374,25.29
NH,202308,2023,2,2022-23,1.60502,25.29
NH,202309,2023,2,2022-23,0.915332,25.29
NH,202310,2023,3,2022-23,1.30226,33.22
NH,202311,2023,3,2022-23,0.707339,33.22
NH,202312,2023,3,2022-23,0.582147,33.22
NH,202313,2023,3,2022-23,0.725953,33.22
NH,202314,2023,4,2022-23,1.26783,45.82
NH,202315,2023,4,2022-23,0.802139,45.82
NH,202316,2023,4,2022-23,0.323625,45.82
NH,202317,2023,4,2022-23,0.236035,45.82
NH,202318,2023,4,2022-23,0.552486,45.82
NH,202319,2023,5,2022-23,0.426621,53.67999999999999
NH,202320,2023,5,2022-23,0.704225,53.67999999999999
NH,202321,2023,5,,0.1221,53.67999999999999
NH,202322,2023,5,,0.170068,53.67999999999999
NH,202323,2023,6,,0.123001,62.529999999999994
NH,202324,2023,6,,0.561272,62.529999999999994
NH,202325,2023,6,,0.203459,62.529999999999994
NH,202326,2023,6,,0.0,62.529999999999994
NH,202327,2023,7,,0.281294,71.21000000000001
NH,202328,2023,7,,0.1443,71.21000000000001
NH,202329,2023,7,,0.131926,71.21000000000001
NH,202330,2023,7,,0.106157,71.21000000000001
NH,202331,2023,7,,0.212089,71.21000000000001
NH,202332,2023,8,,0.543478,65.27000000000001
NH,202333,2023,8,,0.0,65.27000000000001
NH,202334,2023,8,,0.0997009,65.27000000000001
NH,202335,2023,8,,0.314465,65.27000000000001
NH,202336,2023,9,,0.529101,62.239999999999995
NH,202337,2023,9,,0.365965,62.239999999999995
NH,202338,2023,9,,0.773994,62.239999999999995
NH,202339,2023,9,,0.550585,62.239999999999995
NH,202340,2023,10,2023-24,0.332188,53.010000000000005
NH,202341,2023,10,2023-24,0.348028,53.010000000000005
NH,202342,2023,10,2023-24,0.432496,53.010000000000005
NH,202343,2023,10,2023-24,0.446275,53.010000000000005
NH,202344,2023,10,2023-24,0.514426,53.010000000000005
NH,202345,2023,11,2023-24,0.563024,34.43
NH,202346,2023,11,2023-24,0.730404,34.43
NH,202347,2023,11,2023-24,0.762786,34.43
NH,202348,2023,11,2023-24,1.12715,34.43
NH,202349,2023,12,2023-24,1.84711,33.339999999999996
NH,202350,2023,12,2023-24,2.48421,33.339999999999996
NH,202351,2023,12,2023-24,3.63771,33.339999999999996
NH,202352,2023,12,2023-24,4.14201,33.339999999999996
NH,202401,2023,12,2023-24,2.99853,33.339999999999996
NH,202402,2024,1,2023-24,3.08022,25.57
NH,202403,2024,1,2023-24,2.96395,25.57
NH,202404,2024,1,2023-24,2.5416,25.57
NH,202405,2024,1,2023-24,2.86404,25.57
NH,202406,2024,2,2023-24,2.79586,28.310000000000002
NH,202407,2024,2,2023-24,2.76719,28.310000000000002
NH,202408,2024,2,2023-24,2.64693,28.310000000000002
NH,202409,2024,2,2023-24,3.0359,28.310000000000002
NH,202410,2024,3,2023-24,2.31579,36.08
NH,202411,2024,3,2023-24,1.7017,36.08
NH,202412,2024,3,2023-24,1.60362,36.08
NH,202413,2024,3,2023-24,1.65545,36.08
NH,202414,2024,3,2023-24,1.68518,36.08
NH,202415,2024,4,2023-24,1.69284,43.79
NH,202416,2024,4,2023-24,1.38233,43.79
NH,202417,2024,4,2023-24,1.37716,43.79
NH,202418,2024,4,2023-24,1.05071,43.79
NH,202419,2024,5,2023-24,1.14395,58.04
NH,202420,2024,5,2023-24,0.764179,58.04
NH,202421,2024,5,,0.625738,58.04
NH,202422,2024,5,,0.775671,58.04
NH,202423,2024,6,,0.743087,66.37
NH,202424,2024,6,,0.607488,66.37
NH,202425,2024,6,,0.362272,66.37
NH,202426,2024,6,,0.631704,66.37
NH,202427,2024,6,,0.466289,66.37
NH,202428,2024,7,,0.553332,72.32
NH,202429,2024,7,,0.560993,72.32
NH,202430,2024,7,,0.506861,72.32
NH,202431,2024,7,,0.689978,72.32
NH,202432,2024,8,,0.635386,66.6
NH,202433,2024,8,,0.546856,66.6
NH,202434,2024,8,,0.744602,66.6
NH,202435,2024,8,,0.596944,66.6
NH,202436,2024,9,,0.958313,60.39
NH,202437,2024,9,,0.74519,60.39
NH,202438,2024,9,,0.918379,60.39
NH,202439,2024,9,,0.868571,60.39
NH,202440,2024,9,2024-25,0.90008,60.39
NH,202441,2024,10,2024-25,1.10652,48.94
NH,202442,2024,10,2024-25,1.10701,48.94
NH,202443,2024,10,2024-25,1.29898,48.94
NH,202444,2024,10,2024-25,1.20923,48.94
NH,202445,2024,11,2024-25,1.12613,40.68
NH,202446,2024,11,2024-25,1.25815,40.68
NH,202447,2024,11,2024-25,1.44344,40.68
NH,202448,2024,11,2024-25,1.45663,40.68
NH,202449,2024,12,2024-25,1.45409,25.630000000000003
NH,202450,2024,12,2024-25,1.69184,25.630000000000003
NH,202451,2024,12,2024-25,2.50356,25.630000000000003
NH,202452,2024,12,2024-25,4.87465,25.630000000000003
NH,202501,2024,12,2024-25,4.45887,25.630000000000003
NH,202502,2025,1,2024-25,4.36468,19.509999999999998
NH,202503,2025,1,2024-25,6.29218,19.509999999999998
NH,202504,2025,1,2024-25,8.47092,19.509999999999998
NH,202505,2025,1,2024-25,10.2981,19.509999999999998
NH,202506,2025,2,2024-25,10.8133,20.21
NH,202507,2025,2,2024-25,9.9653,20.21
NH,202508,2025,2,2024-25,8.84113,20.21
NH,202509,2025,2,2024-25,6.63797,20.21
NH,202510,2025,3,2024-25,4.67186,34.63
NH,202511,2025,3,2024-25,4.06375,34.63
NH,202512,2025,3,2024-25,2.97888,34.63
NH,202513,2025,3,2024-25,2.23044,34.63
NH,202514,2025,3,2024-25,1.86771,34.63
NH,202515,2025,4,2024-25,1.70076,44.559999999999995
NH,202516,2025,4,2024-25,1.77528,44.559999999999995
NH,202517,2025,4,2024-25,1.77284,44.559999999999995
NH,202518,2025,4,2024-25,1.14408,44.559999999999995
NH,202519,2025,5,2024-25,0.762553,55.46
NH,202520,2025,5,2024-25,0.663586,55.46
NH,202521,2025,5,,0.788835,55.46
NH,202522,2025,5,,0.836013,55.46
NH,202523,2025,6,,0.461598,65.05
NH,202524,2025,6,,0.438077,65.05
NH,202525,2025,6,,0.451897,65.05
NH,202526,2025,6,,0.37803,65.05
NH,202527,2025,6,,0.477927,65.05
NH,202528,2025,7,,0.376117,71.22
NH,202529,2025,7,,0.386437,71.22
NH,202530,2025,7,,0.286747,71.22
NH,202531,2025,7,,0.271432,71.22
NH,202532,2025,8,,0.35506,66.19
NH,202533,2025,8,,0.374894,66.19
NH,202534,2025,8,,0.383047,66.19
NH,202535,2025,8,,0.455362,66.19
NH,202536,2025,8,,0.348149,66.19
NH,202537,2025,9,,0.471032,60.52
NH,202538,2025,9,,0.43194,60.52
NH,202539,2025,9,,0.69023,60.52
NH,202540,2025,9,2025-26,0.745448,60.52
NH,202541,2025,10,2025-26,0.478916,49.64
NH,202542,2025,10,2025-26,0.654747,49.64
NH,202543,2025,10,2025-26,0.618219,49.64
NH,202544,2025,10,2025-26,0.542215,49.64
NH,202545,2025,11,2025-26,0.778999,35.61
NH,202546,2025,11,2025-26,0.944577,35.61
NH,202547,2025,11,2025-26,0.908113,35.61
NH,202548,2025,11,2025-26,1.35458,35.61
NH,202549,2025,11,2025-26,1.44038,35.61
NH,202550,2025,12,2025-26,2.73638,21.35
NH,202551,2025,12,2025-26,5.97291,21.35
NH,202552,2025,12,2025-26,10.4862,21.35
NH,202553,2025,12,2025-26,8.82614,21.35
NH,202601,2026,1,2025-26,5.99309,18.32
NH,202602,2026,1,2025-26,5.72803,18.32
NH,202603,2026,1,2025-26,4.44997,18.32
NH,202604,2026,1,2025-26,3.37216,18.32
NH,202605,2026,2,2025-26,3.57545,19.09
NH,202606,2026,2,2025-26,3.2742,19.09
NH,202607,2026,2,2025-26,3.85306,19.09
NH,202608,2026,2,2025-26,3.45377,19.09
NH,202609,2026,3,2025-26,2.73706,33.78
NH,202610,2026,3,2025-26,2.70644,33.78
NH,202611,2026,3,2025-26,2.56864,33.78
NH,202612,2026,3,2025-26,2.64235,33.78
NH,202613,2026,3,2025-26,2.47402,33.78
NH,202614,2026,4,2025-26,1.82263,45.12
NH,202615,2026,4,2025-26,1.39051,45.12
NH,202616,2026,4,2025-26,0.793263,45.12
NH,202617,2026,4,2025-26,0.835905,45.12
NH,202618,2026,5,2025-26,0.748018,53.98
NH,202619,2026,5,2025-26,0.711913,53.98
NH,202620,2026,5,2025-26,0.672269,53.98
NH,202621,2026,5,,0.43473,53.98
NH,202622,2026,5,,0.518839,53.98
NH,202623,2026,6,,0.37624,65.39
NH,202624,2026,6,,0.367212,65.39
NH,202625,2026,6,,0.311713,65.39
NH,202626,2026,6,,0.326521,65.39
NH,202627,2026,7,,0.403179,68.99
NH,202628,2026,7,,0.279839,68.99
NH,202629,2026,7,,0.208053,68.99
NH,202630,2026,7,,0.274314,68.99
NH,202631,2026,8,,0.201658,68.39
NH,202632,2026,8,,0.227927,68.39
NH,202633,2026,8,,0.196899,68.39
NH,202634,2026,8,,0.214295,68.39
NH,202635,2026,8,,0.306945,68.39
NH,202636,2026,9,,0.320908,
NH,202637,2026,9,,0.540256,
NJ,201040,2010,10,2010-11,2.31534,56.10476190476191
NJ,201041,2010,10,2010-11,2.47836,56.10476190476191
NJ,201042,2010,10,2010-11,2.24812,56.10476190476191
NJ,201043,2010,10,2010-11,2.79286,56.10476190476191
NJ,201044,2010,10,2010-11,1.82877,56.10476190476191
NJ,201045,2010,11,2010-11,2.2031,45.13809523809524
NJ,201046,2010,11,2010-11,2.13716,45.13809523809524
NJ,201047,2010,11,2010-11,2.41758,45.13809523809524
NJ,201048,2010,11,2010-11,2.60116,45.13809523809524
NJ,201049,2010,12,2010-11,2.65371,30.876190476190477
NJ,201050,2010,12,2010-11,3.20073,30.876190476190477
NJ,201051,2010,12,2010-11,4.6438,30.876190476190477
NJ,201052,2010,12,2010-11,4.91358,30.876190476190477
NJ,201101,2011,1,2010-11,3.95271,27.26666666666667
NJ,201102,2011,1,2010-11,4.97268,27.26666666666667
NJ,201103,2011,1,2010-11,5.12435,27.26666666666667
NJ,201104,2011,1,2010-11,5.90291,27.26666666666667
NJ,201105,2011,1,2010-11,5.5993,27.26666666666667
NJ,201106,2011,2,2010-11,5.86393,34.233333333333334
NJ,201107,2011,2,2010-11,6.11392,34.233333333333334
NJ,201108,2011,2,2010-11,6.69849,34.233333333333334
NJ,201109,2011,2,2010-11,5.74113,34.233333333333334
NJ,201110,2011,3,2010-11,5.05526,41.28095238095238
NJ,201111,2011,3,2010-11,4.68859,41.28095238095238
NJ,201112,2011,3,2010-11,3.41036,41.28095238095238
NJ,201113,2011,3,2010-11,4.60678,41.28095238095238
NJ,201114,2011,4,2010-11,3.39574,53.838095238095235
NJ,201115,2011,4,2010-11,2.74671,53.838095238095235
NJ,201116,2011,4,2010-11,2.79318,53.838095238095235
NJ,201117,2011,4,2010-11,2.76842,53.838095238095235
NJ,201118,2011,5,2010-11,2.01081,63.76666666666667
NJ,201119,2011,5,2010-11,2.22222,63.76666666666667
NJ,201120,2011,5,2010-11,2.69103,63.76666666666667
NJ,201121,2011,5,,2.94975,63.76666666666667
NJ,201122,2011,5,,2.52839,63.76666666666667
NJ,201123,2011,6,,2.77982,71.88571428571429
NJ,201124,2011,6,,3.07871,71.88571428571429
NJ,201125,2011,6,,2.93454,71.88571428571429
NJ,201126,2011,6,,0.885138,71.88571428571429
NJ,201127,2011,7,,0.278035,78.48095238095237
NJ,201128,2011,7,,0.226693,78.48095238095237
NJ,201129,2011,7,,0.107411,78.48095238095237
NJ,201130,2011,7,,0.282486,78.48095238095237
NJ,201131,2011,7,,0.376921,78.48095238095237
NJ,201132,2011,8,,0.725295,73.69047619047619
NJ,201133,2011,8,,0.374208,73.69047619047619
NJ,201134,2011,8,,0.288517,73.69047619047619
NJ,201135,2011,8,,0.262536,73.69047619047619
NJ,201136,2011,9,,0.3003,68.8952380952381
NJ,201137,2011,9,,0.318979,68.8952380952381
NJ,201138,2011,9,,0.458891,68.8952380952381
NJ,201139,2011,9,,0.577327,68.8952380952381
NJ,201140,2011,10,2011-12,0.892694,55.86190476190476
NJ,201141,2011,10,2011-12,0.786838,55.86190476190476
NJ,201142,2011,10,2011-12,0.849558,55.86190476190476
NJ,201143,2011,10,2011-12,0.800712,55.86190476190476
NJ,201144,2011,10,2011-12,1.10031,55.86190476190476
NJ,201145,2011,11,2011-12,1.00402,48.88095238095238
NJ,201146,2011,11,2011-12,1.21234,48.88095238095238
NJ,201147,2011,11,2011-12,1.40955,48.88095238095238
NJ,201148,2011,11,2011-12,1.10861,48.88095238095238
NJ,201149,2011,12,2011-12,1.10777,40.54761904761905
NJ,201150,2011,12,2011-12,1.10917,40.54761904761905
NJ,201151,2011,12,2011-12,0.643678,40.54761904761905
NJ,201152,2011,12,2011-12,0.621891,40.54761904761905
NJ,201201,2012,1,2011-12,1.05178,35.49523809523809
NJ,201202,2012,1,2011-12,0.575402,35.49523809523809
NJ,201203,2012,1,2011-12,0.785512,35.49523809523809
NJ,201204,2012,1,2011-12,0.758214,35.49523809523809
NJ,201205,2012,1,2011-12,0.807918,35.49523809523809
NJ,201206,2012,2,2011-12,0.813166,38.94761904761905
NJ,201207,2012,2,2011-12,0.816933,38.94761904761905
NJ,201208,2012,2,2011-12,0.838095,38.94761904761905
NJ,201209,2012,2,2011-12,0.975707,38.94761904761905
NJ,201210,2012,3,2011-12,1.34273,49.88571428571428
NJ,201211,2012,3,2011-12,0.885591,49.88571428571428
NJ,201212,2012,3,2011-12,0.95732,49.88571428571428
NJ,201213,2012,3,2011-12,0.801221,49.88571428571428
NJ,201214,2012,4,2011-12,1.15403,52.714285714285715
NJ,201215,2012,4,2011-12,0.847647,52.714285714285715
NJ,201216,2012,4,2011-12,0.978394,52.714285714285715
NJ,201217,2012,4,2011-12,0.749906,52.714285714285715
NJ,201218,2012,4,2011-12,1.02529,52.714285714285715
NJ,201219,2012,5,2011-12,0.440222,65.13809523809525
NJ,201220,2012,5,2011-12,0.509793,65.13809523809525
NJ,201221,2012,5,,0.164204,65.13809523809525
NJ,201222,2012,5,,0.279764,65.13809523809525
NJ,201223,2012,6,,0.0912686,70.1047619047619
NJ,201224,2012,6,,0.152532,70.1047619047619
NJ,201225,2012,6,,0.141393,70.1047619047619
NJ,201226,2012,6,,0.153092,70.1047619047619
NJ,201227,2012,7,,0.343495,78.0047619047619
NJ,201228,2012,7,,0.0576535,78.0047619047619
NJ,201229,2012,7,,0.0359195,78.0047619047619
NJ,201230,2012,7,,0.193517,78.0047619047619
NJ,201231,2012,7,,0.115009,78.0047619047619
NJ,201232,2012,8,,0.0548847,74.85238095238095
NJ,201233,2012,8,,0.0512295,74.85238095238095
NJ,201234,2012,8,,0.331492,74.85238095238095
NJ,201235,2012,8,,0.466563,74.85238095238095
NJ,201236,2012,9,,0.609537,67.08095238095238
NJ,201237,2012,9,,0.65872,67.08095238095238
NJ,201238,2012,9,,0.699913,67.08095238095238
NJ,201239,2012,9,,0.795837,67.08095238095238
NJ,201240,2012,9,2012-13,1.36904,67.08095238095238
NJ,201241,2012,10,2012-13,1.70536,56.828571428571436
NJ,201242,2012,10,2012-13,1.39434,56.828571428571436
NJ,201243,2012,10,2012-13,1.45544,56.828571428571436
NJ,201244,2012,10,2012-13,1.27737,56.828571428571436
NJ,201245,2012,11,2012-13,1.80709,41.56666666666666
NJ,201246,2012,11,2012-13,1.39585,41.56666666666666
NJ,201247,2012,11,2012-13,1.36441,41.56666666666666
NJ,201248,2012,11,2012-13,2.2386,41.56666666666666
NJ,201249,2012,12,2012-13,2.2145,40.45238095238095
NJ,201250,2012,12,2012-13,2.15569,40.45238095238095
NJ,201251,2012,12,2012-13,3.84972,40.45238095238095
NJ,201252,2012,12,2012-13,5.44188,40.45238095238095
NJ,201301,2012,12,2012-13,5.00187,40.45238095238095
NJ,201302,2013,1,2012-13,4.94719,33.94761904761905
NJ,201303,2013,1,2012-13,5.61734,33.94761904761905
NJ,201304,2013,1,2012-13,4.94037,33.94761904761905
NJ,201305,2013,1,2012-13,4.63762,33.94761904761905
NJ,201306,2013,2,2012-13,4.45368,32.76190476190476
NJ,201307,2013,2,2012-13,4.79113,32.76190476190476
NJ,201308,2013,2,2012-13,3.44288,32.76190476190476
NJ,201309,2013,2,2012-13,2.78825,32.76190476190476
NJ,201310,2013,3,2012-13,3.74782,38.72380952380953
NJ,201311,2013,3,2012-13,3.21132,38.72380952380953
NJ,201312,2013,3,2012-13,2.85293,38.72380952380953
NJ,201313,2013,3,2012-13,2.76671,38.72380952380953
NJ,201314,2013,3,2012-13,2.25873,38.72380952380953
NJ,201315,2013,4,2012-13,1.86459,51.590476190476195
NJ,201316,2013,4,2012-13,0.997195,51.590476190476195
NJ,201317,2013,4,2012-13,1.63898,51.590476190476195
NJ,201318,2013,4,2012-13,1.83739,51.590476190476195
NJ,201319,2013,5,2012-13,1.45819,61.042857142857144
NJ,201320,2013,5,2012-13,1.80754,61.042857142857144
NJ,201321,2013,5,,1.56784,61.042857142857144
NJ,201322,2013,5,,1.52316,61.042857142857144
NJ,201323,2013,6,,1.33617,71.28571428571429
NJ,201324,2013,6,,1.47947,71.28571428571429
NJ,201325,2013,6,,1.75008,71.28571428571429
NJ,201326,2013,6,,1.72084,71.28571428571429
NJ,201327,2013,6,,0.110619,71.28571428571429
NJ,201328,2013,7,,1.21655,77.97619047619048
NJ,201329,2013,7,,1.24601,77.97619047619048
NJ,201330,2013,7,,0.883281,77.97619047619048
NJ,201331,2013,7,,1.36849,77.97619047619048
NJ,201332,2013,8,,2.13599,71.57619047619048
NJ,201333,2013,8,,1.21781,71.57619047619048
NJ,201334,2013,8,,1.14529,71.57619047619048
NJ,201335,2013,8,,1.34721,71.57619047619048
NJ,201336,2013,9,,0.901886,64.56190476190476
NJ,201337,2013,9,,0.896861,64.56190476190476
NJ,201338,2013,9,,1.12296,64.56190476190476
NJ,201339,2013,9,,0.911906,64.56190476190476
NJ,201340,2013,9,2013-14,1.51614,64.56190476190476
NJ,201341,2013,10,2013-14,1.49528,57.219047619047615
NJ,201342,2013,10,2013-14,1.75227,57.219047619047615
NJ,201343,2013,10,2013-14,1.73516,57.219047619047615
NJ,201344,2013,10,2013-14,1.66137,57.219047619047615
NJ,201345,2013,11,2013-14,1.60633,42.92857142857143
NJ,201346,2013,11,2013-14,1.5635,42.92857142857143
NJ,201347,2013,11,2013-14,1.99283,42.92857142857143
NJ,201348,2013,11,2013-14,2.30253,42.92857142857143
NJ,201349,2013,12,2013-14,1.99525,35.96190476190476
NJ,201350,2013,12,2013-14,1.32384,35.96190476190476
NJ,201351,2013,12,2013-14,1.95949,35.96190476190476
NJ,201352,2013,12,2013-14,2.32845,35.96190476190476
NJ,201401,2013,12,2013-14,3.74359,35.96190476190476
NJ,201402,2014,1,2013-14,3.19855,26.038095238095234
NJ,201403,2014,1,2013-14,3.25342,26.038095238095234
NJ,201404,2014,1,2013-14,2.56233,26.038095238095234
NJ,201405,2014,1,2013-14,3.57187,26.038095238095234
NJ,201406,2014,2,2013-14,3.41817,29.347619047619045
NJ,201407,2014,2,2013-14,3.34581,29.347619047619045
NJ,201408,2014,2,2013-14,2.57067,29.347619047619045
NJ,201409,2014,2,2013-14,2.72978,29.347619047619045
NJ,201410,2014,3,2013-14,2.75766,35.42857142857143
NJ,201411,2014,3,2013-14,2.67035,35.42857142857143
NJ,201412,2014,3,2013-14,2.77386,35.42857142857143
NJ,201413,2014,3,2013-14,3.27521,35.42857142857143
NJ,201414,2014,3,2013-14,2.90237,35.42857142857143
NJ,201415,2014,4,2013-14,3.34845,50.400000000000006
NJ,201416,2014,4,2013-14,2.87107,50.400000000000006
NJ,201417,2014,4,2013-14,2.188,50.400000000000006
NJ,201418,2014,4,2013-14,2.03609,50.400000000000006
NJ,201419,2014,5,2013-14,2.38206,62.11904761904762
NJ,201420,2014,5,2013-14,2.30849,62.11904761904762
NJ,201421,2014,5,,2.03737,62.11904761904762
NJ,201422,2014,5,,2.67133,62.11904761904762
NJ,201423,2014,6,,2.32336,70.68571428571428
NJ,201424,2014,6,,2.20694,70.68571428571428
NJ,201425,2014,6,,1.94622,70.68571428571428
NJ,201426,2014,6,,1.78492,70.68571428571428
NJ,201427,2014,6,,1.37905,70.68571428571428
NJ,201428,2014,7,,1.28438,74.31428571428572
NJ,201429,2014,7,,1.06916,74.31428571428572
NJ,201430,2014,7,,1.24073,74.31428571428572
NJ,201431,2014,7,,1.08446,74.31428571428572
NJ,201432,2014,8,,1.25285,71.07619047619048
NJ,201433,2014,8,,0.883838,71.07619047619048
NJ,201434,2014,8,,0.990574,71.07619047619048
NJ,201435,2014,8,,1.24827,71.07619047619048
NJ,201436,2014,8,,1.12265,71.07619047619048
NJ,201437,2014,9,,1.29467,67.08095238095238
NJ,201438,2014,9,,1.74856,67.08095238095238
NJ,201439,2014,9,,1.73814,67.08095238095238
NJ,201440,2014,9,2014-15,1.4055,67.08095238095238
NJ,201441,2014,10,2014-15,2.17104,57.17619047619048
NJ,201442,2014,10,2014-15,1.60945,57.17619047619048
NJ,201443,2014,10,2014-15,1.86151,57.17619047619048
NJ,201444,2014,10,2014-15,1.57613,57.17619047619048
NJ,201445,2014,11,2014-15,1.60939,42.01428571428571
NJ,201446,2014,11,2014-15,1.76267,42.01428571428571
NJ,201447,2014,11,2014-15,2.13929,42.01428571428571
NJ,201448,2014,11,2014-15,1.92804,42.01428571428571
NJ,201449,2014,11,2014-15,2.0331,42.01428571428571
NJ,201450,2014,12,2014-15,2.25696,38.73809523809524
NJ,201451,2014,12,2014-15,3.31837,38.73809523809524
NJ,201452,2014,12,2014-15,4.33593,38.73809523809524
NJ,201453,2014,12,2014-15,3.75445,38.73809523809524
NJ,201501,2015,1,2014-15,3.62311,27.81904761904762
NJ,201502,2015,1,2014-15,3.34287,27.81904761904762
NJ,201503,2015,1,2014-15,4.97434,27.81904761904762
NJ,201504,2015,1,2014-15,4.80625,27.81904761904762
NJ,201505,2015,2,2014-15,3.53148,22.18095238095238
NJ,201506,2015,2,2014-15,3.8961,22.18095238095238
NJ,201507,2015,2,2014-15,3.03839,22.18095238095238
NJ,201508,2015,2,2014-15,4.0146,22.18095238095238
NJ,201509,2015,3,2014-15,2.53917,35.852380952380955
NJ,201510,2015,3,2014-15,2.24284,35.852380952380955
NJ,201511,2015,3,2014-15,2.88725,35.852380952380955
NJ,201512,2015,3,2014-15,2.44113,35.852380952380955
NJ,201513,2015,3,2014-15,1.87555,35.852380952380955
NJ,201514,2015,4,2014-15,1.57618,51.60952380952381
NJ,201515,2015,4,2014-15,1.60819,51.60952380952381
NJ,201516,2015,4,2014-15,1.8738,51.60952380952381
NJ,201517,2015,4,2014-15,1.6005,51.60952380952381
NJ,201518,2015,5,2014-15,1.60158,66.18095238095238
NJ,201519,2015,5,2014-15,1.35915,66.18095238095238
NJ,201520,2015,5,2014-15,1.26336,66.18095238095238
NJ,201521,2015,5,,1.46145,66.18095238095238
NJ,201522,2015,5,,1.20608,66.18095238095238
NJ,201523,2015,6,,1.62835,70.35238095238095
NJ,201524,2015,6,,1.60348,70.35238095238095
NJ,201525,2015,6,,1.56856,70.35238095238095
NJ,201526,2015,6,,1.21354,70.35238095238095
NJ,201527,2015,7,,1.50991,75.49047619047619
NJ,201528,2015,7,,1.36033,75.49047619047619
NJ,201529,2015,7,,1.16115,75.49047619047619
NJ,201530,2015,7,,1.15761,75.49047619047619
NJ,201531,2015,8,,1.50245,74.5952380952381
NJ,201532,2015,8,,1.19066,74.5952380952381
NJ,201533,2015,8,,1.17442,74.5952380952381
NJ,201534,2015,8,,0.555374,74.5952380952381
NJ,201535,2015,8,,0.867137,74.5952380952381
NJ,201536,2015,9,,1.28706,70.9
NJ,201537,2015,9,,0.959693,70.9
NJ,201538,2015,9,,1.91625,70.9
NJ,201539,2015,9,,1.44609,70.9
NJ,201540,2015,10,2015-16,0.896943,54.63333333333333
NJ,201541,2015,10,2015-16,0.608305,54.63333333333333
NJ,201542,2015,10,2015-16,0.605908,54.63333333333333
NJ,201543,2015,10,2015-16,0.426487,54.63333333333333
NJ,201544,2015,11,2015-16,0.744961,49.733333333333334
NJ,201545,2015,11,2015-16,0.430005,49.733333333333334
NJ,201546,2015,11,2015-16,0.652884,49.733333333333334
NJ,201547,2015,11,2015-16,0.672043,49.733333333333334
NJ,201548,2015,11,2015-16,0.987224,49.733333333333334
NJ,201549,2015,12,2015-16,1.06728,47.96666666666666
NJ,201550,2015,12,2015-16,1.09957,47.96666666666666
NJ,201551,2015,12,2015-16,1.17736,47.96666666666666
NJ,201552,2015,12,2015-16,1.40393,47.96666666666666
NJ,201601,2016,1,2015-16,1.54976,31.538095238095234
NJ,201602,2016,1,2015-16,1.343,31.538095238095234
NJ,201603,2016,1,2015-16,1.58053,31.538095238095234
NJ,201604,2016,1,2015-16,1.85906,31.538095238095234
NJ,201605,2016,1,2015-16,1.69208,31.538095238095234
NJ,201606,2016,2,2015-16,2.60692,35.99047619047619
NJ,201607,2016,2,2015-16,3.01218,35.99047619047619
NJ,201608,2016,2,2015-16,2.58117,35.99047619047619
NJ,201609,2016,2,2015-16,3.76333,35.99047619047619
NJ,201610,2016,3,2015-16,4.47187,47.10476190476191
NJ,201611,2016,3,2015-16,4.86093,47.10476190476191
NJ,201612,2016,3,2015-16,3.9079,47.10476190476191
NJ,201613,2016,3,2015-16,2.88483,47.10476190476191
NJ,201614,2016,4,2015-16,2.34506,50.94285714285714
NJ,201615,2016,4,2015-16,3.02083,50.94285714285714
NJ,201616,2016,4,2015-16,2.98913,50.94285714285714
NJ,201617,2016,4,2015-16,1.87012,50.94285714285714
NJ,201618,2016,5,2015-16,1.58913,60.42380952380953
NJ,201619,2016,5,2015-16,1.56684,60.42380952380953
NJ,201620,2016,5,2015-16,1.6298,60.42380952380953
NJ,201621,2016,5,,1.23648,60.42380952380953
NJ,201622,2016,5,,1.03712,60.42380952380953
NJ,201623,2016,6,,1.19112,70.8047619047619
NJ,201624,2016,6,,0.944625,70.8047619047619
NJ,201625,2016,6,,0.994546,70.8047619047619
NJ,201626,2016,6,,0.770003,70.8047619047619
NJ,201627,2016,7,,0.580945,77.3952380952381
NJ,201628,2016,7,,0.45134,77.3952380952381
NJ,201629,2016,7,,0.341207,77.3952380952381
NJ,201630,2016,7,,0.490798,77.3952380952381
NJ,201631,2016,7,,0.29633,77.3952380952381
NJ,201632,2016,8,,0.307152,77.05238095238094
NJ,201633,2016,8,,0.330033,77.05238095238094
NJ,201634,2016,8,,0.265565,77.05238095238094
NJ,201635,2016,8,,0.147275,77.05238095238094
NJ,201636,2016,9,,0.522648,69.84761904761905
NJ,201637,2016,9,,0.452899,69.84761904761905
NJ,201638,2016,9,,0.875947,69.84761904761905
NJ,201639,2016,9,,0.906056,69.84761904761905
NJ,201640,2016,10,2016-17,2.35421,56.80476190476191
NJ,201641,2016,10,2016-17,2.4617,56.80476190476191
NJ,201642,2016,10,2016-17,2.53861,56.80476190476191
NJ,201643,2016,10,2016-17,2.65366,56.80476190476191
NJ,201644,2016,10,2016-17,2.76608,56.80476190476191
NJ,201645,2016,11,2016-17,2.6012,46.87142857142857
NJ,201646,2016,11,2016-17,2.72173,46.87142857142857
NJ,201647,2016,11,2016-17,3.31243,46.87142857142857
NJ,201648,2016,11,2016-17,2.95628,46.87142857142857
NJ,201649,2016,12,2016-17,3.02365,36.38095238095238
NJ,201650,2016,12,2016-17,3.67201,36.38095238095238
NJ,201651,2016,12,2016-17,4.21506,36.38095238095238
NJ,201652,2016,12,2016-17,5.77482,36.38095238095238
NJ,201701,2017,1,2016-17,5.51108,36.2952380952381
NJ,201702,2017,1,2016-17,5.12789,36.2952380952381
NJ,201703,2017,1,2016-17,5.9981,36.2952380952381
NJ,201704,2017,1,2016-17,6.19741,36.2952380952381
NJ,201705,2017,1,2016-17,6.77123,36.2952380952381
NJ,201706,2017,2,2016-17,6.92602,40.27619047619048
NJ,201707,2017,2,2016-17,5.55885,40.27619047619048
NJ,201708,2017,2,2016-17,4.8848,40.27619047619048
NJ,201709,2017,2,2016-17,4.05102,40.27619047619048
NJ,201710,2017,3,2016-17,3.8477,38.81904761904762
NJ,201711,2017,3,2016-17,3.37878,38.81904761904762
NJ,201712,2017,3,2016-17,3.26398,38.81904761904762
NJ,201713,2017,3,2016-17,3.98586,38.81904761904762
NJ,201714,2017,4,2016-17,3.52109,56.01428571428571
NJ,201715,2017,4,2016-17,3.0516,56.01428571428571
NJ,201716,2017,4,2016-17,2.30231,56.01428571428571
NJ,201717,2017,4,2016-17,2.21879,56.01428571428571
NJ,201718,2017,4,2016-17,1.95592,56.01428571428571
NJ,201719,2017,5,2016-17,2.13332,60.028571428571425
NJ,201720,2017,5,2016-17,2.04301,60.028571428571425
NJ,201721,2017,5,,1.73812,60.028571428571425
NJ,201722,2017,5,,1.90501,60.028571428571425
NJ,201723,2017,6,,2.00848,70.61428571428571
NJ,201724,2017,6,,1.90022,70.61428571428571
NJ,201725,2017,6,,1.75321,70.61428571428571
NJ,201726,2017,6,,1.57045,70.61428571428571
NJ,201727,2017,7,,1.43214,75.60952380952381
NJ,201728,2017,7,,1.30126,75.60952380952381
NJ,201729,2017,7,,1.42058,75.60952380952381
NJ,201730,2017,7,,1.38269,75.60952380952381
NJ,201731,2017,7,,1.34062,75.60952380952381
NJ,201732,2017,8,,1.20036,71.79047619047618
NJ,201733,2017,8,,1.19504,71.79047619047618
NJ,201734,2017,8,,1.38372,71.79047619047618
NJ,201735,2017,8,,1.07206,71.79047619047618
NJ,201736,2017,9,,1.2488,68.44285714285714
NJ,201737,2017,9,,1.58925,68.44285714285714
NJ,201738,2017,9,,1.77438,68.44285714285714
NJ,201739,2017,9,,2.00296,68.44285714285714
NJ,201740,2017,10,2017-18,1.8328,60.69523809523809
NJ,201741,2017,10,2017-18,1.8675,60.69523809523809
NJ,201742,2017,10,2017-18,2.07137,60.69523809523809
NJ,201743,2017,10,2017-18,2.04932,60.69523809523809
NJ,201744,2017,10,2017-18,2.28275,60.69523809523809
NJ,201745,2017,11,2017-18,2.42165,44.34761904761905
NJ,201746,2017,11,2017-18,2.4597,44.34761904761905
NJ,201747,2017,11,2017-18,2.82179,44.34761904761905
NJ,201748,2017,11,2017-18,2.77809,44.34761904761905
NJ,201749,2017,12,2017-18,2.80816,33.266666666666666
NJ,201750,2017,12,2017-18,3.2248,33.266666666666666
NJ,201751,2017,12,2017-18,3.5274,33.266666666666666
NJ,201752,2017,12,2017-18,4.65945,33.266666666666666
NJ,201801,2017,12,2017-18,4.88305,33.266666666666666
NJ,201802,2018,1,2017-18,4.48405,29.214285714285715
NJ,201803,2018,1,2017-18,6.26791,29.214285714285715
NJ,201804,2018,1,2017-18,8.34567,29.214285714285715
NJ,201805,2018,1,2017-18,10.0087,29.214285714285715
NJ,201806,2018,2,2017-18,10.7946,39.385714285714286
NJ,201807,2018,2,2017-18,11.1524,39.385714285714286
NJ,201808,2018,2,2017-18,8.32214,39.385714285714286
NJ,201809,2018,2,2017-18,5.08262,39.385714285714286
NJ,201810,2018,3,2017-18,4.37548,38.37142857142857
NJ,201811,2018,3,2017-18,3.75679,38.37142857142857
NJ,201812,2018,3,2017-18,3.2629,38.37142857142857
NJ,201813,2018,3,2017-18,3.22253,38.37142857142857
NJ,201814,2018,4,2017-18,2.86843,47.95238095238095
NJ,201815,2018,4,2017-18,2.42946,47.95238095238095
NJ,201816,2018,4,2017-18,2.13059,47.95238095238095
NJ,201817,2018,4,2017-18,2.23194,47.95238095238095
NJ,201818,2018,4,2017-18,1.82601,47.95238095238095
NJ,201819,2018,5,2017-18,1.86923,65.31428571428572
NJ,201820,2018,5,2017-18,1.74853,65.31428571428572
NJ,201821,2018,5,,1.81769,65.31428571428572
NJ,201822,2018,5,,1.68757,65.31428571428572
NJ,201823,2018,6,,1.836,70.18571428571428
NJ,201824,2018,6,,1.76026,70.18571428571428
NJ,201825,2018,6,,1.6755,70.18571428571428
NJ,201826,2018,6,,1.39117,70.18571428571428
NJ,201827,2018,7,,1.44997,76.35238095238095
NJ,201828,2018,7,,1.29799,76.35238095238095
NJ,201829,2018,7,,1.24432,76.35238095238095
NJ,201830,2018,7,,1.13838,76.35238095238095
NJ,201831,2018,7,,1.11922,76.35238095238095
NJ,201832,2018,8,,1.20482,76.88095238095238
NJ,201833,2018,8,,1.34763,76.88095238095238
NJ,201834,2018,8,,1.53041,76.88095238095238
NJ,201835,2018,8,,1.40639,76.88095238095238
NJ,201836,2018,9,,1.50687,70.05714285714286
NJ,201837,2018,9,,1.8064,70.05714285714286
NJ,201838,2018,9,,2.3076,70.05714285714286
NJ,201839,2018,9,,2.63835,70.05714285714286
NJ,201840,2018,9,2018-19,2.70526,70.05714285714286
NJ,201841,2018,10,2018-19,2.60627,56.266666666666666
NJ,201842,2018,10,2018-19,2.69214,56.266666666666666
NJ,201843,2018,10,2018-19,2.98871,56.266666666666666
NJ,201844,2018,10,2018-19,2.97478,56.266666666666666
NJ,201845,2018,11,2018-19,2.92529,42.42857142857143
NJ,201846,2018,11,2018-19,3.23105,42.42857142857143
NJ,201847,2018,11,2018-19,3.42996,42.42857142857143
NJ,201848,2018,11,2018-19,3.30683,42.42857142857143
NJ,201849,2018,12,2018-19,3.56914,37.82857142857143
NJ,201850,2018,12,2018-19,4.11366,37.82857142857143
NJ,201851,2018,12,2018-19,4.79964,37.82857142857143
NJ,201852,2018,12,2018-19,6.4099,37.82857142857143
NJ,201901,2018,12,2018-19,5.7853,37.82857142857143
NJ,201902,2019,1,2018-19,5.19395,31.533333333333335
NJ,201903,2019,1,2018-19,5.42867,31.533333333333335
NJ,201904,2019,1,2018-19,5.73364,31.533333333333335
NJ,201905,2019,1,2018-19,5.77458,31.533333333333335
NJ,201906,2019,2,2018-19,5.71163,34.67142857142857
NJ,201907,2019,2,2018-19,5.48471,34.67142857142857
NJ,201908,2019,2,2018-19,5.4317,34.67142857142857
NJ,201909,2019,2,2018-19,4.66111,34.67142857142857
NJ,201910,2019,3,2018-19,4.69154,39.47142857142857
NJ,201911,2019,3,2018-19,4.49555,39.47142857142857
NJ,201912,2019,3,2018-19,4.06803,39.47142857142857
NJ,201913,2019,3,2018-19,3.6994,39.47142857142857
NJ,201914,2019,3,2018-19,3.44312,39.47142857142857
NJ,201915,2019,4,2018-19,3.20178,54.790476190476184
NJ,201916,2019,4,2018-19,2.65269,54.790476190476184
NJ,201917,2019,4,2018-19,2.51062,54.790476190476184
NJ,201918,2019,4,2018-19,2.35408,54.790476190476184
NJ,201919,2019,5,2018-19,2.14652,62.67619047619048
NJ,201920,2019,5,2018-19,2.33124,62.67619047619048
NJ,201921,2019,5,,2.19421,62.67619047619048
NJ,201922,2019,5,,2.28107,62.67619047619048
NJ,201923,2019,6,,1.98396,70.66666666666667
NJ,201924,2019,6,,2.03344,70.66666666666667
NJ,201925,2019,6,,1.78061,70.66666666666667
NJ,201926,2019,6,,1.78454,70.66666666666667
NJ,201927,2019,6,,1.79779,70.66666666666667
NJ,201928,2019,7,,1.61793,78.12857142857143
NJ,201929,2019,7,,1.43867,78.12857142857143
NJ,201930,2019,7,,1.32749,78.12857142857143
NJ,201931,2019,7,,1.37332,78.12857142857143
NJ,201932,2019,8,,1.4127,74.55714285714286
NJ,201933,2019,8,,1.54265,74.55714285714286
NJ,201934,2019,8,,1.56624,74.55714285714286
NJ,201935,2019,8,,1.45313,74.55714285714286
NJ,201936,2019,9,,1.40359,69.0142857142857
NJ,201937,2019,9,,1.74374,69.0142857142857
NJ,201938,2019,9,,1.99469,69.0142857142857
NJ,201939,2019,9,,2.17925,69.0142857142857
NJ,201940,2019,9,2019-20,2.00734,69.0142857142857
NJ,201941,2019,10,2019-20,2.03954,58.25238095238095
NJ,201942,2019,10,2019-20,2.56547,58.25238095238095
NJ,201943,2019,10,2019-20,2.32372,58.25238095238095
NJ,201944,2019,10,2019-20,2.62045,58.25238095238095
NJ,201945,2019,11,2019-20,2.78597,41.4
NJ,201946,2019,11,2019-20,3.17628,41.4
NJ,201947,2019,11,2019-20,2.93343,41.4
NJ,201948,2019,11,2019-20,3.9026,41.4
NJ,201949,2019,12,2019-20,3.79468,36.34285714285714
NJ,201950,2019,12,2019-20,3.89477,36.34285714285714
NJ,201951,2019,12,2019-20,4.70145,36.34285714285714
NJ,201952,2019,12,2019-20,7.12834,36.34285714285714
NJ,202001,2019,12,2019-20,7.2033,36.34285714285714
NJ,202002,2020,1,2019-20,6.7544,37.32380952380952
NJ,202003,2020,1,2019-20,7.16405,37.32380952380952
NJ,202004,2020,1,2019-20,7.74843,37.32380952380952
NJ,202005,2020,1,2019-20,8.00663,37.32380952380952
NJ,202006,2020,2,2019-20,7.8717,39.09047619047619
NJ,202007,2020,2,2019-20,6.62032,39.09047619047619
NJ,202008,2020,2,2019-20,6.14703,39.09047619047619
NJ,202009,2020,2,2019-20,5.20634,39.09047619047619
NJ,202010,2020,3,2019-20,6.41756,46.30952380952381
NJ,202011,2020,3,2019-20,8.69234,46.30952380952381
NJ,202012,2020,3,2019-20,13.0516,46.30952380952381
NJ,202013,2020,3,2019-20,16.1318,46.30952380952381
NJ,202014,2020,3,2019-20,15.0992,46.30952380952381
NJ,202015,2020,4,2019-20,12.1513,48.76190476190476
NJ,202016,2020,4,2019-20,8.08356,48.76190476190476
NJ,202017,2020,4,2019-20,5.2673,48.76190476190476
NJ,202018,2020,4,2019-20,4.09246,48.76190476190476
NJ,202019,2020,5,2019-20,2.69263,59.22380952380953
NJ,202020,2020,5,2019-20,2.32399,59.22380952380953
NJ,202021,2020,5,,1.62644,59.22380952380953
NJ,202022,2020,5,,1.22251,59.22380952380953
NJ,202023,2020,5,,1.08167,59.22380952380953
NJ,202024,2020,6,,0.992083,71.71428571428571
NJ,202025,2020,6,,1.05052,71.71428571428571
NJ,202026,2020,6,,1.10434,71.71428571428571
NJ,202027,2020,6,,1.13842,71.71428571428571
NJ,202028,2020,7,,1.1832,78.94761904761906
NJ,202029,2020,7,,1.21134,78.94761904761906
NJ,202030,2020,7,,1.13785,78.94761904761906
NJ,202031,2020,7,,1.4255,78.94761904761906
NJ,202032,2020,8,,1.49644,75.6952380952381
NJ,202033,2020,8,,1.45083,75.6952380952381
NJ,202034,2020,8,,1.34956,75.6952380952381
NJ,202035,2020,8,,1.2799,75.6952380952381
NJ,202036,2020,8,,1.20179,75.6952380952381
NJ,202037,2020,9,,1.351,66.87619047619049
NJ,202038,2020,9,,1.26945,66.87619047619049
NJ,202039,2020,9,,1.22692,66.87619047619049
NJ,202040,2020,9,2020-21,1.45455,66.87619047619049
NJ,202041,2020,10,2020-21,1.59866,56.95238095238095
NJ,202042,2020,10,2020-21,1.65582,56.95238095238095
NJ,202043,2020,10,2020-21,1.79331,56.95238095238095
NJ,202044,2020,10,2020-21,1.86805,56.95238095238095
NJ,202045,2020,11,2020-21,2.53701,49.31428571428571
NJ,202046,2020,11,2020-21,2.80562,49.31428571428571
NJ,202047,2020,11,2020-21,3.02809,49.31428571428571
NJ,202048,2020,11,2020-21,3.414,49.31428571428571
NJ,202049,2020,11,2020-21,3.31967,49.31428571428571
NJ,202050,2020,12,2020-21,2.82342,37.10476190476191
NJ,202051,2020,12,2020-21,2.67231,37.10476190476191
NJ,202052,2020,12,2020-21,2.73098,37.10476190476191
NJ,202053,2020,12,2020-21,2.51867,37.10476190476191
NJ,202101,2021,1,2020-21,2.65598,33.63333333333333
NJ,202102,2021,1,2020-21,2.28953,33.63333333333333
NJ,202103,2021,1,2020-21,2.43429,33.63333333333333
NJ,202104,2021,1,2020-21,2.39404,33.63333333333333
NJ,202105,2021,1,2020-21,2.18519,33.63333333333333
NJ,202106,2021,2,2020-21,1.81818,31.97142857142857
NJ,202107,2021,2,2020-21,1.8901,31.97142857142857
NJ,202108,2021,2,2020-21,1.66458,31.97142857142857
NJ,202109,2021,2,2020-21,1.77561,31.97142857142857
NJ,202110,2021,3,2020-21,2.146,44.0
NJ,202111,2021,3,2020-21,2.27302,44.0
NJ,202112,2021,3,2020-21,2.31988,44.0
NJ,202113,2021,3,2020-21,2.42753,44.0
NJ,202114,2021,4,2020-21,2.25406,52.661904761904765
NJ,202115,2021,4,2020-21,2.22294,52.661904761904765
NJ,202116,2021,4,2020-21,1.93213,52.661904761904765
NJ,202117,2021,4,2020-21,1.92565,52.661904761904765
NJ,202118,2021,5,2020-21,1.86388,60.96666666666666
NJ,202119,2021,5,2020-21,1.79697,60.96666666666666
NJ,202120,2021,5,2020-21,1.73259,60.96666666666666
NJ,202121,2021,5,,1.75693,60.96666666666666
NJ,202122,2021,5,,1.77594,60.96666666666666
NJ,202123,2021,6,,1.66685,71.9952380952381
NJ,202124,2021,6,,1.91345,71.9952380952381
NJ,202125,2021,6,,1.85682,71.9952380952381
NJ,202126,2021,6,,2.00949,71.9952380952381
NJ,202127,2021,7,,1.99112,75.83333333333333
NJ,202128,2021,7,,2.15368,75.83333333333333
NJ,202129,2021,7,,2.17618,75.83333333333333
NJ,202130,2021,7,,2.50238,75.83333333333333
NJ,202131,2021,8,,2.61843,76.00952380952381
NJ,202132,2021,8,,2.89354,76.00952380952381
NJ,202133,2021,8,,2.79915,76.00952380952381
NJ,202134,2021,8,,2.72951,76.00952380952381
NJ,202135,2021,8,,2.52156,76.00952380952381
NJ,202136,2021,9,,3.2377,68.75714285714287
NJ,202137,2021,9,,3.04814,68.75714285714287
NJ,202138,2021,9,,3.36504,68.75714285714287
NJ,202139,2021,9,,3.55039,68.75714285714287
NJ,202140,2021,10,2021-22,3.52746,61.07619047619047
NJ,202141,2021,10,2021-22,3.24383,61.07619047619047
NJ,202142,2021,10,2021-22,2.89477,61.07619047619047
NJ,202143,2021,10,2021-22,3.01688,61.07619047619047
NJ,202144,2021,10,2021-22,2.92396,61.07619047619047
NJ,202145,2021,11,2021-22,3.54605,43.67619047619047
NJ,202146,2021,11,2021-22,3.51875,43.67619047619047
NJ,202147,2021,11,2021-22,3.71823,43.67619047619047
NJ,202148,2021,11,2021-22,4.22809,43.67619047619047
NJ,202149,2021,12,2021-22,4.52903,41.233333333333334
NJ,202150,2021,12,2021-22,5.36646,41.233333333333334
NJ,202151,2021,12,2021-22,7.92633,41.233333333333334
NJ,202152,2021,12,2021-22,9.59632,41.233333333333334
NJ,202201,2022,1,2021-22,6.31208,28.609523809523807
NJ,202202,2022,1,2021-22,3.73426,28.609523809523807
NJ,202203,2022,1,2021-22,2.51613,28.609523809523807
NJ,202204,2022,1,2021-22,2.14933,28.609523809523807
NJ,202205,2022,1,2021-22,1.75439,28.609523809523807
NJ,202206,2022,2,2021-22,1.8271,35.576190476190476
NJ,202207,2022,2,2021-22,1.95844,35.576190476190476
NJ,202208,2022,2,2021-22,1.99872,35.576190476190476
NJ,202209,2022,2,2021-22,1.99391,35.576190476190476
NJ,202210,2022,3,2021-22,2.10081,43.833333333333336
NJ,202211,2022,3,2021-22,2.18406,43.833333333333336
NJ,202212,2022,3,2021-22,2.34522,43.833333333333336
NJ,202213,2022,3,2021-22,2.78777,43.833333333333336
NJ,202214,2022,4,2021-22,3.08266,51.13333333333333
NJ,202215,2022,4,2021-22,3.34407,51.13333333333333
NJ,202216,2022,4,2021-22,3.17796,51.13333333333333
NJ,202217,2022,4,2021-22,3.07325,51.13333333333333
NJ,202218,2022,5,2021-22,3.77092,63.32380952380952
NJ,202219,2022,5,2021-22,3.95711,63.32380952380952
NJ,202220,2022,5,2021-22,3.79869,63.32380952380952
NJ,202221,2022,5,,3.46802,63.32380952380952
NJ,202222,2022,5,,3.61862,63.32380952380952
NJ,202223,2022,6,,3.32109,69.97619047619048
NJ,202224,2022,6,,3.3983,69.97619047619048
NJ,202225,2022,6,,3.4569,69.97619047619048
NJ,202226,2022,6,,3.05829,69.97619047619048
NJ,202227,2022,7,,2.84297,78.04285714285714
NJ,202228,2022,7,,2.71556,78.04285714285714
NJ,202229,2022,7,,2.60911,78.04285714285714
NJ,202230,2022,7,,2.96001,78.04285714285714
NJ,202231,2022,7,,2.80548,78.04285714285714
NJ,202232,2022,8,,2.73611,77.36666666666667
NJ,202233,2022,8,,2.31727,77.36666666666667
NJ,202234,2022,8,,2.31387,77.36666666666667
NJ,202235,2022,8,,2.29354,77.36666666666667
NJ,202236,2022,9,,2.30391,67.69047619047619
NJ,202237,2022,9,,2.89386,67.69047619047619
NJ,202238,2022,9,,3.11816,67.69047619047619
NJ,202239,2022,9,,3.54979,67.69047619047619
NJ,202240,2022,10,2022-23,3.48983,54.08095238095238
NJ,202241,2022,10,2022-23,3.93441,54.08095238095238
NJ,202242,2022,10,2022-23,4.47403,54.08095238095238
NJ,202243,2022,10,2022-23,5.38049,54.08095238095238
NJ,202244,2022,10,2022-23,7.44489,54.08095238095238
NJ,202245,2022,11,2022-23,7.86554,47.67619047619048
NJ,202246,2022,11,2022-23,7.45082,47.67619047619048
NJ,202247,2022,11,2022-23,8.96695,47.67619047619048
NJ,202248,2022,11,2022-23,9.7561,47.67619047619048
NJ,202249,2022,12,2022-23,8.62705,35.542857142857144
NJ,202250,2022,12,2022-23,7.43288,35.542857142857144
NJ,202251,2022,12,2022-23,6.76435,35.542857142857144
NJ,202252,2022,12,2022-23,5.92052,35.542857142857144
NJ,202301,2023,1,2022-23,4.66758,41.28095238095238
NJ,202302,2023,1,2022-23,3.88473,41.28095238095238
NJ,202303,2023,1,2022-23,3.64219,41.28095238095238
NJ,202304,2023,1,2022-23,3.67634,41.28095238095238
NJ,202305,2023,1,2022-23,3.57658,41.28095238095238
NJ,202306,2023,2,2022-23,3.92411,39.03809523809524
NJ,202307,2023,2,2022-23,3.98841,39.03809523809524
NJ,202308,2023,2,2022-23,3.71088,39.03809523809524
NJ,202309,2023,2,2022-23,3.86752,39.03809523809524
NJ,202310,2023,3,2022-23,3.86934,42.32857142857143
NJ,202311,2023,3,2022-23,3.91174,42.32857142857143
NJ,202312,2023,3,2022-23,3.86084,42.32857142857143
NJ,202313,2023,3,2022-23,3.79266,42.32857142857143
NJ,202314,2023,4,2022-23,3.53261,55.46190476190476
NJ,202315,2023,4,2022-23,3.22382,55.46190476190476
NJ,202316,2023,4,2022-23,2.75959,55.46190476190476
NJ,202317,2023,4,2022-23,2.66806,55.46190476190476
NJ,202318,2023,4,2022-23,2.66802,55.46190476190476
NJ,202319,2023,5,2022-23,2.71053,59.58095238095238
NJ,202320,2023,5,2022-23,3.01976,59.58095238095238
NJ,202321,2023,5,,2.69302,59.58095238095238
NJ,202322,2023,5,,2.9322,59.58095238095238
NJ,202323,2023,6,,2.5469,67.9857142857143
NJ,202324,2023,6,,2.41573,67.9857142857143
NJ,202325,2023,6,,2.06708,67.9857142857143
NJ,202326,2023,6,,1.9225,67.9857142857143
NJ,202327,2023,7,,1.80275,77.33809523809524
NJ,202328,2023,7,,1.65864,77.33809523809524
NJ,202329,2023,7,,1.80723,77.33809523809524
NJ,202330,2023,7,,1.93088,77.33809523809524
NJ,202331,2023,7,,1.90683,77.33809523809524
NJ,202332,2023,8,,1.86896,73.28095238095239
NJ,202333,2023,8,,1.77776,73.28095238095239
NJ,202334,2023,8,,2.07617,73.28095238095239
NJ,202335,2023,8,,1.90626,73.28095238095239
NJ,202336,2023,9,,2.40026,68.1047619047619
NJ,202337,2023,9,,2.56307,68.1047619047619
NJ,202338,2023,9,,2.94974,68.1047619047619
NJ,202339,2023,9,,3.43463,68.1047619047619
NJ,202340,2023,10,2023-24,3.1924,58.56666666666667
NJ,202341,2023,10,2023-24,3.59884,58.56666666666667
NJ,202342,2023,10,2023-24,3.57265,58.56666666666667
NJ,202343,2023,10,2023-24,3.63107,58.56666666666667
NJ,202344,2023,10,2023-24,3.67624,58.56666666666667
NJ,202345,2023,11,2023-24,4.51313,43.45238095238095
NJ,202346,2023,11,2023-24,4.28954,43.45238095238095
NJ,202347,2023,11,2023-24,4.51549,43.45238095238095
NJ,202348,2023,11,2023-24,5.16439,43.45238095238095
NJ,202349,2023,12,2023-24,5.73008,41.62857142857143
NJ,202350,2023,12,2023-24,6.74145,41.62857142857143
NJ,202351,2023,12,2023-24,8.049,41.62857142857143
NJ,202352,2023,12,2023-24,8.82107,41.62857142857143
NJ,202401,2023,12,2023-24,7.62949,41.62857142857143
NJ,202402,2024,1,2023-24,6.49241,34.785714285714285
NJ,202403,2024,1,2023-24,5.56383,34.785714285714285
NJ,202404,2024,1,2023-24,5.18811,34.785714285714285
NJ,202405,2024,1,2023-24,5.78569,34.785714285714285
NJ,202406,2024,2,2023-24,5.8096,37.46666666666666
NJ,202407,2024,2,2023-24,5.20962,37.46666666666666
NJ,202408,2024,2,2023-24,5.6689,37.46666666666666
NJ,202409,2024,2,2023-24,5.69908,37.46666666666666
NJ,202410,2024,3,2023-24,5.64647,46.07142857142857
NJ,202411,2024,3,2023-24,4.98404,46.07142857142857
NJ,202412,2024,3,2023-24,5.07288,46.07142857142857
NJ,202413,2024,3,2023-24,4.62164,46.07142857142857
NJ,202414,2024,3,2023-24,4.71861,46.07142857142857
NJ,202415,2024,4,2023-24,3.72884,52.75238095238095
NJ,202416,2024,4,2023-24,3.35814,52.75238095238095
NJ,202417,2024,4,2023-24,3.24361,52.75238095238095
NJ,202418,2024,4,2023-24,3.13779,52.75238095238095
NJ,202419,2024,5,2023-24,2.98351,63.88571428571428
NJ,202420,2024,5,2023-24,3.06277,63.88571428571428
NJ,202421,2024,5,,2.97922,63.88571428571428
NJ,202422,2024,5,,2.67041,63.88571428571428
NJ,202423,2024,6,,2.65006,73.57619047619048
NJ,202424,2024,6,,2.88458,73.57619047619048
NJ,202425,2024,6,,2.55727,73.57619047619048
NJ,202426,2024,6,,2.56727,73.57619047619048
NJ,202427,2024,6,,2.37595,73.57619047619048
NJ,202428,2024,7,,2.48765,78.07619047619048
NJ,202429,2024,7,,2.3865,78.07619047619048
NJ,202430,2024,7,,2.63558,78.07619047619048
NJ,202431,2024,7,,2.51135,78.07619047619048
NJ,202432,2024,8,,2.5948,74.0142857142857
NJ,202433,2024,8,,2.50472,74.0142857142857
NJ,202434,2024,8,,2.3956,74.0142857142857
NJ,202435,2024,8,,2.33929,74.0142857142857
NJ,202436,2024,9,,2.49118,66.96190476190476
NJ,202437,2024,9,,3.11994,66.96190476190476
NJ,202438,2024,9,,3.5435,66.96190476190476
NJ,202439,2024,9,,3.75671,66.96190476190476
NJ,202440,2024,9,2024-25,3.62251,66.96190476190476
NJ,202441,2024,10,2024-25,3.89088,57.68095238095238
NJ,202442,2024,10,2024-25,4.24742,57.68095238095238
NJ,202443,2024,10,2024-25,4.43714,57.68095238095238
NJ,202444,2024,10,2024-25,4.12551,57.68095238095238
NJ,202445,2024,11,2024-25,4.14487,49.12857142857143
NJ,202446,2024,11,2024-25,4.17665,49.12857142857143
NJ,202447,2024,11,2024-25,4.57982,49.12857142857143
NJ,202448,2024,11,2024-25,4.88321,49.12857142857143
NJ,202449,2024,12,2024-25,5.39616,35.08571428571428
NJ,202450,2024,12,2024-25,5.74896,35.08571428571428
NJ,202451,2024,12,2024-25,6.79743,35.08571428571428
NJ,202452,2024,12,2024-25,8.64697,35.08571428571428
NJ,202501,2024,12,2024-25,8.38626,35.08571428571428
NJ,202502,2025,1,2024-25,8.08521,28.538095238095234
NJ,202503,2025,1,2024-25,10.0658,28.538095238095234
NJ,202504,2025,1,2024-25,10.2447,28.538095238095234
NJ,202505,2025,1,2024-25,10.5296,28.538095238095234
NJ,202506,2025,2,2024-25,10.1832,33.74285714285715
NJ,202507,2025,2,2024-25,8.08376,33.74285714285715
NJ,202508,2025,2,2024-25,7.12073,33.74285714285715
NJ,202509,2025,2,2024-25,6.31571,33.74285714285715
NJ,202510,2025,3,2024-25,5.69237,45.91904761904762
NJ,202511,2025,3,2024-25,5.38814,45.91904761904762
NJ,202512,2025,3,2024-25,4.73631,45.91904761904762
NJ,202513,2025,3,2024-25,4.47642,45.91904761904762
NJ,202514,2025,3,2024-25,4.0933,45.91904761904762
NJ,202515,2025,4,2024-25,4.2587,53.476190476190474
NJ,202516,2025,4,2024-25,3.6826,53.476190476190474
NJ,202517,2025,4,2024-25,3.30449,53.476190476190474
NJ,202518,2025,4,2024-25,3.11342,53.476190476190474
NJ,202519,2025,5,2024-25,2.82211,62.095238095238095
NJ,202520,2025,5,2024-25,2.74616,62.095238095238095
NJ,202521,2025,5,,2.92482,62.095238095238095
NJ,202522,2025,5,,3.00626,62.095238095238095
NJ,202523,2025,6,,2.69075,72.07142857142857
NJ,202524,2025,6,,2.60965,72.07142857142857
NJ,202525,2025,6,,2.4818,72.07142857142857
NJ,202526,2025,6,,2.35316,72.07142857142857
NJ,202527,2025,6,,2.37941,72.07142857142857
NJ,202528,2025,7,,2.14148,78.47619047619048
NJ,202529,2025,7,,2.14754,78.47619047619048
NJ,202530,2025,7,,2.01849,78.47619047619048
NJ,202531,2025,7,,1.94751,78.47619047619048
NJ,202532,2025,8,,2.28088,71.02380952380952
NJ,202533,2025,8,,2.19912,71.02380952380952
NJ,202534,2025,8,,2.32711,71.02380952380952
NJ,202535,2025,8,,2.28307,71.02380952380952
NJ,202536,2025,8,,2.32033,71.02380952380952
NJ,202537,2025,9,,2.69053,68.26666666666667
NJ,202538,2025,9,,3.19648,68.26666666666667
NJ,202539,2025,9,,3.26502,68.26666666666667
NJ,202540,2025,9,2025-26,2.68381,68.26666666666667
NJ,202541,2025,10,2025-26,2.74284,56.209523809523816
NJ,202542,2025,10,2025-26,3.24617,56.209523809523816
NJ,202543,2025,10,2025-26,3.1781,56.209523809523816
NJ,202544,2025,10,2025-26,3.06038,56.209523809523816
NJ,202545,2025,11,2025-26,3.50563,44.74285714285715
NJ,202546,2025,11,2025-26,3.26941,44.74285714285715
NJ,202547,2025,11,2025-26,3.80034,44.74285714285715
NJ,202548,2025,11,2025-26,4.58734,44.74285714285715
NJ,202549,2025,11,2025-26,5.62457,44.74285714285715
NJ,202550,2025,12,2025-26,7.78925,31.847619047619045
NJ,202551,2025,12,2025-26,10.5009,31.847619047619045
NJ,202552,2025,12,2025-26,12.5161,31.847619047619045
NJ,202553,2025,12,2025-26,10.6795,31.847619047619045
NJ,202601,2026,1,2025-26,8.1699,27.776190476190475
NJ,202602,2026,1,2025-26,5.78545,27.776190476190475
NJ,202603,2026,1,2025-26,5.24298,27.776190476190475
NJ,202604,2026,1,2025-26,4.75,27.776190476190475
NJ,202605,2026,2,2025-26,4.43638,29.35238095238095
NJ,202606,2026,2,2025-26,5.01612,29.35238095238095
NJ,202607,2026,2,2025-26,4.98858,29.35238095238095
NJ,202608,2026,2,2025-26,4.5211,29.35238095238095
NJ,202609,2026,3,2025-26,4.30397,45.214285714285715
NJ,202610,2026,3,2025-26,4.36292,45.214285714285715
NJ,202611,2026,3,2025-26,4.57829,45.214285714285715
NJ,202612,2026,3,2025-26,4.58122,45.214285714285715
NJ,202613,2026,3,2025-26,4.10833,45.214285714285715
NJ,202614,2026,4,2025-26,3.56472,54.471428571428575
NJ,202615,2026,4,2025-26,2.85714,54.471428571428575
NJ,202616,2026,4,2025-26,2.91862,54.471428571428575
NJ,202617,2026,4,2025-26,2.95677,54.471428571428575
NJ,202618,2026,5,2025-26,3.29151,61.86190476190476
NJ,202619,2026,5,2025-26,3.13768,61.86190476190476
NJ,202620,2026,5,2025-26,2.54275,61.86190476190476
NJ,202621,2026,5,,2.64548,61.86190476190476
NJ,202622,2026,5,,2.54688,61.86190476190476
NJ,202623,2026,6,,2.32899,72.05714285714286
NJ,202624,2026,6,,2.30117,72.05714285714286
NJ,202625,2026,6,,2.2275,72.05714285714286
NJ,202626,2026,6,,2.04728,72.05714285714286
NJ,202627,2026,7,,1.86666,75.85238095238095
NJ,202628,2026,7,,1.97715,75.85238095238095
NJ,202629,2026,7,,1.99752,75.85238095238095
NJ,202630,2026,7,,1.75751,75.85238095238095
NJ,202631,2026,8,,1.83855,74.94761904761906
NJ,202632,2026,8,,1.93577,74.94761904761906
NJ,202633,2026,8,,2.00273,74.94761904761906
NJ,202634,2026,8,,1.85221,74.94761904761906
NJ,202635,2026,8,,2.00053,74.94761904761906
NJ,202636,2026,9,,2.40056,
NJ,202637,2026,9,,2.6851,
NY,201040,2010,10,2010-11,1.0574455357659727,50.038709677419355
NY,201041,2010,10,2010-11,1.2741403214153209,50.038709677419355
NY,201042,2010,10,2010-11,1.162504496658273,50.038709677419355
NY,201043,2010,10,2010-11,1.1727257497068184,50.038709677419355
NY,201044,2010,10,2010-11,1.3690754599314001,50.038709677419355
NY,201045,2010,11,2010-11,1.5567870201096892,39.36612903225806
NY,201046,2010,11,2010-11,1.7230999379720509,39.36612903225806
NY,201047,2010,11,2010-11,2.1331847428403212,39.36612903225806
NY,201048,2010,11,2010-11,2.4169101783324685,39.36612903225806
NY,201049,2010,12,2010-11,2.6553826211923393,24.69516129032258
NY,201050,2010,12,2010-11,3.207112951375731,24.69516129032258
NY,201051,2010,12,2010-11,4.220717331326812,24.69516129032258
NY,201052,2010,12,2010-11,4.379304644884016,24.69516129032258
NY,201101,2011,1,2010-11,3.2635721312941595,20.34193548387097
NY,201102,2011,1,2010-11,3.2012316249503376,20.34193548387097
NY,201103,2011,1,2010-11,2.904441506679032,20.34193548387097
NY,201104,2011,1,2010-11,2.7540093509627472,20.34193548387097
NY,201105,2011,1,2010-11,2.6744106191564714,20.34193548387097
NY,201106,2011,2,2010-11,2.6949113516002763,23.83709677419355
NY,201107,2011,2,2010-11,2.7768558468857174,23.83709677419355
NY,201108,2011,2,2010-11,2.738301222855143,23.83709677419355
NY,201109,2011,2,2010-11,2.109708663819402,23.83709677419355
NY,201110,2011,3,2010-11,1.9666937135350258,32.68064516129032
NY,201111,2011,3,2010-11,1.947142097888583,32.68064516129032
NY,201112,2011,3,2010-11,1.84468524251806,32.68064516129032
NY,201113,2011,3,2010-11,1.8092609628948173,32.68064516129032
NY,201114,2011,4,2010-11,1.858290723155588,46.309677419354834
NY,201115,2011,4,2010-11,1.598297332419241,46.309677419354834
NY,201116,2011,4,2010-11,1.5974098374715897,46.309677419354834
NY,201117,2011,4,2010-11,1.2176250203616223,46.309677419354834
NY,201118,2011,5,2010-11,1.1858095827561477,58.972580645161294
NY,201119,2011,5,2010-11,1.2410572244601772,58.972580645161294
NY,201120,2011,5,2010-11,1.0986203372508943,58.972580645161294
NY,201121,2011,5,,1.3091527925859099,58.972580645161294
NY,201122,2011,5,,1.2101427427822886,58.972580645161294
NY,201123,2011,6,,1.1716733223049933,66.2290322580645
NY,201124,2011,6,,1.141225304415215,66.2290322580645
NY,201125,2011,6,,0.9722974911536867,66.2290322580645
NY,201126,2011,6,,0.9944896928717263,66.2290322580645
NY,201127,2011,7,,0.9509254542367125,72.79193548387097
NY,201128,2011,7,,0.8067093531998368,72.79193548387097
NY,201129,2011,7,,0.7074133807908347,72.79193548387097
NY,201130,2011,7,,0.7430522973518533,72.79193548387097
NY,201131,2011,7,,0.7350823223070985,72.79193548387097
NY,201132,2011,8,,0.7569579250852869,68.75483870967743
NY,201133,2011,8,,0.7543401628989761,68.75483870967743
NY,201134,2011,8,,0.7957740866813147,68.75483870967743
NY,201135,2011,8,,0.7483446753724481,68.75483870967743
NY,201136,2011,9,,0.7599789268380169,63.74354838709677
NY,201137,2011,9,,0.8250334473019175,63.74354838709677
NY,201138,2011,9,,0.793291490894125,63.74354838709677
NY,201139,2011,9,,1.0508988346766504,63.74354838709677
NY,201140,2011,10,2011-12,1.378894335743354,50.79032258064516
NY,201141,2011,10,2011-12,1.5611760174605214,50.79032258064516
NY,201142,2011,10,2011-12,1.543749781338558,50.79032258064516
NY,201143,2011,10,2011-12,1.575228926770027,50.79032258064516
NY,201144,2011,10,2011-12,1.8663606398950765,50.79032258064516
NY,201145,2011,11,2011-12,1.8591205418831969,44.354838709677416
NY,201146,2011,11,2011-12,1.885061377054751,44.354838709677416
NY,201147,2011,11,2011-12,2.2532392816048827,44.354838709677416
NY,201148,2011,11,2011-12,2.2432031976844353,44.354838709677416
NY,201149,2011,12,2011-12,2.288171676743592,33.57096774193548
NY,201150,2011,12,2011-12,2.2872294927722177,33.57096774193548
NY,201151,2011,12,2011-12,2.523517307268318,33.57096774193548
NY,201152,2011,12,2011-12,2.5929924428305036,33.57096774193548
NY,201201,2012,1,2011-12,2.2998990417825325,27.991935483870968
NY,201202,2012,1,2011-12,1.8732957965933636,27.991935483870968
NY,201203,2012,1,2011-12,2.0095280138321745,27.991935483870968
NY,201204,2012,1,2011-12,1.9038853698590583,27.991935483870968
NY,201205,2012,1,2011-12,1.8825327976677215,27.991935483870968
NY,201206,2012,2,2011-12,1.847740520268537,31.68064516129032
NY,201207,2012,2,2011-12,1.8982610398163144,31.68064516129032
NY,201208,2012,2,2011-12,2.1175539283593907,31.68064516129032
NY,201209,2012,2,2011-12,1.8972705931817386,31.68064516129032
NY,201210,2012,3,2011-12,1.8314486878600384,44.74032258064516
NY,201211,2012,3,2011-12,2.0524640544396884,44.74032258064516
NY,201212,2012,3,2011-12,1.9353482702089202,44.74032258064516
NY,201213,2012,3,2011-12,1.8514667914262446,44.74032258064516
NY,201214,2012,4,2011-12,1.9298530926437902,45.400000000000006
NY,201215,2012,4,2011-12,1.827221192830542,45.400000000000006
NY,201216,2012,4,2011-12,1.6328669583589812,45.400000000000006
NY,201217,2012,4,2011-12,1.4626852145543523,45.400000000000006
NY,201218,2012,4,2011-12,1.570816806160649,45.400000000000006
NY,201219,2012,5,2011-12,1.6747257931359831,61.400000000000006
NY,201220,2012,5,2011-12,1.5637942490965857,61.400000000000006
NY,201221,2012,5,,1.5054044956427421,61.400000000000006
NY,201222,2012,5,,1.4346445056474133,61.400000000000006
NY,201223,2012,6,,1.4146461959413241,65.66451612903225
NY,201224,2012,6,,1.3837408054696652,65.66451612903225
NY,201225,2012,6,,1.4716133529548447,65.66451612903225
NY,201226,2012,6,,1.4543813839182858,65.66451612903225
NY,201227,2012,7,,1.3266781826216205,72.70161290322581
NY,201228,2012,7,,1.3165535426999342,72.70161290322581
NY,201229,2012,7,,1.2059285649950462,72.70161290322581
NY,201230,2012,7,,1.1135461707042587,72.70161290322581
NY,201231,2012,7,,1.051329622758194,72.70161290322581
NY,201232,2012,8,,0.9626684424945159,69.66774193548386
NY,201233,2012,8,,1.007438286741867,69.66774193548386
NY,201234,2012,8,,1.1645639816997089,69.66774193548386
NY,201235,2012,8,,0.9656330594374138,69.66774193548386
NY,201236,2012,9,,1.0269446882345226,61.28225806451613
NY,201237,2012,9,,1.175549346970737,61.28225806451613
NY,201238,2012,9,,1.3537190568013862,61.28225806451613
NY,201239,2012,9,,1.326671095321992,61.28225806451613
NY,201240,2012,9,2012-13,1.2944565179895822,61.28225806451613
NY,201241,2012,10,2012-13,1.4387296601666448,52.03709677419355
NY,201242,2012,10,2012-13,1.5465255507456315,52.03709677419355
NY,201243,2012,10,2012-13,1.5840412493132159,52.03709677419355
NY,201244,2012,10,2012-13,1.6558364456725891,52.03709677419355
NY,201245,2012,11,2012-13,1.473696022142844,37.059677419354834
NY,201246,2012,11,2012-13,1.5873716550865637,37.059677419354834
NY,201247,2012,11,2012-13,2.0947479945512337,37.059677419354834
NY,201248,2012,11,2012-13,2.2498372786132714,37.059677419354834
NY,201249,2012,12,2012-13,2.746470714794035,33.346774193548384
NY,201250,2012,12,2012-13,3.257272107372728,33.346774193548384
NY,201251,2012,12,2012-13,4.037295343046007,33.346774193548384
NY,201252,2012,12,2012-13,5.124194394669888,33.346774193548384
NY,201301,2012,12,2012-13,4.718802360311794,33.346774193548384
NY,201302,2013,1,2012-13,5.354458663416616,26.22258064516129
NY,201303,2013,1,2012-13,5.946621012497002,26.22258064516129
NY,201304,2013,1,2012-13,4.996301708430301,26.22258064516129
NY,201305,2013,1,2012-13,4.025408858005194,26.22258064516129
NY,201306,2013,2,2012-13,3.619133320210343,25.153225806451612
NY,201307,2013,2,2012-13,3.1006839077856787,25.153225806451612
NY,201308,2013,2,2012-13,3.415587499315056,25.153225806451612
NY,201309,2013,2,2012-13,2.8834393615429965,25.153225806451612
NY,201310,2013,3,2012-13,2.937877250146894,32.04677419354839
NY,201311,2013,3,2012-13,2.731759370414833,32.04677419354839
NY,201312,2013,3,2012-13,2.5496642741375317,32.04677419354839
NY,201313,2013,3,2012-13,2.267031542560853,32.04677419354839
NY,201314,2013,3,2012-13,2.01241461409824,32.04677419354839
NY,201315,2013,4,2012-13,1.6846318278983037,44.79838709677419
NY,201316,2013,4,2012-13,1.6946538569704888,44.79838709677419
NY,201317,2013,4,2012-13,1.5968909089198167,44.79838709677419
NY,201318,2013,4,2012-13,1.5772115047998085,44.79838709677419
NY,201319,2013,5,2012-13,1.5314218236835309,58.06612903225806
NY,201320,2013,5,2012-13,1.4683160079358548,58.06612903225806
NY,201321,2013,5,,1.4028384806120775,58.06612903225806
NY,201322,2013,5,,1.4532935226372554,58.06612903225806
NY,201323,2013,6,,1.2715872412212699,65.29193548387097
NY,201324,2013,6,,1.341294995479339,65.29193548387097
NY,201325,2013,6,,1.2521857392655915,65.29193548387097
NY,201326,2013,6,,1.1301386764052705,65.29193548387097
NY,201327,2013,6,,1.2148735077496917,65.29193548387097
NY,201328,2013,7,,1.1070469668080472,72.49516129032257
NY,201329,2013,7,,1.00729827166766,72.49516129032257
NY,201330,2013,7,,0.9744389283223239,72.49516129032257
NY,201331,2013,7,,0.9540228669339059,72.49516129032257
NY,201332,2013,8,,0.8765382072554331,66.99193548387096
NY,201333,2013,8,,0.7672469374597034,66.99193548387096
NY,201334,2013,8,,0.840612791361222,66.99193548387096
NY,201335,2013,8,,0.8067593927571877,66.99193548387096
NY,201336,2013,9,,0.804377507064763,59.645161290322584
NY,201337,2013,9,,0.862647171115766,59.645161290322584
NY,201338,2013,9,,1.2399342975041063,59.645161290322584
NY,201339,2013,9,,1.4448567127831946,59.645161290322584
NY,201340,2013,9,2013-14,1.3974538813752218,59.645161290322584
NY,201341,2013,10,2013-14,1.304770824051427,52.16451612903226
NY,201342,2013,10,2013-14,1.3841515546955856,52.16451612903226
NY,201343,2013,10,2013-14,1.5680418144483854,52.16451612903226
NY,201344,2013,10,2013-14,1.6600259577596457,52.16451612903226
NY,201345,2013,11,2013-14,1.7453398868589445,36.07096774193548
NY,201346,2013,11,2013-14,1.783405122289308,36.07096774193548
NY,201347,2013,11,2013-14,1.897956188309544,36.07096774193548
NY,201348,2013,11,2013-14,2.2335047037993045,36.07096774193548
NY,201349,2013,12,2013-14,2.313725490196078,27.51774193548387
NY,201350,2013,12,2013-14,2.405718650685125,27.51774193548387
NY,201351,2013,12,2013-14,2.671130952380952,27.51774193548387
NY,201352,2013,12,2013-14,3.4642501792038005,27.51774193548387
NY,201401,2013,12,2013-14,3.492723492723493,27.51774193548387
NY,201402,2014,1,2013-14,2.8174069915137236,18.674193548387095
NY,201403,2014,1,2013-14,3.112233594753866,18.674193548387095
NY,201404,2014,1,2013-14,3.067272888660953,18.674193548387095
NY,201405,2014,1,2013-14,2.747629914101779,18.674193548387095
NY,201406,2014,2,2013-14,2.745606372286565,20.49516129032258
NY,201407,2014,2,2013-14,2.457689771614682,20.49516129032258
NY,201408,2014,2,2013-14,2.2274680137859404,20.49516129032258
NY,201409,2014,2,2013-14,1.936041645589412,20.49516129032258
NY,201410,2014,3,2013-14,2.3193136249183994,25.937096774193545
NY,201411,2014,3,2013-14,2.6925507579196593,25.937096774193545
NY,201412,2014,3,2013-14,3.3974551218885223,25.937096774193545
NY,201413,2014,3,2013-14,3.6036548685515473,25.937096774193545
NY,201414,2014,3,2013-14,3.5640392444770743,25.937096774193545
NY,201415,2014,4,2013-14,3.252147213808556,44.79032258064516
NY,201416,2014,4,2013-14,2.502272706403063,44.79032258064516
NY,201417,2014,4,2013-14,1.9301388266905508,44.79032258064516
NY,201418,2014,4,2013-14,1.6409108283732865,44.79032258064516
NY,201419,2014,5,2013-14,1.6232258064516127,57.73548387096774
NY,201420,2014,5,2013-14,1.5229677474185186,57.73548387096774
NY,201421,2014,5,,1.5123671183251415,57.73548387096774
NY,201422,2014,5,,1.484701040444641,57.73548387096774
NY,201423,2014,6,,1.4461991283183337,66.15967741935484
NY,201424,2014,6,,1.3133384763015785,66.15967741935484
NY,201425,2014,6,,1.5450324976787373,66.15967741935484
NY,201426,2014,6,,1.4179306230131725,66.15967741935484
NY,201427,2014,6,,1.3652833663643826,66.15967741935484
NY,201428,2014,7,,1.1746632444685914,68.71451612903226
NY,201429,2014,7,,1.0820170864943985,68.71451612903226
NY,201430,2014,7,,1.0009151223976207,68.71451612903226
NY,201431,2014,7,,1.0656251506822896,68.71451612903226
NY,201432,2014,8,,1.0310764322641401,66.50967741935484
NY,201433,2014,8,,1.0138854019814216,66.50967741935484
NY,201434,2014,8,,0.9416648249752573,66.50967741935484
NY,201435,2014,8,,0.870670540561205,66.50967741935484
NY,201436,2014,8,,0.8806085242905151,66.50967741935484
NY,201437,2014,9,,1.0450685826257349,61.512903225806454
NY,201438,2014,9,,1.5149578657668943,61.512903225806454
NY,201439,2014,9,,1.5104736082564394,61.512903225806454
NY,201440,2014,9,2014-15,1.4209751308900522,61.512903225806454
NY,201441,2014,10,2014-15,1.4652975883114796,52.49516129032258
NY,201442,2014,10,2014-15,1.591467027850673,52.49516129032258
NY,201443,2014,10,2014-15,1.5928351960022962,52.49516129032258
NY,201444,2014,10,2014-15,1.6618867797579497,52.49516129032258
NY,201445,2014,11,2014-15,1.7506897416603964,36.62580645161291
NY,201446,2014,11,2014-15,1.6711413558751342,36.62580645161291
NY,201447,2014,11,2014-15,1.800334654652505,36.62580645161291
NY,201448,2014,11,2014-15,2.0649556938630758,36.62580645161291
NY,201449,2014,11,2014-15,2.1170569384225755,36.62580645161291
NY,201450,2014,12,2014-15,2.2874492181098356,31.896774193548385
NY,201451,2014,12,2014-15,2.5840380327317094,31.896774193548385
NY,201452,2014,12,2014-15,3.5599647009765416,31.896774193548385
NY,201453,2014,12,2014-15,3.5538719565091665,31.896774193548385
NY,201501,2015,1,2014-15,3.0772991471562823,18.38225806451613
NY,201502,2015,1,2014-15,3.418427874686937,18.38225806451613
NY,201503,2015,1,2014-15,3.7318016567340093,18.38225806451613
NY,201504,2015,1,2014-15,3.529946757110105,18.38225806451613
NY,201505,2015,2,2014-15,3.358501118568233,11.45
NY,201506,2015,2,2014-15,2.981531552174511,11.45
NY,201507,2015,2,2014-15,2.3335259353870796,11.45
NY,201508,2015,2,2014-15,1.9413100688561231,11.45
NY,201509,2015,3,2014-15,1.7205255011514213,27.32903225806452
NY,201510,2015,3,2014-15,1.7368943030920052,27.32903225806452
NY,201511,2015,3,2014-15,1.800241530064876,27.32903225806452
NY,201512,2015,3,2014-15,1.9255525538048701,27.32903225806452
NY,201513,2015,3,2014-15,1.9218533627755532,27.32903225806452
NY,201514,2015,4,2014-15,1.7385191237103608,44.791935483870965
NY,201515,2015,4,2014-15,1.4563673421744947,44.791935483870965
NY,201516,2015,4,2014-15,1.4763408101466216,44.791935483870965
NY,201517,2015,4,2014-15,1.4825315529540881,44.791935483870965
NY,201518,2015,5,2014-15,1.6011434308028687,62.00645161290323
NY,201519,2015,5,2014-15,1.4803391100539334,62.00645161290323
NY,201520,2015,5,2014-15,1.588285354843484,62.00645161290323
NY,201521,2015,5,,1.5588063657853872,62.00645161290323
NY,201522,2015,5,,1.4139943125350547,62.00645161290323
NY,201523,2015,6,,1.4291973933229538,64.21774193548387
NY,201524,2015,6,,1.1490768545797296,64.21774193548387
NY,201525,2015,6,,1.320730791365503,64.21774193548387
NY,201526,2015,6,,1.2678588324344782,64.21774193548387
NY,201527,2015,7,,1.041464078727294,69.47258064516129
NY,201528,2015,7,,1.0134438432304504,69.47258064516129
NY,201529,2015,7,,0.9792114978382328,69.47258064516129
NY,201530,2015,7,,1.118908573391569,69.47258064516129
NY,201531,2015,8,,1.1850123418697933,68.90645161290323
NY,201532,2015,8,,1.0680321872713971,68.90645161290323
NY,201533,2015,8,,0.9998742904663824,68.90645161290323
NY,201534,2015,8,,0.9687328473619845,68.90645161290323
NY,201535,2015,8,,0.9262425900592796,68.90645161290323
NY,201536,2015,9,,0.9066804373516588,66.18387096774192
NY,201537,2015,9,,1.1315970992337951,66.18387096774192
NY,201538,2015,9,,1.2508558000111023,66.18387096774192
NY,201539,2015,9,,1.1915382937806063,66.18387096774192
NY,201540,2015,10,2015-16,1.169451704020485,49.012903225806454
NY,201541,2015,10,2015-16,1.2951903028589604,49.012903225806454
NY,201542,2015,10,2015-16,1.4113579027221566,49.012903225806454
NY,201543,2015,10,2015-16,1.3819027529882633,49.012903225806454
NY,201544,2015,11,2015-16,1.3497164136842197,44.190322580645166
NY,201545,2015,11,2015-16,1.4152608173925318,44.190322580645166
NY,201546,2015,11,2015-16,1.6235809176068132,44.190322580645166
NY,201547,2015,11,2015-16,1.7178025893571147,44.190322580645166
NY,201548,2015,11,2015-16,1.9610546269171119,44.190322580645166
NY,201549,2015,12,2015-16,2.161864435953045,40.898387096774194
NY,201550,2015,12,2015-16,2.257332417415198,40.898387096774194
NY,201551,2015,12,2015-16,2.6927460718065617,40.898387096774194
NY,201552,2015,12,2015-16,2.8683740559307997,40.898387096774194
NY,201601,2016,1,2015-16,2.294298824564712,25.44677419354839
NY,201602,2016,1,2015-16,2.255357957136343,25.44677419354839
NY,201603,2016,1,2015-16,2.2316931421929485,25.44677419354839
NY,201604,2016,1,2015-16,2.3578777344710136,25.44677419354839
NY,201605,2016,1,2015-16,2.5184508864034085,25.44677419354839
NY,201606,2016,2,2015-16,2.981853849926434,28.629032258064516
NY,201607,2016,2,2015-16,3.133312294305938,28.629032258064516
NY,201608,2016,2,2015-16,3.1551759065433185,28.629032258064516
NY,201609,2016,2,2015-16,3.4541967149952675,28.629032258064516
NY,201610,2016,3,2015-16,3.8424320619304897,39.5758064516129
NY,201611,2016,3,2015-16,3.322270591784837,39.5758064516129
NY,201612,2016,3,2015-16,2.9636226011843805,39.5758064516129
NY,201613,2016,3,2015-16,2.5387417309686118,39.5758064516129
NY,201614,2016,4,2015-16,2.108674167553596,42.95322580645161
NY,201615,2016,4,2015-16,2.1774320361857016,42.95322580645161
NY,201616,2016,4,2015-16,2.1452936295749976,42.95322580645161
NY,201617,2016,4,2015-16,1.8498335738902472,42.95322580645161
NY,201618,2016,5,2015-16,1.5051209159235173,56.68064516129032
NY,201619,2016,5,2015-16,1.4932788122557776,56.68064516129032
NY,201620,2016,5,2015-16,1.3857703167612678,56.68064516129032
NY,201621,2016,5,,1.3817947201462444,56.68064516129032
NY,201622,2016,5,,1.3056635536494448,56.68064516129032
NY,201623,2016,6,,1.2518890459708478,65.39193548387097
NY,201624,2016,6,,1.2379391953395231,65.39193548387097
NY,201625,2016,6,,1.1848570433706038,65.39193548387097
NY,201626,2016,6,,1.1228783980534114,65.39193548387097
NY,201627,2016,7,,0.9990281420793579,71.80967741935484
NY,201628,2016,7,,0.9145241646923475,71.80967741935484
NY,201629,2016,7,,1.1000688773000098,71.80967741935484
NY,201630,2016,7,,1.0559787615528633,71.80967741935484
NY,201631,2016,7,,1.0539380048242937,71.80967741935484
NY,201632,2016,8,,1.0102215328321997,72.23709677419355
NY,201633,2016,8,,0.9612365411690825,72.23709677419355
NY,201634,2016,8,,1.0682274380428085,72.23709677419355
NY,201635,2016,8,,0.9725211860298252,72.23709677419355
NY,201636,2016,9,,0.8928836284892171,64.34677419354838
NY,201637,2016,9,,0.9746588693957114,64.34677419354838
NY,201638,2016,9,,1.2663783408157854,64.34677419354838
NY,201639,2016,9,,1.4195813010889275,64.34677419354838
NY,201640,2016,10,2016-17,1.411163796109058,51.86612903225806
NY,201641,2016,10,2016-17,1.4342839565847871,51.86612903225806
NY,201642,2016,10,2016-17,1.5446031532138527,51.86612903225806
NY,201643,2016,10,2016-17,1.5541588871065297,51.86612903225806
NY,201644,2016,10,2016-17,1.7727439550028594,51.86612903225806
NY,201645,2016,11,2016-17,1.9494433894879881,41.74354838709677
NY,201646,2016,11,2016-17,1.959726565463296,41.74354838709677
NY,201647,2016,11,2016-17,2.3330716428125693,41.74354838709677
NY,201648,2016,11,2016-17,2.298957243613539,41.74354838709677
NY,201649,2016,12,2016-17,2.5112512757022634,29.29032258064516
NY,201650,2016,12,2016-17,2.8051270910275905,29.29032258064516
NY,201651,2016,12,2016-17,3.6465912669032488,29.29032258064516
NY,201652,2016,12,2016-17,4.812443144319783,29.29032258064516
NY,201701,2017,1,2016-17,3.7432925520497964,29.570967741935487
NY,201702,2017,1,2016-17,3.8891715460965997,29.570967741935487
NY,201703,2017,1,2016-17,4.387519869506237,29.570967741935487
NY,201704,2017,1,2016-17,4.337796086508754,29.570967741935487
NY,201705,2017,1,2016-17,4.43243513306465,29.570967741935487
NY,201706,2017,2,2016-17,4.523315477379081,32.5
NY,201707,2017,2,2016-17,3.634287308325996,32.5
NY,201708,2017,2,2016-17,3.1009555165873386,32.5
NY,201709,2017,2,2016-17,2.2725459782849544,32.5
NY,201710,2017,3,2016-17,2.063104568565188,30.203225806451613
NY,201711,2017,3,2016-17,2.2548484698179654,30.203225806451613
NY,201712,2017,3,2016-17,2.2742836851850288,30.203225806451613
NY,201713,2017,3,2016-17,2.7256624993551273,30.203225806451613
NY,201714,2017,4,2016-17,2.6825355053947826,50.09032258064516
NY,201715,2017,4,2016-17,2.2955991949083394,50.09032258064516
NY,201716,2017,4,2016-17,1.7856666933184082,50.09032258064516
NY,201717,2017,4,2016-17,1.6183844255745132,50.09032258064516
NY,201718,2017,4,2016-17,1.50181821249884,50.09032258064516
NY,201719,2017,5,2016-17,1.672801423954931,55.04838709677419
NY,201720,2017,5,2016-17,1.7212466656819387,55.04838709677419
NY,201721,2017,5,,1.4810300730358348,55.04838709677419
NY,201722,2017,5,,1.6104612476735103,55.04838709677419
NY,201723,2017,6,,1.7217039887065078,65.2516129032258
NY,201724,2017,6,,1.406103243153649,65.2516129032258
NY,201725,2017,6,,1.2993744089619552,65.2516129032258
NY,201726,2017,6,,1.3213179491498461,65.2516129032258
NY,201727,2017,7,,1.338724994638973,69.45645161290322
NY,201728,2017,7,,1.130533439090754,69.45645161290322
NY,201729,2017,7,,1.0676541075708168,69.45645161290322
NY,201730,2017,7,,1.1225810334968551,69.45645161290322
NY,201731,2017,7,,1.0908943714707848,69.45645161290322
NY,201732,2017,8,,1.1288173960075722,66.90645161290323
NY,201733,2017,8,,1.0161250103898263,66.90645161290323
NY,201734,2017,8,,1.0541880840533935,66.90645161290323
NY,201735,2017,8,,1.0715794981184472,66.90645161290323
NY,201736,2017,9,,1.0298410638987998,63.55
NY,201737,2017,9,,1.1582618670959266,63.55
NY,201738,2017,9,,1.3941922625589063,63.55
NY,201739,2017,9,,1.3534143358360191,63.55
NY,201740,2017,10,2017-18,1.3009669585952364,56.15483870967742
NY,201741,2017,10,2017-18,1.3898382319434952,56.15483870967742
NY,201742,2017,10,2017-18,1.5984758519936095,56.15483870967742
NY,201743,2017,10,2017-18,1.6875782069058813,56.15483870967742
NY,201744,2017,10,2017-18,1.7282698060069621,56.15483870967742
NY,201745,2017,11,2017-18,1.6931392495699478,37.83870967741935
NY,201746,2017,11,2017-18,2.199047448644872,37.83870967741935
NY,201747,2017,11,2017-18,2.093730392393455,37.83870967741935
NY,201748,2017,11,2017-18,1.7756421919711531,37.83870967741935
NY,201749,2017,12,2017-18,2.5091804479888213,24.799999999999997
NY,201750,2017,12,2017-18,2.6176209699317536,24.799999999999997
NY,201751,2017,12,2017-18,3.1155832496288856,24.799999999999997
NY,201752,2017,12,2017-18,3.6007243006837317,24.799999999999997
NY,201801,2017,12,2017-18,3.674884676112734,24.799999999999997
NY,201802,2018,1,2017-18,4.019534184823441,21.05483870967742
NY,201803,2018,1,2017-18,5.3623367527705685,21.05483870967742
NY,201804,2018,1,2017-18,6.704192663592249,21.05483870967742
NY,201805,2018,1,2017-18,7.90245884371144,21.05483870967742
NY,201806,2018,2,2017-18,8.717805644474465,31.220967741935485
NY,201807,2018,2,2017-18,8.606817700614016,31.220967741935485
NY,201808,2018,2,2017-18,6.064128725788646,31.220967741935485
NY,201809,2018,2,2017-18,3.7161673528816204,31.220967741935485
NY,201810,2018,3,2017-18,2.892074433987681,31.296774193548387
NY,201811,2018,3,2017-18,2.488546155590837,31.296774193548387
NY,201812,2018,3,2017-18,2.4031036600115363,31.296774193548387
NY,201813,2018,3,2017-18,2.2839956252278526,31.296774193548387
NY,201814,2018,4,2017-18,1.9387980027409601,39.35322580645161
NY,201815,2018,4,2017-18,1.7715617715617717,39.35322580645161
NY,201816,2018,4,2017-18,1.6873505207058246,39.35322580645161
NY,201817,2018,4,2017-18,1.620043828129852,39.35322580645161
NY,201818,2018,4,2017-18,1.6950619849020014,39.35322580645161
NY,201819,2018,5,2017-18,1.558164532175681,61.225806451612904
NY,201820,2018,5,2017-18,1.5801313614064887,61.225806451612904
NY,201821,2018,5,,1.6235111807845468,61.225806451612904
NY,201822,2018,5,,1.5619872005251068,61.225806451612904
NY,201823,2018,6,,1.4600502442687233,64.7
NY,201824,2018,6,,1.3856314614331013,64.7
NY,201825,2018,6,,1.2195350581177353,64.7
NY,201826,2018,6,,1.1474869647806787,64.7
NY,201827,2018,7,,1.0159769752565366,72.22096774193548
NY,201828,2018,7,,1.0410241324008085,72.22096774193548
NY,201829,2018,7,,0.9727720149864678,72.22096774193548
NY,201830,2018,7,,0.8179057694191401,72.22096774193548
NY,201831,2018,7,,0.8909863324426673,72.22096774193548
NY,201832,2018,8,,0.9376460600742105,71.65967741935484
NY,201833,2018,8,,0.9382038977573205,71.65967741935484
NY,201834,2018,8,,0.9215071584033865,71.65967741935484
NY,201835,2018,8,,0.9344076764589238,71.65967741935484
NY,201836,2018,9,,1.02582965505967,64.84354838709677
NY,201837,2018,9,,1.1882333004376129,64.84354838709677
NY,201838,2018,9,,1.5649140766438232,64.84354838709677
NY,201839,2018,9,,1.615076442160861,64.84354838709677
NY,201840,2018,9,2018-19,1.5603918578048925,64.84354838709677
NY,201841,2018,10,2018-19,1.5620044859338873,49.31612903225806
NY,201842,2018,10,2018-19,1.7648163972776254,49.31612903225806
NY,201843,2018,10,2018-19,1.9338533541341654,49.31612903225806
NY,201844,2018,10,2018-19,1.8204048362994159,49.31612903225806
NY,201845,2018,11,2018-19,1.8136518521232552,34.97096774193548
NY,201846,2018,11,2018-19,1.9504125747015206,34.97096774193548
NY,201847,2018,11,2018-19,2.207276400824788,34.97096774193548
NY,201848,2018,11,2018-19,2.0583366561544687,34.97096774193548
NY,201849,2018,12,2018-19,2.2959908135672746,30.511290322580646
NY,201850,2018,12,2018-19,2.703506196696334,30.511290322580646
NY,201851,2018,12,2018-19,3.201247535673308,30.511290322580646
NY,201852,2018,12,2018-19,3.8645854502782893,30.511290322580646
NY,201901,2018,12,2018-19,3.5247524752475243,30.511290322580646
NY,201902,2019,1,2018-19,3.1991992499303143,21.63064516129032
NY,201903,2019,1,2018-19,3.678747724244073,21.63064516129032
NY,201904,2019,1,2018-19,3.896699266503668,21.63064516129032
NY,201905,2019,1,2018-19,3.850593718995888,21.63064516129032
NY,201906,2019,2,2018-19,4.040398177438546,26.203225806451613
NY,201907,2019,2,2018-19,4.304819277108433,26.203225806451613
NY,201908,2019,2,2018-19,3.9212140781401352,26.203225806451613
NY,201909,2019,2,2018-19,3.031241115709006,26.203225806451613
NY,201910,2019,3,2018-19,3.009090739392582,31.37258064516129
NY,201911,2019,3,2018-19,2.973617395750956,31.37258064516129
NY,201912,2019,3,2018-19,2.59240064373585,31.37258064516129
NY,201913,2019,3,2018-19,2.5930830959767297,31.37258064516129
NY,201914,2019,3,2018-19,2.5871696240228315,31.37258064516129
NY,201915,2019,4,2018-19,2.2510460251046025,46.08709677419355
NY,201916,2019,4,2018-19,1.9828578738646538,46.08709677419355
NY,201917,2019,4,2018-19,1.5798448232176239,46.08709677419355
NY,201918,2019,4,2018-19,1.484615594255035,46.08709677419355
NY,201919,2019,5,2018-19,1.3149004027135869,55.52903225806452
NY,201920,2019,5,2018-19,1.3464183487602692,55.52903225806452
NY,201921,2019,5,,1.4190362126737628,55.52903225806452
NY,201922,2019,5,,1.4013360457444468,55.52903225806452
NY,201923,2019,6,,1.3774778194545418,64.21774193548387
NY,201924,2019,6,,1.310604212931466,64.21774193548387
NY,201925,2019,6,,1.137484249164521,64.21774193548387
NY,201926,2019,6,,1.1327367586404493,64.21774193548387
NY,201927,2019,6,,1.0136179154906364,64.21774193548387
NY,201928,2019,7,,0.8767982636085707,72.31129032258065
NY,201929,2019,7,,0.8315585278836631,72.31129032258065
NY,201930,2019,7,,0.8073208213672303,72.31129032258065
NY,201931,2019,7,,0.8791619902731014,72.31129032258065
NY,201932,2019,8,,0.8846420924715005,68.06451612903226
NY,201933,2019,8,,0.8979531752882216,68.06451612903226
NY,201934,2019,8,,0.7778478111391245,68.06451612903226
NY,201935,2019,8,,0.8677112257040857,68.06451612903226
NY,201936,2019,9,,0.8872764824175227,61.87096774193548
NY,201937,2019,9,,1.1132536315721815,61.87096774193548
NY,201938,2019,9,,1.449770732430881,61.87096774193548
NY,201939,2019,9,,1.4398780042093589,61.87096774193548
NY,201940,2019,9,2019-20,1.3016129643430043,61.87096774193548
NY,201941,2019,10,2019-20,1.3124547429398985,51.688709677419354
NY,201942,2019,10,2019-20,1.424494015304696,51.688709677419354
NY,201943,2019,10,2019-20,1.5222975137063297,51.688709677419354
NY,201944,2019,10,2019-20,1.718371879553493,51.688709677419354
NY,201945,2019,11,2019-20,1.9489898762943512,34.54354838709677
NY,201946,2019,11,2019-20,2.01204221305052,34.54354838709677
NY,201947,2019,11,2019-20,2.142486609458691,34.54354838709677
NY,201948,2019,11,2019-20,2.715749673872856,34.54354838709677
NY,201949,2019,12,2019-20,2.9016109363968936,29.030645161290323
NY,201950,2019,12,2019-20,3.4606833425197094,29.030645161290323
NY,201951,2019,12,2019-20,4.451139358336531,29.030645161290323
NY,201952,2019,12,2019-20,6.388183947339235,29.030645161290323
NY,202001,2019,12,2019-20,6.387826923563815,29.030645161290323
NY,202002,2020,1,2019-20,5.50794955067757,29.56935483870968
NY,202003,2020,1,2019-20,6.241087734220599,29.56935483870968
NY,202004,2020,1,2019-20,7.169524584475104,29.56935483870968
NY,202005,2020,1,2019-20,7.540423620632594,29.56935483870968
NY,202006,2020,2,2019-20,7.275897086706153,28.791935483870965
NY,202007,2020,2,2019-20,6.096312123089372,28.791935483870965
NY,202008,2020,2,2019-20,4.764337189717536,28.791935483870965
NY,202009,2020,2,2019-20,3.806061275033976,28.791935483870965
NY,202010,2020,3,2019-20,4.476034161404289,38.92903225806452
NY,202011,2020,3,2019-20,6.847736409947486,38.92903225806452
NY,202012,2020,3,2019-20,10.651719152579336,38.92903225806452
NY,202013,2020,3,2019-20,12.011448411767466,38.92903225806452
NY,202014,2020,3,2019-20,9.865159215848978,38.92903225806452
NY,202015,2020,4,2019-20,6.556998907369188,42.33709677419355
NY,202016,2020,4,2019-20,4.273976293103448,42.33709677419355
NY,202017,2020,4,2019-20,2.5952587140073606,42.33709677419355
NY,202018,2020,4,2019-20,1.6850981113241748,42.33709677419355
NY,202019,2020,5,2019-20,1.0914033661598326,55.13225806451613
NY,202020,2020,5,2019-20,0.9645509909529341,55.13225806451613
NY,202021,2020,5,,0.8317563701975972,55.13225806451613
NY,202022,2020,5,,0.6322894860511813,55.13225806451613
NY,202023,2020,5,,0.5619947203431777,55.13225806451613
NY,202024,2020,6,,0.5048483915653378,66.50161290322582
NY,202025,2020,6,,0.4991087344028521,66.50161290322582
NY,202026,2020,6,,0.4740803808123222,66.50161290322582
NY,202027,2020,6,,0.48497845633226433,66.50161290322582
NY,202028,2020,7,,0.5166898275524384,74.1241935483871
NY,202029,2020,7,,0.5966135080874275,74.1241935483871
NY,202030,2020,7,,0.5951196398957593,74.1241935483871
NY,202031,2020,7,,0.7222997201516487,74.1241935483871
NY,202032,2020,8,,0.6588743299583085,70.0209677419355
NY,202033,2020,8,,0.7358842862091398,70.0209677419355
NY,202034,2020,8,,0.8297847272482454,70.0209677419355
NY,202035,2020,8,,0.8321626311875052,70.0209677419355
NY,202036,2020,8,,0.7301784693980439,70.0209677419355
NY,202037,2020,9,,0.7703773028995303,61.04838709677419
NY,202038,2020,9,,0.8147439200961986,61.04838709677419
NY,202039,2020,9,,0.8538542144213765,61.04838709677419
NY,202040,2020,9,2020-21,0.912510559620013,61.04838709677419
NY,202041,2020,10,2020-21,0.9493220258532031,50.567741935483866
NY,202042,2020,10,2020-21,0.8198617081515628,50.567741935483866
NY,202043,2020,10,2020-21,0.8883501594048885,50.567741935483866
NY,202044,2020,10,2020-21,0.8573946048529213,50.567741935483866
NY,202045,2020,11,2020-21,0.9383421539660378,43.4483870967742
NY,202046,2020,11,2020-21,1.0229601178001293,43.4483870967742
NY,202047,2020,11,2020-21,1.0482386373791353,43.4483870967742
NY,202048,2020,11,2020-21,1.087141158484797,43.4483870967742
NY,202049,2020,11,2020-21,1.121953475465939,43.4483870967742
NY,202050,2020,12,2020-21,1.327004682470003,31.241935483870968
NY,202051,2020,12,2020-21,1.218375499334221,31.241935483870968
NY,202052,2020,12,2020-21,1.2831267874165873,31.241935483870968
NY,202053,2020,12,2020-21,1.3722472610017955,31.241935483870968
NY,202101,2021,1,2020-21,1.4008482200231331,25.933870967741935
NY,202102,2021,1,2020-21,1.2262790375542862,25.933870967741935
NY,202103,2021,1,2020-21,1.3133004480246186,25.933870967741935
NY,202104,2021,1,2020-21,1.1335628851032982,25.933870967741935
NY,202105,2021,1,2020-21,1.0788263734180217,25.933870967741935
NY,202106,2021,2,2020-21,1.0829739924200823,23.519354838709678
NY,202107,2021,2,2020-21,0.9432742054693274,23.519354838709678
NY,202108,2021,2,2020-21,0.9029956118471673,23.519354838709678
NY,202109,2021,2,2020-21,0.9112543810306781,23.519354838709678
NY,202110,2021,3,2020-21,1.0402555483083304,36.66612903225807
NY,202111,2021,3,2020-21,1.16664712483878,36.66612903225807
NY,202112,2021,3,2020-21,1.070200957248844,36.66612903225807
NY,202113,2021,3,2020-21,1.1038150447169068,36.66612903225807
NY,202114,2021,4,2020-21,1.175801251659397,46.854838709677416
NY,202115,2021,4,2020-21,1.061087116910247,46.854838709677416
NY,202116,2021,4,2020-21,1.1260975217387623,46.854838709677416
NY,202117,2021,4,2020-21,1.0429774260837255,46.854838709677416
NY,202118,2021,5,2020-21,1.055662977743037,55.84193548387096
NY,202119,2021,5,2020-21,1.1085820266396897,55.84193548387096
NY,202120,2021,5,2020-21,1.1361540743591594,55.84193548387096
NY,202121,2021,5,,1.0140226721708931,55.84193548387096
NY,202122,2021,5,,1.0895751664162379,55.84193548387096
NY,202123,2021,6,,1.086527217390631,68.19999999999999
NY,202124,2021,6,,1.2437810945273633,68.19999999999999
NY,202125,2021,6,,1.2397257527765526,68.19999999999999
NY,202126,2021,6,,1.2229480305619942,68.19999999999999
NY,202127,2021,7,,1.2635336483649544,69.11935483870967
NY,202128,2021,7,,1.2744277774457657,69.11935483870967
NY,202129,2021,7,,1.5143912785658897,69.11935483870967
NY,202130,2021,7,,1.582965290109123,69.11935483870967
NY,202131,2021,8,,1.6238576962130042,71.55645161290323
NY,202132,2021,8,,1.6130708474374964,71.55645161290323
NY,202133,2021,8,,1.6501005975796523,71.55645161290323
NY,202134,2021,8,,1.59688310122385,71.55645161290323
NY,202135,2021,8,,1.4655086962157546,71.55645161290323
NY,202136,2021,9,,1.6071967732195807,63.13870967741936
NY,202137,2021,9,,1.7698007040905006,63.13870967741936
NY,202138,2021,9,,2.080620338581745,63.13870967741936
NY,202139,2021,9,,2.3695570570570568,63.13870967741936
NY,202140,2021,10,2021-22,2.24809257017371,56.093548387096774
NY,202141,2021,10,2021-22,2.1743285161935284,56.093548387096774
NY,202142,2021,10,2021-22,2.0282916862411726,56.093548387096774
NY,202143,2021,10,2021-22,1.999004448377488,56.093548387096774
NY,202144,2021,10,2021-22,2.1442306848016015,56.093548387096774
NY,202145,2021,11,2021-22,2.2359725427984993,38.391935483870974
NY,202146,2021,11,2021-22,2.2170370370370374,38.391935483870974
NY,202147,2021,11,2021-22,2.302720725307755,38.391935483870974
NY,202148,2021,11,2021-22,2.6416638761766564,38.391935483870974
NY,202149,2021,12,2021-22,2.769449378330373,34.730645161290326
NY,202150,2021,12,2021-22,3.209538147865596,34.730645161290326
NY,202151,2021,12,2021-22,4.4834428024083195,34.730645161290326
NY,202152,2021,12,2021-22,5.424460523542822,34.730645161290326
NY,202201,2022,1,2021-22,3.7039408166168726,18.36935483870968
NY,202202,2022,1,2021-22,2.3799750286486394,18.36935483870968
NY,202203,2022,1,2021-22,1.6236850281858937,18.36935483870968
NY,202204,2022,1,2021-22,1.3092525494004705,18.36935483870968
NY,202205,2022,1,2021-22,1.0185971139748438,18.36935483870968
NY,202206,2022,2,2021-22,1.043201205933742,25.83225806451613
NY,202207,2022,2,2021-22,1.1064232822455657,25.83225806451613
NY,202208,2022,2,2021-22,1.189828527675351,25.83225806451613
NY,202209,2022,2,2021-22,1.119937383426592,25.83225806451613
NY,202210,2022,3,2021-22,1.3397480327802014,35.567741935483866
NY,202211,2022,3,2021-22,1.600904412171617,35.567741935483866
NY,202212,2022,3,2021-22,1.8208251473477408,35.567741935483866
NY,202213,2022,3,2021-22,2.209019372373037,35.567741935483866
NY,202214,2022,4,2021-22,2.7608003532337153,45.056451612903224
NY,202215,2022,4,2021-22,2.653091615916982,45.056451612903224
NY,202216,2022,4,2021-22,2.4588230509577453,45.056451612903224
NY,202217,2022,4,2021-22,2.476480670348505,45.056451612903224
NY,202218,2022,5,2021-22,2.8269637315021665,59.438709677419354
NY,202219,2022,5,2021-22,2.9989947503630066,59.438709677419354
NY,202220,2022,5,2021-22,2.8607782843812957,59.438709677419354
NY,202221,2022,5,,2.82069368282934,59.438709677419354
NY,202222,2022,5,,2.5018897013149326,59.438709677419354
NY,202223,2022,6,,2.4361022364217253,64.9983870967742
NY,202224,2022,6,,2.3487522253802666,64.9983870967742
NY,202225,2022,6,,2.2532036690126658,64.9983870967742
NY,202226,2022,6,,2.238823123778876,64.9983870967742
NY,202227,2022,7,,2.0937949666696034,71.26290322580645
NY,202228,2022,7,,1.8518382054928777,71.26290322580645
NY,202229,2022,7,,1.7373300927176163,71.26290322580645
NY,202230,2022,7,,1.8223112277390299,71.26290322580645
NY,202231,2022,7,,1.7330249094438703,71.26290322580645
NY,202232,2022,8,,1.688035169952361,71.44193548387096
NY,202233,2022,8,,1.5882371432163964,71.44193548387096
NY,202234,2022,8,,1.5586474877808658,71.44193548387096
NY,202235,2022,8,,1.3393177451629106,71.44193548387096
NY,202236,2022,9,,1.4224807117920104,61.86290322580645
NY,202237,2022,9,,1.9729674018669572,61.86290322580645
NY,202238,2022,9,,2.429234255296191,61.86290322580645
NY,202239,2022,9,,2.1577732304947794,61.86290322580645
NY,202240,2022,10,2022-23,3.665110520750045,50.0758064516129
NY,202241,2022,10,2022-23,4.121569722784722,50.0758064516129
NY,202242,2022,10,2022-23,4.460255527503635,50.0758064516129
NY,202243,2022,10,2022-23,5.008554429151451,50.0758064516129
NY,202244,2022,10,2022-23,6.591632548747716,50.0758064516129
NY,202245,2022,11,2022-23,7.1030486268581505,42.35645161290322
NY,202246,2022,11,2022-23,7.356167949719216,42.35645161290322
NY,202247,2022,11,2022-23,9.706183554652801,42.35645161290322
NY,202248,2022,11,2022-23,10.91900083101139,42.35645161290322
NY,202249,2022,12,2022-23,11.205540154345103,30.219354838709677
NY,202250,2022,12,2022-23,9.955587605736982,30.219354838709677
NY,202251,2022,12,2022-23,9.467051233044907,30.219354838709677
NY,202252,2022,12,2022-23,7.808596078242494,30.219354838709677
NY,202301,2023,1,2022-23,5.805092794332897,32.593548387096774
NY,202302,2023,1,2022-23,4.584654826886852,32.593548387096774
NY,202303,2023,1,2022-23,4.2263113258461615,32.593548387096774
NY,202304,2023,1,2022-23,3.9392878137859437,32.593548387096774
NY,202305,2023,1,2022-23,4.0336458119785545,32.593548387096774
NY,202306,2023,2,2022-23,4.04917453606951,30.287096774193547
NY,202307,2023,2,2022-23,3.8376109823924898,30.287096774193547
NY,202308,2023,2,2022-23,3.5776945174578896,30.287096774193547
NY,202309,2023,2,2022-23,3.422592316969899,30.287096774193547
NY,202310,2023,3,2022-23,3.364758613782051,34.380645161290325
NY,202311,2023,3,2022-23,3.6118765325985285,34.380645161290325
NY,202312,2023,3,2022-23,3.881191993054452,34.380645161290325
NY,202313,2023,3,2022-23,3.886179254394437,34.380645161290325
NY,202314,2023,4,2022-23,3.549824692087384,49.36612903225806
NY,202315,2023,4,2022-23,3.072434253040124,49.36612903225806
NY,202316,2023,4,2022-23,2.7273973500855293,49.36612903225806
NY,202317,2023,4,2022-23,2.922445266116898,49.36612903225806
NY,202318,2023,4,2022-23,3.0264560698593077,49.36612903225806
NY,202319,2023,5,2022-23,3.131963903536836,54.97096774193548
NY,202320,2023,5,2022-23,3.2938338680592962,54.97096774193548
NY,202321,2023,5,,3.2171597810153467,54.97096774193548
NY,202322,2023,5,,3.105556392109622,54.97096774193548
NY,202323,2023,6,,2.726342461748368,64.13064516129032
NY,202324,2023,6,,2.6321343504085384,64.13064516129032
NY,202325,2023,6,,2.388127769457849,64.13064516129032
NY,202326,2023,6,,2.2599996262404147,64.13064516129032
NY,202327,2023,7,,2.139738270436834,71.96774193548387
NY,202328,2023,7,,1.9545678591640148,71.96774193548387
NY,202329,2023,7,,2.014866979655712,71.96774193548387
NY,202330,2023,7,,2.0701356765560077,71.96774193548387
NY,202331,2023,7,,2.135025255636319,71.96774193548387
NY,202332,2023,8,,2.179116896898949,67.10483870967742
NY,202333,2023,8,,2.2681871899314325,67.10483870967742
NY,202334,2023,8,,2.2361452880785966,67.10483870967742
NY,202335,2023,8,,2.343711843711844,67.10483870967742
NY,202336,2023,9,,2.3605875950783686,62.803225806451614
NY,202337,2023,9,,2.6810957783418954,62.803225806451614
NY,202338,2023,9,,3.554953633610901,62.803225806451614
NY,202339,2023,9,,3.6885000299634445,62.803225806451614
NY,202340,2023,10,2023-24,3.5556892120947015,54.148387096774194
NY,202341,2023,10,2023-24,3.5022481605958764,54.148387096774194
NY,202342,2023,10,2023-24,3.750599958859964,54.148387096774194
NY,202343,2023,10,2023-24,3.828588525524864,54.148387096774194
NY,202344,2023,10,2023-24,3.924413523057022,54.148387096774194
NY,202345,2023,11,2023-24,4.269929983687152,37.7
NY,202346,2023,11,2023-24,4.725826309309594,37.7
NY,202347,2023,11,2023-24,4.821004716664531,37.7
NY,202348,2023,11,2023-24,5.528496081072974,37.7
NY,202349,2023,12,2023-24,6.108621158855251,36.45322580645161
NY,202350,2023,12,2023-24,7.269431578713253,36.45322580645161
NY,202351,2023,12,2023-24,8.335082003423713,36.45322580645161
NY,202352,2023,12,2023-24,9.140031138382636,36.45322580645161
NY,202401,2023,12,2023-24,7.720371174904477,36.45322580645161
NY,202402,2024,1,2023-24,7.322633851419436,28.188709677419357
NY,202403,2024,1,2023-24,6.789827703144153,28.188709677419357
NY,202404,2024,1,2023-24,6.164726397881582,28.188709677419357
NY,202405,2024,1,2023-24,6.696381458466543,28.188709677419357
NY,202406,2024,2,2023-24,6.400560465370016,31.875806451612902
NY,202407,2024,2,2023-24,6.211015507507211,31.875806451612902
NY,202408,2024,2,2023-24,5.69439800601842,31.875806451612902
NY,202409,2024,2,2023-24,5.340125363964679,31.875806451612902
NY,202410,2024,3,2023-24,4.816704946837539,39.016129032258064
NY,202411,2024,3,2023-24,4.567172485657278,39.016129032258064
NY,202412,2024,3,2023-24,4.626975131675445,39.016129032258064
NY,202413,2024,3,2023-24,4.626394342182678,39.016129032258064
NY,202414,2024,3,2023-24,4.366774381260137,39.016129032258064
NY,202415,2024,4,2023-24,3.840001909854851,47.06612903225806
NY,202416,2024,4,2023-24,3.5929698657947853,47.06612903225806
NY,202417,2024,4,2023-24,3.161067727518295,47.06612903225806
NY,202418,2024,4,2023-24,2.880584929027341,47.06612903225806
NY,202419,2024,5,2023-24,2.7343563837392173,60.858064516129026
NY,202420,2024,5,2023-24,2.858599511512651,60.858064516129026
NY,202421,2024,5,,2.8436379823348874,60.858064516129026
NY,202422,2024,5,,2.6488708841224486,60.858064516129026
NY,202423,2024,6,,2.503456241883068,67.88548387096773
NY,202424,2024,6,,2.3672957964076957,67.88548387096773
NY,202425,2024,6,,2.2748042581569394,67.88548387096773
NY,202426,2024,6,,2.27474686792075,67.88548387096773
NY,202427,2024,6,,2.1081202155552923,67.88548387096773
NY,202428,2024,7,,2.316953998721181,72.38225806451612
NY,202429,2024,7,,2.1155080936771316,72.38225806451612
NY,202430,2024,7,,2.4328365237456144,72.38225806451612
NY,202431,2024,7,,2.3309840929745476,72.38225806451612
NY,202432,2024,8,,2.209148976255447,68.49677419354839
NY,202433,2024,8,,2.3721602791620358,68.49677419354839
NY,202434,2024,8,,2.3754926993728156,68.49677419354839
NY,202435,2024,8,,2.405333882385713,68.49677419354839
NY,202436,2024,9,,2.415826279901771,63.21451612903226
NY,202437,2024,9,,3.0580331974339345,63.21451612903226
NY,202438,2024,9,,3.6260904486736125,63.21451612903226
NY,202439,2024,9,,3.5952087578787735,63.21451612903226
NY,202440,2024,9,2024-25,3.0251320117933695,63.21451612903226
NY,202441,2024,10,2024-25,3.274343403745758,52.01774193548387
NY,202442,2024,10,2024-25,3.2773984153131,52.01774193548387
NY,202443,2024,10,2024-25,3.4008838817521925,52.01774193548387
NY,202444,2024,10,2024-25,3.2647630250642394,52.01774193548387
NY,202445,2024,11,2024-25,3.3588474092109486,43.061290322580646
NY,202446,2024,11,2024-25,3.47525553349511,43.061290322580646
NY,202447,2024,11,2024-25,3.7859239932152247,43.061290322580646
NY,202448,2024,11,2024-25,3.997667723479465,43.061290322580646
NY,202449,2024,12,2024-25,4.427322961910528,28.70967741935484
NY,202450,2024,12,2024-25,5.093231255538604,28.70967741935484
NY,202451,2024,12,2024-25,6.166899454007872,28.70967741935484
NY,202452,2024,12,2024-25,7.303310613437196,28.70967741935484
NY,202501,2024,12,2024-25,7.428084189741058,28.70967741935484
NY,202502,2025,1,2024-25,7.7963379668275685,21.99516129032258
NY,202503,2025,1,2024-25,9.559845076903146,21.99516129032258
NY,202504,2025,1,2024-25,10.134029526943795,21.99516129032258
NY,202505,2025,1,2024-25,9.939110784296142,21.99516129032258
NY,202506,2025,2,2024-25,9.36805536658594,24.559677419354838
NY,202507,2025,2,2024-25,10.324903701222576,24.559677419354838
NY,202508,2025,2,2024-25,8.353802245447946,24.559677419354838
NY,202509,2025,2,2024-25,6.67100903932034,24.559677419354838
NY,202510,2025,3,2024-25,6.088155332317837,38.77258064516129
NY,202511,2025,3,2024-25,6.000740304853743,38.77258064516129
NY,202512,2025,3,2024-25,5.572723284000358,38.77258064516129
NY,202513,2025,3,2024-25,4.977049813982703,38.77258064516129
NY,202514,2025,3,2024-25,4.57448460612649,38.77258064516129
NY,202515,2025,4,2024-25,4.321744853997128,46.70967741935484
NY,202516,2025,4,2024-25,3.572931697931698,46.70967741935484
NY,202517,2025,4,2024-25,3.106353023438201,46.70967741935484
NY,202518,2025,4,2024-25,2.6282174256851287,46.70967741935484
NY,202519,2025,5,2024-25,2.2116849294874945,56.31935483870968
NY,202520,2025,5,2024-25,2.470450583824829,56.31935483870968
NY,202521,2025,5,,2.5221668086195774,56.31935483870968
NY,202522,2025,5,,2.4063932819045166,56.31935483870968
NY,202523,2025,6,,2.2788380365882817,67.68387096774192
NY,202524,2025,6,,2.118146356082541,67.68387096774192
NY,202525,2025,6,,2.012914163197128,67.68387096774192
NY,202526,2025,6,,1.8033167111214192,67.68387096774192
NY,202527,2025,6,,1.6880183113832774,67.68387096774192
NY,202528,2025,7,,1.6252914225233255,73.30322580645162
NY,202529,2025,7,,1.5126783076215156,73.30322580645162
NY,202530,2025,7,,1.5762427599118514,73.30322580645162
NY,202531,2025,7,,1.467700668398818,73.30322580645162
NY,202532,2025,8,,1.6197804352087828,67.20967741935483
NY,202533,2025,8,,1.519515004783568,67.20967741935483
NY,202534,2025,8,,1.5748659768108713,67.20967741935483
NY,202535,2025,8,,1.4838104967690424,67.20967741935483
NY,202536,2025,8,,1.5268279581000392,67.20967741935483
NY,202537,2025,9,,1.9536043037036683,62.645161290322584
NY,202538,2025,9,,2.3522310442494314,62.645161290322584
NY,202539,2025,9,,2.3807522784999255,62.645161290322584
PA,201040,2010,10,2010-11,0.703292,51.74029850746268
PA,201041,2010,10,2010-11,0.910726,51.74029850746268
PA,201042,2010,10,2010-11,0.881081,51.74029850746268
PA,201043,2010,10,2010-11,0.72118,51.74029850746268
PA,201044,2010,10,2010-11,0.991455,51.74029850746268
PA,201045,2010,11,2010-11,1.03377,41.04328358208955
PA,201046,2010,11,2010-11,0.946337,41.04328358208955
PA,201047,2010,11,2010-11,1.10846,41.04328358208955
PA,201048,2010,11,2010-11,1.20878,41.04328358208955
PA,201049,2010,12,2010-11,1.22407,25.882089552238806
PA,201050,2010,12,2010-11,1.35668,25.882089552238806
PA,201051,2010,12,2010-11,2.00375,25.882089552238806
PA,201052,2010,12,2010-11,2.38516,25.882089552238806
PA,201101,2011,1,2010-11,2.10846,22.813432835820894
PA,201102,2011,1,2010-11,2.3239,22.813432835820894
PA,201103,2011,1,2010-11,2.72705,22.813432835820894
PA,201104,2011,1,2010-11,4.04659,22.813432835820894
PA,201105,2011,1,2010-11,4.37266,22.813432835820894
PA,201106,2011,2,2010-11,3.74081,29.023880597014923
PA,201107,2011,2,2010-11,3.61821,29.023880597014923
PA,201108,2011,2,2010-11,3.40457,29.023880597014923
PA,201109,2011,2,2010-11,2.91082,29.023880597014923
PA,201110,2011,3,2010-11,2.76817,36.6865671641791
PA,201111,2011,3,2010-11,2.01834,36.6865671641791
PA,201112,2011,3,2010-11,1.58492,36.6865671641791
PA,201113,2011,3,2010-11,1.55592,36.6865671641791
PA,201114,2011,4,2010-11,1.68153,50.05223880597015
PA,201115,2011,4,2010-11,1.41556,50.05223880597015
PA,201116,2011,4,2010-11,0.970285,50.05223880597015
PA,201117,2011,4,2010-11,0.976213,50.05223880597015
PA,201118,2011,5,2010-11,1.03274,61.343283582089555
PA,201119,2011,5,2010-11,0.996843,61.343283582089555
PA,201120,2011,5,2010-11,1.0065,61.343283582089555
PA,201121,2011,5,,0.862225,61.343283582089555
PA,201122,2011,5,,1.004,61.343283582089555
PA,201123,2011,6,,1.02332,68.4134328358209
PA,201124,2011,6,,0.697869,68.4134328358209
PA,201125,2011,6,,0.810081,68.4134328358209
PA,201126,2011,6,,0.624086,68.4134328358209
PA,201127,2011,7,,0.821396,74.71194029850746
PA,201128,2011,7,,0.538529,74.71194029850746
PA,201129,2011,7,,0.599161,74.71194029850746
PA,201130,2011,7,,0.527498,74.71194029850746
PA,201131,2011,7,,0.519427,74.71194029850746
PA,201132,2011,8,,0.628995,69.72985074626865
PA,201133,2011,8,,0.575717,69.72985074626865
PA,201134,2011,8,,0.47421,69.72985074626865
PA,201135,2011,8,,0.530273,69.72985074626865
PA,201136,2011,9,,0.614539,64.69253731343284
PA,201137,2011,9,,0.815472,64.69253731343284
PA,201138,2011,9,,0.978735,64.69253731343284
PA,201139,2011,9,,0.778919,64.69253731343284
PA,201140,2011,10,2011-12,0.728934,51.13880597014926
PA,201141,2011,10,2011-12,0.819881,51.13880597014926
PA,201142,2011,10,2011-12,0.806645,51.13880597014926
PA,201143,2011,10,2011-12,0.905021,51.13880597014926
PA,201144,2011,10,2011-12,0.980066,51.13880597014926
PA,201145,2011,11,2011-12,1.04828,45.12089552238806
PA,201146,2011,11,2011-12,0.979103,45.12089552238806
PA,201147,2011,11,2011-12,1.32165,45.12089552238806
PA,201148,2011,11,2011-12,1.17903,45.12089552238806
PA,201149,2011,12,2011-12,1.00654,35.61492537313433
PA,201150,2011,12,2011-12,1.19955,35.61492537313433
PA,201151,2011,12,2011-12,1.62257,35.61492537313433
PA,201152,2011,12,2011-12,2.10624,35.61492537313433
PA,201201,2012,1,2011-12,1.59839,30.383582089552238
PA,201202,2012,1,2011-12,1.50271,30.383582089552238
PA,201203,2012,1,2011-12,1.36725,30.383582089552238
PA,201204,2012,1,2011-12,1.29824,30.383582089552238
PA,201205,2012,1,2011-12,1.33236,30.383582089552238
PA,201206,2012,2,2011-12,1.34819,34.580597014925374
PA,201207,2012,2,2011-12,1.29395,34.580597014925374
PA,201208,2012,2,2011-12,1.35975,34.580597014925374
PA,201209,2012,2,2011-12,1.31392,34.580597014925374
PA,201210,2012,3,2011-12,1.29178,47.89850746268657
PA,201211,2012,3,2011-12,1.34998,47.89850746268657
PA,201212,2012,3,2011-12,1.21647,47.89850746268657
PA,201213,2012,3,2011-12,1.2839,47.89850746268657
PA,201214,2012,4,2011-12,1.23981,48.13134328358209
PA,201215,2012,4,2011-12,1.16576,48.13134328358209
PA,201216,2012,4,2011-12,1.12786,48.13134328358209
PA,201217,2012,4,2011-12,0.904811,48.13134328358209
PA,201218,2012,4,2011-12,0.9398,48.13134328358209
PA,201219,2012,5,2011-12,1.00174,63.97164179104478
PA,201220,2012,5,2011-12,0.932164,63.97164179104478
PA,201221,2012,5,,0.843332,63.97164179104478
PA,201222,2012,5,,0.757161,63.97164179104478
PA,201223,2012,6,,0.630327,66.88208955223881
PA,201224,2012,6,,0.573596,66.88208955223881
PA,201225,2012,6,,0.721046,66.88208955223881
PA,201226,2012,6,,0.632436,66.88208955223881
PA,201227,2012,7,,0.502219,74.54477611940298
PA,201228,2012,7,,0.514166,74.54477611940298
PA,201229,2012,7,,0.612574,74.54477611940298
PA,201230,2012,7,,0.758871,74.54477611940298
PA,201231,2012,7,,0.581916,74.54477611940298
PA,201232,2012,8,,0.505439,70.19253731343284
PA,201233,2012,8,,0.610094,70.19253731343284
PA,201234,2012,8,,0.738168,70.19253731343284
PA,201235,2012,8,,0.559332,70.19253731343284
PA,201236,2012,9,,0.603787,62.41940298507463
PA,201237,2012,9,,0.855201,62.41940298507463
PA,201238,2012,9,,0.707461,62.41940298507463
PA,201239,2012,9,,0.774148,62.41940298507463
PA,201240,2012,9,2012-13,1.03218,62.41940298507463
PA,201241,2012,10,2012-13,0.870406,52.494029850746266
PA,201242,2012,10,2012-13,1.10987,52.494029850746266
PA,201243,2012,10,2012-13,0.969937,52.494029850746266
PA,201244,2012,10,2012-13,1.25516,52.494029850746266
PA,201245,2012,11,2012-13,1.16348,38.07462686567164
PA,201246,2012,11,2012-13,1.20353,38.07462686567164
PA,201247,2012,11,2012-13,1.46221,38.07462686567164
PA,201248,2012,11,2012-13,1.42684,38.07462686567164
PA,201249,2012,12,2012-13,2.06708,36.09701492537314
PA,201250,2012,12,2012-13,3.22581,36.09701492537314
PA,201251,2012,12,2012-13,4.09585,36.09701492537314
PA,201252,2012,12,2012-13,6.06691,36.09701492537314
PA,201301,2012,12,2012-13,4.19815,36.09701492537314
PA,201302,2013,1,2012-13,4.30241,29.29850746268657
PA,201303,2013,1,2012-13,4.96328,29.29850746268657
PA,201304,2013,1,2012-13,3.63506,29.29850746268657
PA,201305,2013,1,2012-13,2.72834,29.29850746268657
PA,201306,2013,2,2012-13,2.49063,27.776119402985074
PA,201307,2013,2,2012-13,2.98393,27.776119402985074
PA,201308,2013,2,2012-13,2.50669,27.776119402985074
PA,201309,2013,2,2012-13,2.56207,27.776119402985074
PA,201310,2013,3,2012-13,2.57542,34.29402985074626
PA,201311,2013,3,2012-13,2.65614,34.29402985074626
PA,201312,2013,3,2012-13,2.23717,34.29402985074626
PA,201313,2013,3,2012-13,1.71415,34.29402985074626
PA,201314,2013,3,2012-13,1.58031,34.29402985074626
PA,201315,2013,4,2012-13,1.28509,49.0
PA,201316,2013,4,2012-13,1.05755,49.0
PA,201317,2013,4,2012-13,0.915316,49.0
PA,201318,2013,4,2012-13,0.8909,49.0
PA,201319,2013,5,2012-13,0.847587,59.15074626865672
PA,201320,2013,5,2012-13,0.738477,59.15074626865672
PA,201321,2013,5,,0.885559,59.15074626865672
PA,201322,2013,5,,0.960036,59.15074626865672
PA,201323,2013,6,,0.76053,67.76119402985074
PA,201324,2013,6,,0.845819,67.76119402985074
PA,201325,2013,6,,0.614092,67.76119402985074
PA,201326,2013,6,,0.604195,67.76119402985074
PA,201327,2013,6,,0.542846,67.76119402985074
PA,201328,2013,7,,0.611897,73.14328358208955
PA,201329,2013,7,,0.437613,73.14328358208955
PA,201330,2013,7,,0.417275,73.14328358208955
PA,201331,2013,7,,0.563116,73.14328358208955
PA,201332,2013,8,,0.570278,67.97014925373135
PA,201333,2013,8,,0.571367,67.97014925373135
PA,201334,2013,8,,0.403464,67.97014925373135
PA,201335,2013,8,,0.36554,67.97014925373135
PA,201336,2013,9,,0.475082,61.32388059701492
PA,201337,2013,9,,0.66058,61.32388059701492
PA,201338,2013,9,,0.72715,61.32388059701492
PA,201339,2013,9,,0.607761,61.32388059701492
PA,201340,2013,9,2013-14,0.754364,61.32388059701492
PA,201341,2013,10,2013-14,0.826735,53.723880597014926
PA,201342,2013,10,2013-14,0.711153,53.723880597014926
PA,201343,2013,10,2013-14,0.794165,53.723880597014926
PA,201344,2013,10,2013-14,0.829274,53.723880597014926
PA,201345,2013,11,2013-14,0.773813,37.83582089552239
PA,201346,2013,11,2013-14,0.887462,37.83582089552239
PA,201347,2013,11,2013-14,0.725484,37.83582089552239
PA,201348,2013,11,2013-14,1.01918,37.83582089552239
PA,201349,2013,12,2013-14,1.0175,31.07164179104478
PA,201350,2013,12,2013-14,1.20732,31.07164179104478
PA,201351,2013,12,2013-14,1.83724,31.07164179104478
PA,201352,2013,12,2013-14,3.10234,31.07164179104478
PA,201401,2013,12,2013-14,3.24514,31.07164179104478
PA,201402,2014,1,2013-14,2.83613,19.967164179104476
PA,201403,2014,1,2013-14,2.71894,19.967164179104476
PA,201404,2014,1,2013-14,3.07744,19.967164179104476
PA,201405,2014,1,2013-14,2.83049,19.967164179104476
PA,201406,2014,2,2013-14,2.51665,23.186567164179106
PA,201407,2014,2,2013-14,1.97179,23.186567164179106
PA,201408,2014,2,2013-14,1.78917,23.186567164179106
PA,201409,2014,2,2013-14,1.69503,23.186567164179106
PA,201410,2014,3,2013-14,1.46823,30.737313432835823
PA,201411,2014,3,2013-14,1.5927,30.737313432835823
PA,201412,2014,3,2013-14,1.54725,30.737313432835823
PA,201413,2014,3,2013-14,1.75439,30.737313432835823
PA,201414,2014,3,2013-14,1.90891,30.737313432835823
PA,201415,2014,4,2013-14,1.53094,48.005970149253734
PA,201416,2014,4,2013-14,1.22532,48.005970149253734
PA,201417,2014,4,2013-14,1.14736,48.005970149253734
PA,201418,2014,4,2013-14,0.950616,48.005970149253734
PA,201419,2014,5,2013-14,1.24791,59.32686567164179
PA,201420,2014,5,2013-14,1.27145,59.32686567164179
PA,201421,2014,5,,1.25712,59.32686567164179
PA,201422,2014,5,,1.13383,59.32686567164179
PA,201423,2014,6,,1.21124,67.93432835820896
PA,201424,2014,6,,0.914125,67.93432835820896
PA,201425,2014,6,,0.874445,67.93432835820896
PA,201426,2014,6,,0.938584,67.93432835820896
PA,201427,2014,6,,0.806452,67.93432835820896
PA,201428,2014,7,,0.876469,69.57611940298509
PA,201429,2014,7,,0.613497,69.57611940298509
PA,201430,2014,7,,0.930445,69.57611940298509
PA,201431,2014,7,,1.01355,69.57611940298509
PA,201432,2014,8,,0.454042,67.27462686567164
PA,201433,2014,8,,0.778042,67.27462686567164
PA,201434,2014,8,,0.693241,67.27462686567164
PA,201435,2014,8,,0.67996,67.27462686567164
PA,201436,2014,8,,0.777068,67.27462686567164
PA,201437,2014,9,,0.929671,62.88208955223881
PA,201438,2014,9,,1.2626,62.88208955223881
PA,201439,2014,9,,1.06503,62.88208955223881
PA,201440,2014,9,2014-15,0.937714,62.88208955223881
PA,201441,2014,10,2014-15,1.1936,53.31641791044776
PA,201442,2014,10,2014-15,1.01448,53.31641791044776
PA,201443,2014,10,2014-15,1.1704,53.31641791044776
PA,201444,2014,10,2014-15,1.08301,53.31641791044776
PA,201445,2014,11,2014-15,1.18687,37.092537313432835
PA,201446,2014,11,2014-15,1.21473,37.092537313432835
PA,201447,2014,11,2014-15,1.43141,37.092537313432835
PA,201448,2014,11,2014-15,2.25854,37.092537313432835
PA,201449,2014,11,2014-15,1.7612,37.092537313432835
PA,201450,2014,12,2014-15,2.75217,34.311940298507466
PA,201451,2014,12,2014-15,4.4293,34.311940298507466
PA,201452,2014,12,2014-15,7.0306,34.311940298507466
PA,201453,2014,12,2014-15,6.34131,34.311940298507466
PA,201501,2015,1,2014-15,4.48301,22.877611940298507
PA,201502,2015,1,2014-15,3.79356,22.877611940298507
PA,201503,2015,1,2014-15,5.3234,22.877611940298507
PA,201504,2015,1,2014-15,4.86334,22.877611940298507
PA,201505,2015,2,2014-15,4.2072,16.586567164179105
PA,201506,2015,2,2014-15,2.83557,16.586567164179105
PA,201507,2015,2,2014-15,2.58566,16.586567164179105
PA,201508,2015,2,2014-15,1.974,16.586567164179105
PA,201509,2015,3,2014-15,2.71926,31.964179104477612
PA,201510,2015,3,2014-15,1.88728,31.964179104477612
PA,201511,2015,3,2014-15,1.75258,31.964179104477612
PA,201512,2015,3,2014-15,1.92067,31.964179104477612
PA,201513,2015,3,2014-15,1.70947,31.964179104477612
PA,201514,2015,4,2014-15,1.68904,48.74029850746268
PA,201515,2015,4,2014-15,1.59007,48.74029850746268
PA,201516,2015,4,2014-15,1.35877,48.74029850746268
PA,201517,2015,4,2014-15,1.44705,48.74029850746268
PA,201518,2015,5,2014-15,1.27918,63.7955223880597
PA,201519,2015,5,2014-15,1.18577,63.7955223880597
PA,201520,2015,5,2014-15,1.07339,63.7955223880597
PA,201521,2015,5,,1.50939,63.7955223880597
PA,201522,2015,5,,1.02753,63.7955223880597
PA,201523,2015,6,,1.12459,67.5044776119403
PA,201524,2015,6,,0.904048,67.5044776119403
PA,201525,2015,6,,0.912012,67.5044776119403
PA,201526,2015,6,,1.00606,67.5044776119403
PA,201527,2015,7,,1.17045,70.83283582089553
PA,201528,2015,7,,0.91977,70.83283582089553
PA,201529,2015,7,,0.885329,70.83283582089553
PA,201530,2015,7,,0.709442,70.83283582089553
PA,201531,2015,8,,0.92326,69.37014925373134
PA,201532,2015,8,,0.735294,69.37014925373134
PA,201533,2015,8,,0.929204,69.37014925373134
PA,201534,2015,8,,0.763889,69.37014925373134
PA,201535,2015,8,,1.09982,69.37014925373134
PA,201536,2015,9,,0.928897,66.9134328358209
PA,201537,2015,9,,1.19428,66.9134328358209
PA,201538,2015,9,,1.19665,66.9134328358209
PA,201539,2015,9,,1.00901,66.9134328358209
PA,201540,2015,10,2015-16,1.30656,51.04179104477612
PA,201541,2015,10,2015-16,1.50744,51.04179104477612
PA,201542,2015,10,2015-16,1.61744,51.04179104477612
PA,201543,2015,10,2015-16,1.35201,51.04179104477612
PA,201544,2015,11,2015-16,1.3918,45.83432835820896
PA,201545,2015,11,2015-16,1.55583,45.83432835820896
PA,201546,2015,11,2015-16,1.55956,45.83432835820896
PA,201547,2015,11,2015-16,1.97417,45.83432835820896
PA,201548,2015,11,2015-16,1.56455,45.83432835820896
PA,201549,2015,12,2015-16,1.95162,42.55373134328358
PA,201550,2015,12,2015-16,2.21809,42.55373134328358
PA,201551,2015,12,2015-16,2.73918,42.55373134328358
PA,201552,2015,12,2015-16,3.01098,42.55373134328358
PA,201601,2016,1,2015-16,2.43179,25.79850746268657
PA,201602,2016,1,2015-16,2.15585,25.79850746268657
PA,201603,2016,1,2015-16,2.27801,25.79850746268657
PA,201604,2016,1,2015-16,2.4708,25.79850746268657
PA,201605,2016,1,2015-16,2.45783,25.79850746268657
PA,201606,2016,2,2015-16,2.37481,31.034328358208956
PA,201607,2016,2,2015-16,2.02913,31.034328358208956
PA,201608,2016,2,2015-16,2.91049,31.034328358208956
PA,201609,2016,2,2015-16,3.32486,31.034328358208956
PA,201610,2016,3,2015-16,4.46836,43.66119402985075
PA,201611,2016,3,2015-16,3.20347,43.66119402985075
PA,201612,2016,3,2015-16,3.4132,43.66119402985075
PA,201613,2016,3,2015-16,2.63062,43.66119402985075
PA,201614,2016,4,2015-16,2.1044,47.30149253731343
PA,201615,2016,4,2015-16,2.30566,47.30149253731343
PA,201616,2016,4,2015-16,2.25348,47.30149253731343
PA,201617,2016,4,2015-16,2.26749,47.30149253731343
PA,201618,2016,5,2015-16,1.82765,57.75671641791045
PA,201619,2016,5,2015-16,1.67658,57.75671641791045
PA,201620,2016,5,2015-16,1.72241,57.75671641791045
PA,201621,2016,5,,1.40242,57.75671641791045
PA,201622,2016,5,,1.5011,57.75671641791045
PA,201623,2016,6,,1.31918,67.71194029850746
PA,201624,2016,6,,0.985171,67.71194029850746
PA,201625,2016,6,,1.10414,67.71194029850746
PA,201626,2016,6,,1.10257,67.71194029850746
PA,201627,2016,7,,0.907464,73.46865671641791
PA,201628,2016,7,,0.826792,73.46865671641791
PA,201629,2016,7,,0.900429,73.46865671641791
PA,201630,2016,7,,0.917026,73.46865671641791
PA,201631,2016,7,,0.894644,73.46865671641791
PA,201632,2016,8,,0.941457,73.74776119402986
PA,201633,2016,8,,0.685439,73.74776119402986
PA,201634,2016,8,,0.631064,73.74776119402986
PA,201635,2016,8,,1.00456,73.74776119402986
PA,201636,2016,9,,0.83632,66.51641791044777
PA,201637,2016,9,,0.634293,66.51641791044777
PA,201638,2016,9,,0.771227,66.51641791044777
PA,201639,2016,9,,0.916372,66.51641791044777
PA,201640,2016,10,2016-17,0.931615,53.85671641791045
PA,201641,2016,10,2016-17,0.743974,53.85671641791045
PA,201642,2016,10,2016-17,0.93133,53.85671641791045
PA,201643,2016,10,2016-17,0.92762,53.85671641791045
PA,201644,2016,10,2016-17,1.11433,53.85671641791045
PA,201645,2016,11,2016-17,1.18041,42.8820895522388
PA,201646,2016,11,2016-17,1.24774,42.8820895522388
PA,201647,2016,11,2016-17,1.39111,42.8820895522388
PA,201648,2016,11,2016-17,1.12638,42.8820895522388
PA,201649,2016,12,2016-17,1.46324,31.508955223880594
PA,201650,2016,12,2016-17,1.83919,31.508955223880594
PA,201651,2016,12,2016-17,1.94061,31.508955223880594
PA,201652,2016,12,2016-17,3.13288,31.508955223880594
PA,201701,2017,1,2016-17,2.91819,32.09701492537314
PA,201702,2017,1,2016-17,2.74025,32.09701492537314
PA,201703,2017,1,2016-17,3.37152,32.09701492537314
PA,201704,2017,1,2016-17,3.97617,32.09701492537314
PA,201705,2017,1,2016-17,4.18771,32.09701492537314
PA,201706,2017,2,2016-17,5.78649,36.905970149253726
PA,201707,2017,2,2016-17,4.68299,36.905970149253726
PA,201708,2017,2,2016-17,4.00976,36.905970149253726
PA,201709,2017,2,2016-17,2.57151,36.905970149253726
PA,201710,2017,3,2016-17,2.61716,35.60597014925373
PA,201711,2017,3,2016-17,2.88777,35.60597014925373
PA,201712,2017,3,2016-17,2.35755,35.60597014925373
PA,201713,2017,3,2016-17,2.63832,35.60597014925373
PA,201714,2017,4,2016-17,1.8562,53.94477611940299
PA,201715,2017,4,2016-17,1.73473,53.94477611940299
PA,201716,2017,4,2016-17,1.50122,53.94477611940299
PA,201717,2017,4,2016-17,1.18574,53.94477611940299
PA,201718,2017,4,2016-17,1.10505,53.94477611940299
PA,201719,2017,5,2016-17,0.813853,57.35970149253731
PA,201720,2017,5,2016-17,1.01958,57.35970149253731
PA,201721,2017,5,,0.70791,57.35970149253731
PA,201722,2017,5,,0.89144,57.35970149253731
PA,201723,2017,6,,0.761653,67.2134328358209
PA,201724,2017,6,,0.662025,67.2134328358209
PA,201725,2017,6,,0.575667,67.2134328358209
PA,201726,2017,6,,0.49621,67.2134328358209
PA,201727,2017,7,,0.57329,71.78955223880597
PA,201728,2017,7,,0.400867,71.78955223880597
PA,201729,2017,7,,0.569988,71.78955223880597
PA,201730,2017,7,,0.594923,71.78955223880597
PA,201731,2017,7,,0.757909,71.78955223880597
PA,201732,2017,8,,0.419336,67.73283582089553
PA,201733,2017,8,,0.448725,67.73283582089553
PA,201734,2017,8,,0.422483,67.73283582089553
PA,201735,2017,8,,0.581959,67.73283582089553
PA,201736,2017,9,,0.518403,64.09402985074627
PA,201737,2017,9,,0.574933,64.09402985074627
PA,201738,2017,9,,0.609258,64.09402985074627
PA,201739,2017,9,,0.890782,64.09402985074627
PA,201740,2017,10,2017-18,0.787036,56.528358208955225
PA,201741,2017,10,2017-18,0.852218,56.528358208955225
PA,201742,2017,10,2017-18,0.926832,56.528358208955225
PA,201743,2017,10,2017-18,0.975943,56.528358208955225
PA,201744,2017,10,2017-18,1.10597,56.528358208955225
PA,201745,2017,11,2017-18,1.21881,39.47761194029851
PA,201746,2017,11,2017-18,1.28185,39.47761194029851
PA,201747,2017,11,2017-18,1.29776,39.47761194029851
PA,201748,2017,11,2017-18,1.35232,39.47761194029851
PA,201749,2017,12,2017-18,1.36633,28.388059701492537
PA,201750,2017,12,2017-18,1.46136,28.388059701492537
PA,201751,2017,12,2017-18,1.6969,28.388059701492537
PA,201752,2017,12,2017-18,2.52226,28.388059701492537
PA,201801,2017,12,2017-18,2.57178,28.388059701492537
PA,201802,2018,1,2017-18,2.87291,23.559701492537314
PA,201803,2018,1,2017-18,3.85401,23.559701492537314
PA,201804,2018,1,2017-18,4.73499,23.559701492537314
PA,201805,2018,1,2017-18,5.88179,23.559701492537314
PA,201806,2018,2,2017-18,6.65385,34.54477611940298
PA,201807,2018,2,2017-18,6.79851,34.54477611940298
PA,201808,2018,2,2017-18,5.39183,34.54477611940298
PA,201809,2018,2,2017-18,3.68232,34.54477611940298
PA,201810,2018,3,2017-18,2.72218,33.45671641791045
PA,201811,2018,3,2017-18,2.47876,33.45671641791045
PA,201812,2018,3,2017-18,2.34462,33.45671641791045
PA,201813,2018,3,2017-18,2.15666,33.45671641791045
PA,201814,2018,4,2017-18,1.76142,43.62835820895522
PA,201815,2018,4,2017-18,1.61448,43.62835820895522
PA,201816,2018,4,2017-18,1.33948,43.62835820895522
PA,201817,2018,4,2017-18,1.28933,43.62835820895522
PA,201818,2018,4,2017-18,1.1062,43.62835820895522
PA,201819,2018,5,2017-18,0.917737,64.08805970149253
PA,201820,2018,5,2017-18,0.783355,64.08805970149253
PA,201821,2018,5,,0.726085,64.08805970149253
PA,201822,2018,5,,0.719716,64.08805970149253
PA,201823,2018,6,,0.752059,66.98805970149253
PA,201824,2018,6,,0.652549,66.98805970149253
PA,201825,2018,6,,0.54252,66.98805970149253
PA,201826,2018,6,,0.510015,66.98805970149253
PA,201827,2018,7,,0.494634,72.06567164179104
PA,201828,2018,7,,0.481905,72.06567164179104
PA,201829,2018,7,,0.356381,72.06567164179104
PA,201830,2018,7,,0.34642,72.06567164179104
PA,201831,2018,7,,0.421819,72.06567164179104
PA,201832,2018,8,,0.36568,72.4820895522388
PA,201833,2018,8,,0.408946,72.4820895522388
PA,201834,2018,8,,0.411591,72.4820895522388
PA,201835,2018,8,,0.460419,72.4820895522388
PA,201836,2018,9,,0.576526,66.94029850746269
PA,201837,2018,9,,0.712996,66.94029850746269
PA,201838,2018,9,,0.853632,66.94029850746269
PA,201839,2018,9,,1.00661,66.94029850746269
PA,201840,2018,9,2018-19,0.901871,66.94029850746269
PA,201841,2018,10,2018-19,1.04907,52.66268656716418
PA,201842,2018,10,2018-19,1.07662,52.66268656716418
PA,201843,2018,10,2018-19,1.14248,52.66268656716418
PA,201844,2018,10,2018-19,1.20261,52.66268656716418
PA,201845,2018,11,2018-19,1.32262,37.049253731343285
PA,201846,2018,11,2018-19,1.38527,37.049253731343285
PA,201847,2018,11,2018-19,1.60346,37.049253731343285
PA,201848,2018,11,2018-19,1.42853,37.049253731343285
PA,201849,2018,12,2018-19,1.52263,33.80149253731343
PA,201850,2018,12,2018-19,1.89283,33.80149253731343
PA,201851,2018,12,2018-19,2.14732,33.80149253731343
PA,201852,2018,12,2018-19,3.0173,33.80149253731343
PA,201901,2018,12,2018-19,2.85305,33.80149253731343
PA,201902,2019,1,2018-19,2.40853,26.288059701492536
PA,201903,2019,1,2018-19,2.41556,26.288059701492536
PA,201904,2019,1,2018-19,2.88148,26.288059701492536
PA,201905,2019,1,2018-19,2.89507,26.288059701492536
PA,201906,2019,2,2018-19,2.96059,30.422388059701493
PA,201907,2019,2,2018-19,3.35409,30.422388059701493
PA,201908,2019,2,2018-19,3.2371,30.422388059701493
PA,201909,2019,2,2018-19,3.12216,30.422388059701493
PA,201910,2019,3,2018-19,3.23066,35.04477611940298
PA,201911,2019,3,2018-19,3.22501,35.04477611940298
PA,201912,2019,3,2018-19,2.75972,35.04477611940298
PA,201913,2019,3,2018-19,2.7371,35.04477611940298
PA,201914,2019,3,2018-19,2.26521,35.04477611940298
PA,201915,2019,4,2018-19,1.84945,50.940298507462686
PA,201916,2019,4,2018-19,1.43752,50.940298507462686
PA,201917,2019,4,2018-19,1.144,50.940298507462686
PA,201918,2019,4,2018-19,1.06413,50.940298507462686
PA,201919,2019,5,2018-19,0.946908,60.950746268656715
PA,201920,2019,5,2018-19,0.699043,60.950746268656715
PA,201921,2019,5,,0.898087,60.950746268656715
PA,201922,2019,5,,0.952553,60.950746268656715
PA,201923,2019,6,,0.79739,66.17462686567164
PA,201924,2019,6,,0.684961,66.17462686567164
PA,201925,2019,6,,0.690427,66.17462686567164
PA,201926,2019,6,,0.580165,66.17462686567164
PA,201927,2019,6,,0.487336,66.17462686567164
PA,201928,2019,7,,0.482721,73.59552238805969
PA,201929,2019,7,,0.441361,73.59552238805969
PA,201930,2019,7,,0.498987,73.59552238805969
PA,201931,2019,7,,0.475029,73.59552238805969
PA,201932,2019,8,,0.436154,70.0134328358209
PA,201933,2019,8,,0.471864,70.0134328358209
PA,201934,2019,8,,0.49075,70.0134328358209
PA,201935,2019,8,,0.488977,70.0134328358209
PA,201936,2019,9,,0.687118,65.47910447761194
PA,201937,2019,9,,0.771841,65.47910447761194
PA,201938,2019,9,,0.820868,65.47910447761194
PA,201939,2019,9,,0.958082,65.47910447761194
PA,201940,2019,9,2019-20,0.922017,65.47910447761194
PA,201941,2019,10,2019-20,1.01494,54.05373134328358
PA,201942,2019,10,2019-20,1.20891,54.05373134328358
PA,201943,2019,10,2019-20,1.37937,54.05373134328358
PA,201944,2019,10,2019-20,1.2018,54.05373134328358
PA,201945,2019,11,2019-20,1.42162,36.886567164179105
PA,201946,2019,11,2019-20,1.47832,36.886567164179105
PA,201947,2019,11,2019-20,1.6982,36.886567164179105
PA,201948,2019,11,2019-20,1.7945,36.886567164179105
PA,201949,2019,12,2019-20,1.89246,32.829850746268654
PA,201950,2019,12,2019-20,2.12233,32.829850746268654
PA,201951,2019,12,2019-20,2.71242,32.829850746268654
PA,201952,2019,12,2019-20,3.80539,32.829850746268654
PA,202001,2019,12,2019-20,4.39236,32.829850746268654
PA,202002,2020,1,2019-20,3.36696,32.502985074626864
PA,202003,2020,1,2019-20,3.64624,32.502985074626864
PA,202004,2020,1,2019-20,4.09744,32.502985074626864
PA,202005,2020,1,2019-20,4.91394,32.502985074626864
PA,202006,2020,2,2019-20,5.07815,33.71940298507462
PA,202007,2020,2,2019-20,4.33477,33.71940298507462
PA,202008,2020,2,2019-20,4.00685,33.71940298507462
PA,202009,2020,2,2019-20,4.01434,33.71940298507462
PA,202010,2020,3,2019-20,3.9543,42.77014925373134
PA,202011,2020,3,2019-20,5.06618,42.77014925373134
PA,202012,2020,3,2019-20,6.57262,42.77014925373134
PA,202013,2020,3,2019-20,4.89976,42.77014925373134
PA,202014,2020,3,2019-20,3.66743,42.77014925373134
PA,202015,2020,4,2019-20,2.73024,45.428358208955224
PA,202016,2020,4,2019-20,2.03685,45.428358208955224
PA,202017,2020,4,2019-20,1.52523,45.428358208955224
PA,202018,2020,4,2019-20,1.21806,45.428358208955224
PA,202019,2020,5,2019-20,0.94123,56.28507462686567
PA,202020,2020,5,2019-20,0.986198,56.28507462686567
PA,202021,2020,5,,0.80267,56.28507462686567
PA,202022,2020,5,,0.60294,56.28507462686567
PA,202023,2020,5,,0.557363,56.28507462686567
PA,202024,2020,6,,0.533913,67.6044776119403
PA,202025,2020,6,,0.521676,67.6044776119403
PA,202026,2020,6,,0.650608,67.6044776119403
PA,202027,2020,6,,0.620056,67.6044776119403
PA,202028,2020,7,,0.650204,75.26567164179104
PA,202029,2020,7,,0.753077,75.26567164179104
PA,202030,2020,7,,0.643328,75.26567164179104
PA,202031,2020,7,,0.807152,75.26567164179104
PA,202032,2020,8,,0.674072,71.92388059701491
PA,202033,2020,8,,0.740912,71.92388059701491
PA,202034,2020,8,,0.67521,71.92388059701491
PA,202035,2020,8,,0.715812,71.92388059701491
PA,202036,2020,8,,0.637379,71.92388059701491
PA,202037,2020,9,,0.799972,62.41940298507463
PA,202038,2020,9,,0.648835,62.41940298507463
PA,202039,2020,9,,0.762203,62.41940298507463
PA,202040,2020,9,2020-21,0.821621,62.41940298507463
PA,202041,2020,10,2020-21,0.963748,52.5
PA,202042,2020,10,2020-21,0.861232,52.5
PA,202043,2020,10,2020-21,0.987143,52.5
PA,202044,2020,10,2020-21,1.0083,52.5
PA,202045,2020,11,2020-21,1.10289,45.0776119402985
PA,202046,2020,11,2020-21,1.39202,45.0776119402985
PA,202047,2020,11,2020-21,1.44399,45.0776119402985
PA,202048,2020,11,2020-21,1.80934,45.0776119402985
PA,202049,2020,11,2020-21,1.75474,45.0776119402985
PA,202050,2020,12,2020-21,1.61543,32.34626865671642
PA,202051,2020,12,2020-21,1.28202,32.34626865671642
PA,202052,2020,12,2020-21,1.25709,32.34626865671642
PA,202053,2020,12,2020-21,1.13428,32.34626865671642
PA,202101,2021,1,2020-21,1.08046,29.71492537313433
PA,202102,2021,1,2020-21,0.786377,29.71492537313433
PA,202103,2021,1,2020-21,0.766336,29.71492537313433
PA,202104,2021,1,2020-21,0.684534,29.71492537313433
PA,202105,2021,1,2020-21,0.696399,29.71492537313433
PA,202106,2021,2,2020-21,0.611252,26.932835820895523
PA,202107,2021,2,2020-21,0.573083,26.932835820895523
PA,202108,2021,2,2020-21,0.588268,26.932835820895523
PA,202109,2021,2,2020-21,0.648134,26.932835820895523
PA,202110,2021,3,2020-21,0.642576,40.93283582089552
PA,202111,2021,3,2020-21,0.617759,40.93283582089552
PA,202112,2021,3,2020-21,0.705017,40.93283582089552
PA,202113,2021,3,2020-21,0.899675,40.93283582089552
PA,202114,2021,4,2020-21,0.771391,49.64179104477612
PA,202115,2021,4,2020-21,0.858892,49.64179104477612
PA,202116,2021,4,2020-21,0.765988,49.64179104477612
PA,202117,2021,4,2020-21,0.8263,49.64179104477612
PA,202118,2021,5,2020-21,0.822883,57.30149253731343
PA,202119,2021,5,2020-21,0.710201,57.30149253731343
PA,202120,2021,5,2020-21,0.694197,57.30149253731343
PA,202121,2021,5,,0.65953,57.30149253731343
PA,202122,2021,5,,0.628318,57.30149253731343
PA,202123,2021,6,,0.620761,68.8955223880597
PA,202124,2021,6,,0.687224,68.8955223880597
PA,202125,2021,6,,0.701828,68.8955223880597
PA,202126,2021,6,,0.669853,68.8955223880597
PA,202127,2021,7,,0.740297,71.59850746268657
PA,202128,2021,7,,0.680121,71.59850746268657
PA,202129,2021,7,,0.734911,71.59850746268657
PA,202130,2021,7,,0.846338,71.59850746268657
PA,202131,2021,8,,1.02086,72.85820895522389
PA,202132,2021,8,,1.06959,72.85820895522389
PA,202133,2021,8,,1.04947,72.85820895522389
PA,202134,2021,8,,1.20839,72.85820895522389
PA,202135,2021,8,,1.33485,72.85820895522389
PA,202136,2021,9,,1.72687,64.62985074626866
PA,202137,2021,9,,1.73827,64.62985074626866
PA,202138,2021,9,,1.64311,64.62985074626866
PA,202139,2021,9,,1.59999,64.62985074626866
PA,202140,2021,10,2021-22,1.59767,57.91641791044776
PA,202141,2021,10,2021-22,1.46971,57.91641791044776
PA,202142,2021,10,2021-22,1.62744,57.91641791044776
PA,202143,2021,10,2021-22,1.35388,57.91641791044776
PA,202144,2021,10,2021-22,1.46588,57.91641791044776
PA,202145,2021,11,2021-22,1.80583,39.331343283582086
PA,202146,2021,11,2021-22,2.03356,39.331343283582086
PA,202147,2021,11,2021-22,1.8719,39.331343283582086
PA,202148,2021,11,2021-22,2.01044,39.331343283582086
PA,202149,2021,12,2021-22,2.14058,37.808955223880595
PA,202150,2021,12,2021-22,2.27522,37.808955223880595
PA,202151,2021,12,2021-22,2.72487,37.808955223880595
PA,202152,2021,12,2021-22,3.74898,37.808955223880595
PA,202201,2022,1,2021-22,3.06365,22.9089552238806
PA,202202,2022,1,2021-22,1.97116,22.9089552238806
PA,202203,2022,1,2021-22,1.448,22.9089552238806
PA,202204,2022,1,2021-22,1.09395,22.9089552238806
PA,202205,2022,1,2021-22,0.874695,22.9089552238806
PA,202206,2022,2,2021-22,0.806927,30.07910447761194
PA,202207,2022,2,2021-22,0.82195,30.07910447761194
PA,202208,2022,2,2021-22,0.775891,30.07910447761194
PA,202209,2022,2,2021-22,0.905336,30.07910447761194
PA,202210,2022,3,2021-22,0.914976,39.680597014925375
PA,202211,2022,3,2021-22,0.962161,39.680597014925375
PA,202212,2022,3,2021-22,1.06257,39.680597014925375
PA,202213,2022,3,2021-22,1.24891,39.680597014925375
PA,202214,2022,4,2021-22,1.24545,47.30149253731343
PA,202215,2022,4,2021-22,1.25015,47.30149253731343
PA,202216,2022,4,2021-22,1.28955,47.30149253731343
PA,202217,2022,4,2021-22,1.2645,47.30149253731343
PA,202218,2022,5,2021-22,1.32932,60.79253731343283
PA,202219,2022,5,2021-22,1.32942,60.79253731343283
PA,202220,2022,5,2021-22,1.24648,60.79253731343283
PA,202221,2022,5,,1.15085,60.79253731343283
PA,202222,2022,5,,1.07983,60.79253731343283
PA,202223,2022,6,,0.979933,67.36716417910448
PA,202224,2022,6,,0.845909,67.36716417910448
PA,202225,2022,6,,0.771288,67.36716417910448
PA,202226,2022,6,,0.730309,67.36716417910448
PA,202227,2022,7,,0.711566,72.80149253731344
PA,202228,2022,7,,0.781835,72.80149253731344
PA,202229,2022,7,,0.75228,72.80149253731344
PA,202230,2022,7,,0.778127,72.80149253731344
PA,202231,2022,7,,0.813991,72.80149253731344
PA,202232,2022,8,,0.776915,71.88805970149254
PA,202233,2022,8,,0.715528,71.88805970149254
PA,202234,2022,8,,0.711345,71.88805970149254
PA,202235,2022,8,,1.05714,71.88805970149254
PA,202236,2022,9,,1.03533,63.30746268656717
PA,202237,2022,9,,1.13326,63.30746268656717
PA,202238,2022,9,,1.16621,63.30746268656717
PA,202239,2022,9,,1.28369,63.30746268656717
PA,202240,2022,10,2022-23,1.42289,49.72089552238806
PA,202241,2022,10,2022-23,1.6952,49.72089552238806
PA,202242,2022,10,2022-23,1.67095,49.72089552238806
PA,202243,2022,10,2022-23,2.28088,49.72089552238806
PA,202244,2022,10,2022-23,2.75726,49.72089552238806
PA,202245,2022,11,2022-23,2.92345,43.12089552238806
PA,202246,2022,11,2022-23,3.10979,43.12089552238806
PA,202247,2022,11,2022-23,4.24753,43.12089552238806
PA,202248,2022,11,2022-23,4.52839,43.12089552238806
PA,202249,2022,12,2022-23,4.24185,30.870149253731345
PA,202250,2022,12,2022-23,4.01022,30.870149253731345
PA,202251,2022,12,2022-23,3.37568,30.870149253731345
PA,202252,2022,12,2022-23,3.32892,30.870149253731345
PA,202301,2023,1,2022-23,2.35014,36.210447761194025
PA,202302,2023,1,2022-23,1.6009,36.210447761194025
PA,202303,2023,1,2022-23,1.46732,36.210447761194025
PA,202304,2023,1,2022-23,1.43737,36.210447761194025
PA,202305,2023,1,2022-23,1.44959,36.210447761194025
PA,202306,2023,2,2022-23,1.51504,36.02238805970149
PA,202307,2023,2,2022-23,1.47775,36.02238805970149
PA,202308,2023,2,2022-23,1.45748,36.02238805970149
PA,202309,2023,2,2022-23,1.39012,36.02238805970149
PA,202310,2023,3,2022-23,1.45102,38.14179104477612
PA,202311,2023,3,2022-23,1.39908,38.14179104477612
PA,202312,2023,3,2022-23,1.36333,38.14179104477612
PA,202313,2023,3,2022-23,1.30845,38.14179104477612
PA,202314,2023,4,2022-23,1.18346,52.03283582089552
PA,202315,2023,4,2022-23,1.05325,52.03283582089552
PA,202316,2023,4,2022-23,0.961496,52.03283582089552
PA,202317,2023,4,2022-23,0.930345,52.03283582089552
PA,202318,2023,4,2022-23,0.943082,52.03283582089552
PA,202319,2023,5,2022-23,0.975856,56.4865671641791
PA,202320,2023,5,2022-23,0.881057,56.4865671641791
PA,202321,2023,5,,0.879263,56.4865671641791
PA,202322,2023,5,,0.797258,56.4865671641791
PA,202323,2023,6,,0.737686,64.76268656716418
PA,202324,2023,6,,0.670854,64.76268656716418
PA,202325,2023,6,,0.618024,64.76268656716418
PA,202326,2023,6,,0.573928,64.76268656716418
PA,202327,2023,7,,0.545216,72.66716417910447
PA,202328,2023,7,,0.512828,72.66716417910447
PA,202329,2023,7,,0.501728,72.66716417910447
PA,202330,2023,7,,0.523656,72.66716417910447
PA,202331,2023,7,,0.553061,72.66716417910447
PA,202332,2023,8,,0.48776,69.2179104477612
PA,202333,2023,8,,0.586121,69.2179104477612
PA,202334,2023,8,,0.579728,69.2179104477612
PA,202335,2023,8,,0.643006,69.2179104477612
PA,202336,2023,9,,0.832802,63.93134328358209
PA,202337,2023,9,,0.94436,63.93134328358209
PA,202338,2023,9,,1.11923,63.93134328358209
PA,202339,2023,9,,1.05788,63.93134328358209
PA,202340,2023,10,2023-24,1.07899,54.471641791044775
PA,202341,2023,10,2023-24,1.02154,54.471641791044775
PA,202342,2023,10,2023-24,1.22157,54.471641791044775
PA,202343,2023,10,2023-24,1.22055,54.471641791044775
PA,202344,2023,10,2023-24,1.40493,54.471641791044775
PA,202345,2023,11,2023-24,1.46564,39.819402985074625
PA,202346,2023,11,2023-24,1.64007,39.819402985074625
PA,202347,2023,11,2023-24,1.80548,39.819402985074625
PA,202348,2023,11,2023-24,2.12405,39.819402985074625
PA,202349,2023,12,2023-24,2.19868,38.1044776119403
PA,202350,2023,12,2023-24,2.91191,38.1044776119403
PA,202351,2023,12,2023-24,3.32328,38.1044776119403
PA,202352,2023,12,2023-24,4.15023,38.1044776119403
PA,202401,2023,12,2023-24,3.36715,38.1044776119403
PA,202402,2024,1,2023-24,2.71956,30.353731343283584
PA,202403,2024,1,2023-24,2.24542,30.353731343283584
PA,202404,2024,1,2023-24,2.10932,30.353731343283584
PA,202405,2024,1,2023-24,2.15062,30.353731343283584
PA,202406,2024,2,2023-24,2.28102,35.29402985074626
PA,202407,2024,2,2023-24,2.34563,35.29402985074626
PA,202408,2024,2,2023-24,2.60542,35.29402985074626
PA,202409,2024,2,2023-24,2.56991,35.29402985074626
PA,202410,2024,3,2023-24,2.21936,42.42089552238806
PA,202411,2024,3,2023-24,1.85212,42.42089552238806
PA,202412,2024,3,2023-24,1.79534,42.42089552238806
PA,202413,2024,3,2023-24,1.71915,42.42089552238806
PA,202414,2024,3,2023-24,1.65886,42.42089552238806
PA,202415,2024,4,2023-24,1.35952,51.04328358208955
PA,202416,2024,4,2023-24,1.26955,51.04328358208955
PA,202417,2024,4,2023-24,1.17209,51.04328358208955
PA,202418,2024,4,2023-24,1.09686,51.04328358208955
PA,202419,2024,5,2023-24,1.0357,62.516417910447764
PA,202420,2024,5,2023-24,1.00168,62.516417910447764
PA,202421,2024,5,,0.893296,62.516417910447764
PA,202422,2024,5,,0.924527,62.516417910447764
PA,202423,2024,6,,0.876226,69.5089552238806
PA,202424,2024,6,,0.802585,69.5089552238806
PA,202425,2024,6,,0.584935,69.5089552238806
PA,202426,2024,6,,0.645646,69.5089552238806
PA,202427,2024,6,,0.618544,69.5089552238806
PA,202428,2024,7,,0.615398,73.75223880597014
PA,202429,2024,7,,0.639456,73.75223880597014
PA,202430,2024,7,,0.699186,73.75223880597014
PA,202431,2024,7,,0.714968,73.75223880597014
PA,202432,2024,8,,0.742944,69.95671641791046
PA,202433,2024,8,,0.71481,69.95671641791046
PA,202434,2024,8,,0.841397,69.95671641791046
PA,202435,2024,8,,0.850385,69.95671641791046
PA,202436,2024,9,,0.987588,64.24925373134329
PA,202437,2024,9,,1.20521,64.24925373134329
PA,202438,2024,9,,1.3409,64.24925373134329
PA,202439,2024,9,,1.17817,64.24925373134329
PA,202440,2024,9,2024-25,1.18892,64.24925373134329
PA,202441,2024,10,2024-25,1.36197,53.374626865671644
PA,202442,2024,10,2024-25,1.46381,53.374626865671644
PA,202443,2024,10,2024-25,1.55524,53.374626865671644
PA,202444,2024,10,2024-25,1.6102,53.374626865671644
PA,202445,2024,11,2024-25,1.55161,44.71492537313433
PA,202446,2024,11,2024-25,1.66226,44.71492537313433
PA,202447,2024,11,2024-25,1.60642,44.71492537313433
PA,202448,2024,11,2024-25,1.7105,44.71492537313433
PA,202449,2024,12,2024-25,1.91508,31.21641791044776
PA,202450,2024,12,2024-25,1.91521,31.21641791044776
PA,202451,2024,12,2024-25,2.27903,31.21641791044776
PA,202452,2024,12,2024-25,3.56432,31.21641791044776
PA,202501,2024,12,2024-25,3.75443,31.21641791044776
PA,202502,2025,1,2024-25,3.1495,22.661194029850744
PA,202503,2025,1,2024-25,3.27023,22.661194029850744
PA,202504,2025,1,2024-25,3.92979,22.661194029850744
PA,202505,2025,1,2024-25,4.83086,22.661194029850744
PA,202506,2025,2,2024-25,5.22399,28.865671641791046
PA,202507,2025,2,2024-25,4.89282,28.865671641791046
PA,202508,2025,2,2024-25,4.06889,28.865671641791046
PA,202509,2025,2,2024-25,3.4344,28.865671641791046
PA,202510,2025,3,2024-25,2.8295,42.85671641791045
PA,202511,2025,3,2024-25,2.28983,42.85671641791045
PA,202512,2025,3,2024-25,1.94994,42.85671641791045
PA,202513,2025,3,2024-25,1.78914,42.85671641791045
PA,202514,2025,3,2024-25,1.67061,42.85671641791045
PA,202515,2025,4,2024-25,1.42968,50.47611940298508
PA,202516,2025,4,2024-25,1.24804,50.47611940298508
PA,202517,2025,4,2024-25,1.16543,50.47611940298508
PA,202518,2025,4,2024-25,1.06079,50.47611940298508
PA,202519,2025,5,2024-25,0.982292,58.4089552238806
PA,202520,2025,5,2024-25,1.0005,58.4089552238806
PA,202521,2025,5,,0.871045,58.4089552238806
PA,202522,2025,5,,0.959004,58.4089552238806
PA,202523,2025,6,,0.832656,69.35522388059702
PA,202524,2025,6,,0.779976,69.35522388059702
PA,202525,2025,6,,0.633231,69.35522388059702
PA,202526,2025,6,,0.571252,69.35522388059702
PA,202527,2025,6,,0.473323,69.35522388059702
PA,202528,2025,7,,0.526436,74.78955223880597
PA,202529,2025,7,,0.500432,74.78955223880597
PA,202530,2025,7,,0.529288,74.78955223880597
PA,202531,2025,7,,0.531878,74.78955223880597
PA,202532,2025,8,,0.615559,67.69253731343284
PA,202533,2025,8,,0.653495,67.69253731343284
PA,202534,2025,8,,0.594191,67.69253731343284
PA,202535,2025,8,,0.890627,67.69253731343284
PA,202536,2025,8,,1.14521,67.69253731343284
PA,202537,2025,9,,1.2198,64.54328358208954
PA,202538,2025,9,,1.19822,64.54328358208954
PA,202539,2025,9,,1.08441,64.54328358208954
PA,202540,2025,9,2025-26,1.03884,64.54328358208954
PA,202541,2025,10,2025-26,1.0074,52.156716417910445
PA,202542,2025,10,2025-26,1.07678,52.156716417910445
PA,202543,2025,10,2025-26,1.15099,52.156716417910445
PA,202544,2025,10,2025-26,1.25345,52.156716417910445
PA,202545,2025,11,2025-26,1.33264,40.24925373134328
PA,202546,2025,11,2025-26,1.4869,40.24925373134328
PA,202547,2025,11,2025-26,1.60705,40.24925373134328
PA,202548,2025,11,2025-26,1.77521,40.24925373134328
PA,202549,2025,11,2025-26,1.93096,40.24925373134328
PA,202550,2025,12,2025-26,2.25391,27.465671641791044
PA,202551,2025,12,2025-26,3.13112,27.465671641791044
PA,202552,2025,12,2025-26,4.65253,27.465671641791044
PA,202553,2025,12,2025-26,5.05906,27.465671641791044
PA,202601,2026,1,2025-26,3.9955,22.419402985074626
PA,202602,2026,1,2025-26,3.40824,22.419402985074626
PA,202603,2026,1,2025-26,2.84737,22.419402985074626
PA,202604,2026,1,2025-26,2.29158,22.419402985074626
PA,202605,2026,2,2025-26,1.98385,26.4089552238806
PA,202606,2026,2,2025-26,2.29103,26.4089552238806
PA,202607,2026,2,2025-26,2.63013,26.4089552238806
PA,202608,2026,2,2025-26,2.45535,26.4089552238806
PA,202609,2026,3,2025-26,2.35419,42.65522388059701
PA,202610,2026,3,2025-26,2.09948,42.65522388059701
PA,202611,2026,3,2025-26,1.90992,42.65522388059701
PA,202612,2026,3,2025-26,1.81142,42.65522388059701
PA,202613,2026,3,2025-26,1.6142,42.65522388059701
PA,202614,2026,4,2025-26,1.39838,53.65074626865672
PA,202615,2026,4,2025-26,1.05649,53.65074626865672
PA,202616,2026,4,2025-26,1.0609,53.65074626865672
PA,202617,2026,4,2025-26,1.1057,53.65074626865672
PA,202618,2026,5,2025-26,1.11231,56.811940298507466
PA,202619,2026,5,2025-26,1.04275,56.811940298507466
PA,202620,2026,5,2025-26,0.86607,56.811940298507466
PA,202621,2026,5,,0.891041,56.811940298507466
PA,202622,2026,5,,0.814398,56.811940298507466
PA,202623,2026,6,,0.735221,67.55671641791045
PA,202624,2026,6,,0.637667,67.55671641791045
PA,202625,2026,6,,0.621546,67.55671641791045
PA,202626,2026,6,,0.559044,67.55671641791045
PA,202627,2026,7,,0.568852,72.75074626865671
PA,202628,2026,7,,0.432225,72.75074626865671
PA,202629,2026,7,,0.482039,72.75074626865671
PA,202630,2026,7,,0.485449,72.75074626865671
PA,202631,2026,8,,0.553869,70.04925373134328
PA,202632,2026,8,,0.479382,70.04925373134328
PA,202633,2026,8,,0.515713,70.04925373134328
PA,202634,2026,8,,0.6621,70.04925373134328
PA,202635,2026,8,,0.788971,70.04925373134328
PA,202636,2026,9,,1.02289,
PA,202637,2026,9,,0.97457,
RI,201040,2010,10,2010-11,0.235036,54.04
RI,201041,2010,10,2010-11,0.201545,54.04
RI,201042,2010,10,2010-11,0.362845,54.04
RI,201043,2010,10,2010-11,0.322675,54.04
RI,201044,2010,10,2010-11,0.530256,54.04
RI,201045,2010,11,2010-11,0.477403,43.760000000000005
RI,201046,2010,11,2010-11,0.504177,43.760000000000005
RI,201047,2010,11,2010-11,0.67804,43.760000000000005
RI,201048,2010,11,2010-11,0.765766,43.760000000000005
RI,201049,2010,12,2010-11,0.635497,30.76
RI,201050,2010,12,2010-11,0.468165,30.76
RI,201051,2010,12,2010-11,0.854701,30.76
RI,201052,2010,12,2010-11,1.28881,30.76
RI,201101,2011,1,2010-11,0.588452,25.860000000000003
RI,201102,2011,1,2010-11,0.415937,25.860000000000003
RI,201103,2011,1,2010-11,0.502842,25.860000000000003
RI,201104,2011,1,2010-11,0.950899,25.860000000000003
RI,201105,2011,1,2010-11,1.40503,25.860000000000003
RI,201106,2011,2,2010-11,2.31654,29.32
RI,201107,2011,2,2010-11,2.72609,29.32
RI,201108,2011,2,2010-11,4.95067,29.32
RI,201109,2011,2,2010-11,2.48051,29.32
RI,201110,2011,3,2010-11,2.27168,38.2
RI,201111,2011,3,2010-11,1.31332,38.2
RI,201112,2011,3,2010-11,0.897505,38.2
RI,201113,2011,3,2010-11,0.906649,38.2
RI,201114,2011,4,2010-11,0.701179,49.339999999999996
RI,201115,2011,4,2010-11,0.529021,49.339999999999996
RI,201116,2011,4,2010-11,0.464476,49.339999999999996
RI,201117,2011,4,2010-11,0.71474,49.339999999999996
RI,201118,2011,5,2010-11,0.390747,58.92
RI,201119,2011,5,2010-11,0.0499002,58.92
RI,201120,2011,5,2010-11,0.019992,58.92
RI,201121,2011,5,,0.0237699,58.92
RI,201122,2011,5,,0.030012,58.92
RI,201123,2011,6,,0.0243368,66.44
RI,201124,2011,6,,0.0242483,66.44
RI,201125,2011,6,,0.0243132,66.44
RI,201126,2011,6,,0.0288517,66.44
RI,201127,2011,7,,0.0639182,74.12
RI,201128,2011,7,,0.0,74.12
RI,201129,2011,7,,0.0530504,74.12
RI,201130,2011,7,,0.0,74.12
RI,201131,2011,7,,0.0262261,74.12
RI,201132,2011,8,,0.0,71.74
RI,201133,2011,8,,0.0,71.74
RI,201134,2011,8,,0.0,71.74
RI,201135,2011,8,,0.101112,71.74
RI,201136,2011,9,,0.0875465,66.76
RI,201137,2011,9,,0.0691324,66.76
RI,201138,2011,9,,0.10915,66.76
RI,201139,2011,9,,0.199601,66.76
RI,201140,2011,10,2011-12,0.169309,55.4
RI,201141,2011,10,2011-12,0.10597,55.4
RI,201142,2011,10,2011-12,0.241619,55.4
RI,201143,2011,10,2011-12,0.25887,55.4
RI,201144,2011,10,2011-12,0.384672,55.4
RI,201145,2011,11,2011-12,0.606157,48.14
RI,201146,2011,11,2011-12,0.258324,48.14
RI,201147,2011,11,2011-12,0.132743,48.14
RI,201148,2011,11,2011-12,0.469217,48.14
RI,201149,2011,12,2011-12,0.223914,39.54
RI,201150,2011,12,2011-12,0.345397,39.54
RI,201151,2011,12,2011-12,0.34214,39.54
RI,201152,2011,12,2011-12,0.224575,39.54
RI,201201,2012,1,2011-12,0.157127,33.980000000000004
RI,201202,2012,1,2011-12,0.0913075,33.980000000000004
RI,201203,2012,1,2011-12,0.182002,33.980000000000004
RI,201204,2012,1,2011-12,0.275482,33.980000000000004
RI,201205,2012,1,2011-12,0.295421,33.980000000000004
RI,201206,2012,2,2011-12,0.34155,35.96
RI,201207,2012,2,2011-12,0.183542,35.96
RI,201208,2012,2,2011-12,0.250761,35.96
RI,201209,2012,2,2011-12,0.275356,35.96
RI,201210,2012,3,2011-12,0.164123,45.46
RI,201211,2012,3,2011-12,0.140393,45.46
RI,201212,2012,3,2011-12,0.245018,45.46
RI,201213,2012,3,2011-12,0.428816,45.46
RI,201214,2012,4,2011-12,0.466356,50.22
RI,201215,2012,4,2011-12,0.654889,50.22
RI,201216,2012,4,2011-12,0.379816,50.22
RI,201217,2012,4,2011-12,0.156764,50.22
RI,201218,2012,4,2011-12,0.247219,50.22
RI,201219,2012,5,2011-12,0.232404,60.56
RI,201220,2012,5,2011-12,0.110803,60.56
RI,201221,2012,5,,0.119,60.56
RI,201222,2012,5,,0.0530363,60.56
RI,201223,2012,6,,0.0221533,65.8
RI,201224,2012,6,,0.0684307,65.8
RI,201225,2012,6,,0.0233481,65.8
RI,201226,2012,6,,0.0263227,65.8
RI,201227,2012,7,,0.0,73.88
RI,201228,2012,7,,0.0,73.88
RI,201229,2012,7,,0.0,73.88
RI,201230,2012,7,,0.0,73.88
RI,201231,2012,7,,0.0,73.88
RI,201232,2012,8,,0.0,72.78
RI,201233,2012,8,,0.0257136,72.78
RI,201234,2012,8,,0.0,72.78
RI,201235,2012,8,,0.0,72.78
RI,201236,2012,9,,0.0417885,63.6
RI,201237,2012,9,,0.115473,63.6
RI,201238,2012,9,,0.0651148,63.6
RI,201239,2012,9,,0.153421,63.6
RI,201240,2012,9,2012-13,0.199203,63.6
RI,201241,2012,10,2012-13,0.163339,55.779999999999994
RI,201242,2012,10,2012-13,0.273185,55.779999999999994
RI,201243,2012,10,2012-13,0.388408,55.779999999999994
RI,201244,2012,10,2012-13,0.1693,55.779999999999994
RI,201245,2012,11,2012-13,0.195754,41.44
RI,201246,2012,11,2012-13,0.158914,41.44
RI,201247,2012,11,2012-13,0.31348,41.44
RI,201248,2012,11,2012-13,0.424328,41.44
RI,201249,2012,12,2012-13,1.1959,38.08
RI,201250,2012,12,2012-13,2.23984,38.08
RI,201251,2012,12,2012-13,2.72449,38.08
RI,201252,2012,12,2012-13,4.01822,38.08
RI,201301,2012,12,2012-13,3.00717,38.08
RI,201302,2013,1,2012-13,3.40512,30.9
RI,201303,2013,1,2012-13,2.82409,30.9
RI,201304,2013,1,2012-13,1.49655,30.9
RI,201305,2013,1,2012-13,1.70721,30.9
RI,201306,2013,2,2012-13,0.914897,30.6
RI,201307,2013,2,2012-13,0.770366,30.6
RI,201308,2013,2,2012-13,0.590364,30.6
RI,201309,2013,2,2012-13,0.375646,30.6
RI,201310,2013,3,2012-13,0.449944,37.42
RI,201311,2013,3,2012-13,0.779912,37.42
RI,201312,2013,3,2012-13,0.374298,37.42
RI,201313,2013,3,2012-13,0.633453,37.42
RI,201314,2013,3,2012-13,0.497804,37.42
RI,201315,2013,4,2012-13,0.53143,47.760000000000005
RI,201316,2013,4,2012-13,0.478627,47.760000000000005
RI,201317,2013,4,2012-13,0.414013,47.760000000000005
RI,201318,2013,4,2012-13,0.26575,47.760000000000005
RI,201319,2013,5,2012-13,0.243467,58.46
RI,201320,2013,5,2012-13,0.0,58.46
RI,201321,2013,5,,0.0,58.46
RI,201322,2013,5,,0.0,58.46
RI,201323,2013,6,,0.0,68.03999999999999
RI,201324,2013,6,,0.0243605,68.03999999999999
RI,201325,2013,6,,0.0271961,68.03999999999999
RI,201326,2013,6,,0.0,68.03999999999999
RI,201327,2013,6,,0.0,68.03999999999999
RI,201328,2013,7,,0.0478126,76.56
RI,201329,2013,7,,0.0,76.56
RI,201330,2013,7,,0.0,76.56
RI,201331,2013,7,,0.0,76.56
RI,201332,2013,8,,0.0,69.32000000000001
RI,201333,2013,8,,0.0,69.32000000000001
RI,201334,2013,8,,0.0,69.32000000000001
RI,201335,2013,8,,0.0,69.32000000000001
RI,201336,2013,9,,0.0466418,62.44
RI,201337,2013,9,,0.0850051,62.44
RI,201338,2013,9,,0.0653061,62.44
RI,201339,2013,9,,0.0317712,62.44
RI,201340,2013,9,2013-14,0.0931677,62.44
RI,201341,2013,10,2013-14,0.118143,54.44
RI,201342,2013,10,2013-14,0.10915,54.44
RI,201343,2013,10,2013-14,0.178227,54.44
RI,201344,2013,10,2013-14,0.337942,54.44
RI,201345,2013,11,2013-14,0.152486,41.72
RI,201346,2013,11,2013-14,0.111803,41.72
RI,201347,2013,11,2013-14,0.266469,41.72
RI,201348,2013,11,2013-14,0.238493,41.72
RI,201349,2013,12,2013-14,0.348819,33.519999999999996
RI,201350,2013,12,2013-14,0.228833,33.519999999999996
RI,201351,2013,12,2013-14,0.176678,33.519999999999996
RI,201352,2013,12,2013-14,0.41841,33.519999999999996
RI,201401,2013,12,2013-14,0.77415,33.519999999999996
RI,201402,2014,1,2013-14,1.10585,26.6
RI,201403,2014,1,2013-14,1.66634,26.6
RI,201404,2014,1,2013-14,0.939137,26.6
RI,201405,2014,1,2013-14,1.09382,26.6
RI,201406,2014,2,2013-14,1.44172,27.76
RI,201407,2014,2,2013-14,1.06366,27.76
RI,201408,2014,2,2013-14,0.723327,27.76
RI,201409,2014,2,2013-14,0.443561,27.76
RI,201410,2014,3,2013-14,0.495433,33.17999999999999
RI,201411,2014,3,2013-14,0.642958,33.17999999999999
RI,201412,2014,3,2013-14,0.834971,33.17999999999999
RI,201413,2014,3,2013-14,0.70227,33.17999999999999
RI,201414,2014,3,2013-14,1.19367,33.17999999999999
RI,201415,2014,4,2013-14,1.67913,47.239999999999995
RI,201416,2014,4,2013-14,1.43563,47.239999999999995
RI,201417,2014,4,2013-14,1.27812,47.239999999999995
RI,201418,2014,4,2013-14,0.821485,47.239999999999995
RI,201419,2014,5,2013-14,0.476417,58.08
RI,201420,2014,5,2013-14,0.189609,58.08
RI,201421,2014,5,,0.165494,58.08
RI,201422,2014,5,,0.0539957,58.08
RI,201423,2014,6,,0.0779018,66.44
RI,201424,2014,6,,0.0,66.44
RI,201425,2014,6,,0.0478927,66.44
RI,201426,2014,6,,0.0253421,66.44
RI,201427,2014,6,,0.0607165,66.44
RI,201428,2014,7,,0.046436,72.58
RI,201429,2014,7,,0.0500626,72.58
RI,201430,2014,7,,0.0489836,72.58
RI,201431,2014,7,,0.0,72.58
RI,201432,2014,8,,0.0,68.88
RI,201433,2014,8,,0.0,68.88
RI,201434,2014,8,,0.513652,68.88
RI,201435,2014,8,,0.314054,68.88
RI,201436,2014,8,,0.0695572,68.88
RI,201437,2014,9,,0.0171999,64.9
RI,201438,2014,9,,0.0342349,64.9
RI,201439,2014,9,,0.0169262,64.9
RI,201440,2014,9,2014-15,0.0433839,64.9
RI,201441,2014,10,2014-15,0.152184,55.88000000000001
RI,201442,2014,10,2014-15,0.241629,55.88000000000001
RI,201443,2014,10,2014-15,0.0994318,55.88000000000001
RI,201444,2014,10,2014-15,0.154213,55.88000000000001
RI,201445,2014,11,2014-15,0.207237,41.96
RI,201446,2014,11,2014-15,0.272438,41.96
RI,201447,2014,11,2014-15,0.140449,41.96
RI,201448,2014,11,2014-15,0.114705,41.96
RI,201449,2014,11,2014-15,0.268779,41.96
RI,201450,2014,12,2014-15,0.492832,38.04
RI,201451,2014,12,2014-15,0.483695,38.04
RI,201452,2014,12,2014-15,1.39454,38.04
RI,201453,2014,12,2014-15,1.21335,38.04
RI,201501,2015,1,2014-15,1.94729,26.139999999999997
RI,201502,2015,1,2014-15,2.50329,26.139999999999997
RI,201503,2015,1,2014-15,4.52086,26.139999999999997
RI,201504,2015,1,2014-15,4.11178,26.139999999999997
RI,201505,2015,2,2014-15,3.5461,18.28
RI,201506,2015,2,2014-15,2.55565,18.28
RI,201507,2015,2,2014-15,1.75503,18.28
RI,201508,2015,2,2014-15,1.03734,18.28
RI,201509,2015,3,2014-15,0.780869,32.12
RI,201510,2015,3,2014-15,0.874727,32.12
RI,201511,2015,3,2014-15,0.621459,32.12
RI,201512,2015,3,2014-15,0.403852,32.12
RI,201513,2015,3,2014-15,0.519134,32.12
RI,201514,2015,4,2014-15,0.698262,47.339999999999996
RI,201515,2015,4,2014-15,0.593698,47.339999999999996
RI,201516,2015,4,2014-15,0.735179,47.339999999999996
RI,201517,2015,4,2014-15,0.419664,47.339999999999996
RI,201518,2015,5,2014-15,0.282251,61.120000000000005
RI,201519,2015,5,2014-15,0.0363702,61.120000000000005
RI,201520,2015,5,2014-15,0.0757289,61.120000000000005
RI,201521,2015,5,,0.0727273,61.120000000000005
RI,201522,2015,5,,0.0220507,61.120000000000005
RI,201523,2015,6,,0.0,64.66
RI,201524,2015,6,,0.0442674,64.66
RI,201525,2015,6,,0.0,64.66
RI,201526,2015,6,,0.127291,64.66
RI,201527,2015,7,,0.0424809,72.62
RI,201528,2015,7,,0.0218245,72.62
RI,201529,2015,7,,0.0424448,72.62
RI,201530,2015,7,,0.0,72.62
RI,201531,2015,8,,0.0642123,73.02000000000001
RI,201532,2015,8,,0.0572246,73.02000000000001
RI,201533,2015,8,,0.0,73.02000000000001
RI,201534,2015,8,,0.0392234,73.02000000000001
RI,201535,2015,8,,0.0196618,73.02000000000001
RI,201536,2015,9,,0.0398486,67.96000000000001
RI,201537,2015,9,,0.0528355,67.96000000000001
RI,201538,2015,9,,0.0800641,67.96000000000001
RI,201539,2015,9,,0.12747,67.96000000000001
RI,201540,2015,10,2015-16,0.110072,53.02
RI,201541,2015,10,2015-16,0.145864,53.02
RI,201542,2015,10,2015-16,0.23129,53.02
RI,201543,2015,10,2015-16,0.231099,53.02
RI,201544,2015,11,2015-16,0.26852,47.56
RI,201545,2015,11,2015-16,0.187138,47.56
RI,201546,2015,11,2015-16,0.186335,47.56
RI,201547,2015,11,2015-16,0.213276,47.56
RI,201548,2015,11,2015-16,0.209407,47.56
RI,201549,2015,12,2015-16,0.178629,45.78
RI,201550,2015,12,2015-16,0.210933,45.78
RI,201551,2015,12,2015-16,0.200334,45.78
RI,201552,2015,12,2015-16,0.383543,45.78
RI,201601,2016,1,2015-16,0.352113,31.839999999999996
RI,201602,2016,1,2015-16,0.468933,31.839999999999996
RI,201603,2016,1,2015-16,0.554855,31.839999999999996
RI,201604,2016,1,2015-16,0.631735,31.839999999999996
RI,201605,2016,1,2015-16,1.11997,31.839999999999996
RI,201606,2016,2,2015-16,0.952025,33.44
RI,201607,2016,2,2015-16,1.36986,33.44
RI,201608,2016,2,2015-16,1.46733,33.44
RI,201609,2016,2,2015-16,1.36803,33.44
RI,201610,2016,3,2015-16,2.06706,43.0
RI,201611,2016,3,2015-16,1.72445,43.0
RI,201612,2016,3,2015-16,1.5854,43.0
RI,201613,2016,3,2015-16,1.29748,43.0
RI,201614,2016,4,2015-16,1.2229,46.36
RI,201615,2016,4,2015-16,0.875086,46.36
RI,201616,2016,4,2015-16,0.735822,46.36
RI,201617,2016,4,2015-16,0.927536,46.36
RI,201618,2016,5,2015-16,0.249808,57.96
RI,201619,2016,5,2015-16,0.238711,57.96
RI,201620,2016,5,2015-16,0.217202,57.96
RI,201621,2016,5,,0.0534474,57.96
RI,201622,2016,5,,0.0,57.96
RI,201623,2016,6,,0.0843407,67.06
RI,201624,2016,6,,0.0,67.06
RI,201625,2016,6,,0.0558659,67.06
RI,201626,2016,6,,0.0578035,67.06
RI,201627,2016,7,,0.0,74.08
RI,201628,2016,7,,0.0,74.08
RI,201629,2016,7,,0.0,74.08
RI,201630,2016,7,,0.0,74.08
RI,201631,2016,7,,0.0374672,74.08
RI,201632,2016,8,,0.0,74.32000000000001
RI,201633,2016,8,,0.0,74.32000000000001
RI,201634,2016,8,,0.0664231,74.32000000000001
RI,201635,2016,8,,0.157398,74.32000000000001
RI,201636,2016,9,,1.41455,66.86
RI,201637,2016,9,,1.23668,66.86
RI,201638,2016,9,,0.836212,66.86
RI,201639,2016,9,,0.331675,66.86
RI,201640,2016,10,2016-17,0.420008,55.220000000000006
RI,201641,2016,10,2016-17,0.401038,55.220000000000006
RI,201642,2016,10,2016-17,0.703977,55.220000000000006
RI,201643,2016,10,2016-17,0.408466,55.220000000000006
RI,201644,2016,10,2016-17,0.45939,55.220000000000006
RI,201645,2016,11,2016-17,0.452222,45.58
RI,201646,2016,11,2016-17,0.331994,45.58
RI,201647,2016,11,2016-17,0.299222,45.58
RI,201648,2016,11,2016-17,0.337648,45.58
RI,201649,2016,12,2016-17,0.328887,34.8
RI,201650,2016,12,2016-17,0.526118,34.8
RI,201651,2016,12,2016-17,0.450212,34.8
RI,201652,2016,12,2016-17,0.782998,34.8
RI,201701,2017,1,2016-17,1.26302,34.68
RI,201702,2017,1,2016-17,0.929692,34.68
RI,201703,2017,1,2016-17,0.838574,34.68
RI,201704,2017,1,2016-17,1.80101,34.68
RI,201705,2017,1,2016-17,2.48487,34.68
RI,201706,2017,2,2016-17,4.09232,35.58
RI,201707,2017,2,2016-17,4.14856,35.58
RI,201708,2017,2,2016-17,4.309,35.58
RI,201709,2017,2,2016-17,2.83892,35.58
RI,201710,2017,3,2016-17,2.57117,34.46
RI,201711,2017,3,2016-17,1.94205,34.46
RI,201712,2017,3,2016-17,2.66774,34.46
RI,201713,2017,3,2016-17,2.85782,34.46
RI,201714,2017,4,2016-17,2.46654,51.5
RI,201715,2017,4,2016-17,2.10526,51.5
RI,201716,2017,4,2016-17,1.08319,51.5
RI,201717,2017,4,2016-17,0.503087,51.5
RI,201718,2017,4,2016-17,0.476298,51.5
RI,201719,2017,5,2016-17,0.39822,56.64
RI,201720,2017,5,2016-17,0.050226,56.64
RI,201721,2017,5,,0.0,56.64
RI,201722,2017,5,,0.103806,56.64
RI,201723,2017,6,,0.0,66.88
RI,201724,2017,6,,0.0723066,66.88
RI,201725,2017,6,,0.0,66.88
RI,201726,2017,6,,0.105263,66.88
RI,201727,2017,7,,0.0,71.32000000000001
RI,201728,2017,7,,0.0,71.32000000000001
RI,201729,2017,7,,0.0342818,71.32000000000001
RI,201730,2017,7,,0.0365764,71.32000000000001
RI,201731,2017,7,,0.0,71.32000000000001
RI,201732,2017,8,,0.0,70.14
RI,201733,2017,8,,0.0,70.14
RI,201734,2017,8,,0.0,70.14
RI,201735,2017,8,,0.100368,70.14
RI,201736,2017,9,,0.0,66.67999999999999
RI,201737,2017,9,,0.108743,66.67999999999999
RI,201738,2017,9,,0.252791,66.67999999999999
RI,201739,2017,9,,0.377121,66.67999999999999
RI,201740,2017,10,2017-18,0.391572,59.98
RI,201741,2017,10,2017-18,0.273742,59.98
RI,201742,2017,10,2017-18,0.473416,59.98
RI,201743,2017,10,2017-18,0.622665,59.98
RI,201744,2017,10,2017-18,0.514641,59.98
RI,201745,2017,11,2017-18,0.656676,43.6
RI,201746,2017,11,2017-18,0.665415,43.6
RI,201747,2017,11,2017-18,0.74531,43.6
RI,201748,2017,11,2017-18,0.539993,43.6
RI,201749,2017,12,2017-18,1.78361,30.560000000000002
RI,201750,2017,12,2017-18,1.42137,30.560000000000002
RI,201751,2017,12,2017-18,1.55383,30.560000000000002
RI,201752,2017,12,2017-18,1.52387,30.560000000000002
RI,201801,2017,12,2017-18,2.36116,30.560000000000002
RI,201802,2018,1,2017-18,3.07727,28.119999999999997
RI,201803,2018,1,2017-18,4.37875,28.119999999999997
RI,201804,2018,1,2017-18,5.31038,28.119999999999997
RI,201805,2018,1,2017-18,5.81829,28.119999999999997
RI,201806,2018,2,2017-18,7.81563,38.04
RI,201807,2018,2,2017-18,7.24661,38.04
RI,201808,2018,2,2017-18,5.00479,38.04
RI,201809,2018,2,2017-18,2.91837,38.04
RI,201810,2018,3,2017-18,2.21794,37.56
RI,201811,2018,3,2017-18,2.8035,37.56
RI,201812,2018,3,2017-18,2.18688,37.56
RI,201813,2018,3,2017-18,1.56283,37.56
RI,201814,2018,4,2017-18,1.45972,44.519999999999996
RI,201815,2018,4,2017-18,1.77145,44.519999999999996
RI,201816,2018,4,2017-18,1.42276,44.519999999999996
RI,201817,2018,4,2017-18,0.54686,44.519999999999996
RI,201818,2018,4,2017-18,0.888973,44.519999999999996
RI,201819,2018,5,2017-18,0.528206,61.339999999999996
RI,201820,2018,5,2017-18,0.293057,61.339999999999996
RI,201821,2018,5,,0.213624,61.339999999999996
RI,201822,2018,5,,0.116686,61.339999999999996
RI,201823,2018,6,,0.027571,66.03999999999999
RI,201824,2018,6,,0.145433,66.03999999999999
RI,201825,2018,6,,0.259488,66.03999999999999
RI,201826,2018,6,,0.0296384,66.03999999999999
RI,201827,2018,7,,0.126904,74.02000000000001
RI,201828,2018,7,,0.0256937,74.02000000000001
RI,201829,2018,7,,0.0,74.02000000000001
RI,201830,2018,7,,0.0261986,74.02000000000001
RI,201831,2018,7,,0.0522466,74.02000000000001
RI,201832,2018,8,,0.0942507,75.47999999999999
RI,201833,2018,8,,0.0561482,75.47999999999999
RI,201834,2018,8,,0.0283527,75.47999999999999
RI,201835,2018,8,,0.0227376,75.47999999999999
RI,201836,2018,9,,0.119332,66.88
RI,201837,2018,9,,0.115385,66.88
RI,201838,2018,9,,0.164609,66.88
RI,201839,2018,9,,0.248262,66.88
RI,201840,2018,9,2018-19,0.233173,66.88
RI,201841,2018,10,2018-19,0.32491,53.120000000000005
RI,201842,2018,10,2018-19,0.32098,53.120000000000005
RI,201843,2018,10,2018-19,0.455949,53.120000000000005
RI,201844,2018,10,2018-19,0.558331,53.120000000000005
RI,201845,2018,11,2018-19,0.629704,41.46
RI,201846,2018,11,2018-19,0.310762,41.46
RI,201847,2018,11,2018-19,0.452489,41.46
RI,201848,2018,11,2018-19,0.594855,41.46
RI,201849,2018,12,2018-19,0.979741,35.64
RI,201850,2018,12,2018-19,0.846781,35.64
RI,201851,2018,12,2018-19,1.11753,35.64
RI,201852,2018,12,2018-19,2.49922,35.64
RI,201901,2018,12,2018-19,2.06847,35.64
RI,201902,2019,1,2018-19,2.90348,29.48
RI,201903,2019,1,2018-19,3.76242,29.48
RI,201904,2019,1,2018-19,4.5171,29.48
RI,201905,2019,1,2018-19,4.77061,29.48
RI,201906,2019,2,2018-19,6.66667,31.96
RI,201907,2019,2,2018-19,5.84481,31.96
RI,201908,2019,2,2018-19,4.96701,31.96
RI,201909,2019,2,2018-19,3.96483,31.96
RI,201910,2019,3,2018-19,3.72844,36.1
RI,201911,2019,3,2018-19,4.09024,36.1
RI,201912,2019,3,2018-19,3.29383,36.1
RI,201913,2019,3,2018-19,3.84165,36.1
RI,201914,2019,3,2018-19,3.03283,36.1
RI,201915,2019,4,2018-19,3.04048,49.32
RI,201916,2019,4,2018-19,2.12182,49.32
RI,201917,2019,4,2018-19,1.39072,49.32
RI,201918,2019,4,2018-19,1.18876,49.32
RI,201919,2019,5,2018-19,0.647989,56.339999999999996
RI,201920,2019,5,2018-19,0.730868,56.339999999999996
RI,201921,2019,5,,0.257732,56.339999999999996
RI,201922,2019,5,,0.172961,56.339999999999996
RI,201923,2019,6,,0.0529101,66.62
RI,201924,2019,6,,0.0273373,66.62
RI,201925,2019,6,,0.107383,66.62
RI,201926,2019,6,,0.150376,66.62
RI,201927,2019,6,,0.0307598,66.62
RI,201928,2019,7,,0.0505561,75.14
RI,201929,2019,7,,0.0506971,75.14
RI,201930,2019,7,,0.0,75.14
RI,201931,2019,7,,0.0256082,75.14
RI,201932,2019,8,,0.0,71.67999999999999
RI,201933,2019,8,,0.0901713,71.67999999999999
RI,201934,2019,8,,0.125628,71.67999999999999
RI,201935,2019,8,,0.0947194,71.67999999999999
RI,201936,2019,9,,0.188058,64.38
RI,201937,2019,9,,0.0947508,64.38
RI,201938,2019,9,,0.234388,64.38
RI,201939,2019,9,,0.273796,64.38
RI,201940,2019,9,2019-20,0.140801,64.38
RI,201941,2019,10,2019-20,0.372787,55.17999999999999
RI,201942,2019,10,2019-20,0.298174,55.17999999999999
RI,201943,2019,10,2019-20,0.307929,55.17999999999999
RI,201944,2019,10,2019-20,0.326391,55.17999999999999
RI,201945,2019,11,2019-20,0.228973,40.58
RI,201946,2019,11,2019-20,0.459629,40.58
RI,201947,2019,11,2019-20,0.494382,40.58
RI,201948,2019,11,2019-20,0.684095,40.58
RI,201949,2019,12,2019-20,0.884189,34.68
RI,201950,2019,12,2019-20,1.38131,34.68
RI,201951,2019,12,2019-20,2.01597,34.68
RI,201952,2019,12,2019-20,3.18196,34.68
RI,202001,2019,12,2019-20,2.86885,34.68
RI,202002,2020,1,2019-20,3.99023,35.739999999999995
RI,202003,2020,1,2019-20,5.90413,35.739999999999995
RI,202004,2020,1,2019-20,5.61858,35.739999999999995
RI,202005,2020,1,2019-20,8.39862,35.739999999999995
RI,202006,2020,2,2019-20,9.11474,35.779999999999994
RI,202007,2020,2,2019-20,9.02184,35.779999999999994
RI,202008,2020,2,2019-20,7.74661,35.779999999999994
RI,202009,2020,2,2019-20,5.37652,35.779999999999994
RI,202010,2020,3,2019-20,4.38163,42.78
RI,202011,2020,3,2019-20,3.03293,42.78
RI,202012,2020,3,2019-20,1.39665,42.78
RI,202013,2020,3,2019-20,0.39267,42.78
RI,202014,2020,3,2019-20,0.0723066,42.78
RI,202015,2020,4,2019-20,0.0,44.1
RI,202016,2020,4,2019-20,0.0,44.1
RI,202017,2020,4,2019-20,0.0751315,44.1
RI,202018,2020,4,2019-20,0.0762195,44.1
RI,202019,2020,5,2019-20,0.0,56.67999999999999
RI,202020,2020,5,2019-20,0.0,56.67999999999999
RI,202021,2020,5,,0.302381,56.67999999999999
RI,202022,2020,5,,0.247924,56.67999999999999
RI,202023,2020,5,,0.107578,56.67999999999999
RI,202024,2020,6,,0.157516,68.3
RI,202025,2020,6,,0.0997119,68.3
RI,202026,2020,6,,0.145138,68.3
RI,202027,2020,6,,0.298723,68.3
RI,202028,2020,7,,0.200662,75.74
RI,202029,2020,7,,0.300661,75.74
RI,202030,2020,7,,0.268946,75.74
RI,202031,2020,7,,0.339575,75.74
RI,202032,2020,8,,0.330611,74.24
RI,202033,2020,8,,0.39557,74.24
RI,202034,2020,8,,0.509847,74.24
RI,202035,2020,8,,0.291986,74.24
RI,202036,2020,8,,0.442678,74.24
RI,202037,2020,9,,0.411069,64.92
RI,202038,2020,9,,0.386391,64.92
RI,202039,2020,9,,0.328827,64.92
RI,202040,2020,9,2020-21,0.320671,64.92
RI,202041,2020,10,2020-21,0.608853,54.98
RI,202042,2020,10,2020-21,0.663176,54.98
RI,202043,2020,10,2020-21,0.516046,54.98
RI,202044,2020,10,2020-21,0.51116,54.98
RI,202045,2020,11,2020-21,0.831048,47.92
RI,202046,2020,11,2020-21,0.842625,47.92
RI,202047,2020,11,2020-21,0.680722,47.92
RI,202048,2020,11,2020-21,0.946781,47.92
RI,202049,2020,11,2020-21,0.73622,47.92
RI,202050,2020,12,2020-21,0.65941,36.239999999999995
RI,202051,2020,12,2020-21,0.595171,36.239999999999995
RI,202052,2020,12,2020-21,0.543881,36.239999999999995
RI,202053,2020,12,2020-21,0.576701,36.239999999999995
RI,202101,2021,1,2020-21,0.730594,31.74
RI,202102,2021,1,2020-21,0.466845,31.74
RI,202103,2021,1,2020-21,0.550299,31.74
RI,202104,2021,1,2020-21,0.544059,31.74
RI,202105,2021,1,2020-21,0.356833,31.74
RI,202106,2021,2,2020-21,0.260191,31.4
RI,202107,2021,2,2020-21,0.393248,31.4
RI,202108,2021,2,2020-21,0.366332,31.4
RI,202109,2021,2,2020-21,0.29034,31.4
RI,202110,2021,3,2020-21,0.349744,40.28
RI,202111,2021,3,2020-21,0.403744,40.28
RI,202112,2021,3,2020-21,0.354102,40.28
RI,202113,2021,3,2020-21,0.223502,40.28
RI,202114,2021,4,2020-21,0.345642,48.839999999999996
RI,202115,2021,4,2020-21,0.28,48.839999999999996
RI,202116,2021,4,2020-21,0.384521,48.839999999999996
RI,202117,2021,4,2020-21,0.268366,48.839999999999996
RI,202118,2021,5,2020-21,0.285931,58.1
RI,202119,2021,5,2020-21,0.307283,58.1
RI,202120,2021,5,2020-21,0.298805,58.1
RI,202121,2021,5,,0.233372,58.1
RI,202122,2021,5,,0.244643,58.1
RI,202123,2021,6,,0.330439,69.6
RI,202124,2021,6,,0.270835,69.6
RI,202125,2021,6,,0.313885,69.6
RI,202126,2021,6,,0.381443,69.6
RI,202127,2021,7,,0.373244,71.5
RI,202128,2021,7,,0.610973,71.5
RI,202129,2021,7,,0.622764,71.5
RI,202130,2021,7,,0.470958,71.5
RI,202131,2021,8,,0.403063,73.9
RI,202132,2021,8,,0.479698,73.9
RI,202133,2021,8,,0.566481,73.9
RI,202134,2021,8,,0.325474,73.9
RI,202135,2021,8,,0.345909,73.9
RI,202136,2021,9,,0.256177,66.9
RI,202137,2021,9,,0.42303,66.9
RI,202138,2021,9,,0.310963,66.9
RI,202139,2021,9,,0.343335,66.9
RI,202140,2021,10,2021-22,0.378328,58.98
RI,202141,2021,10,2021-22,0.42494,58.98
RI,202142,2021,10,2021-22,0.336411,58.98
RI,202143,2021,10,2021-22,0.774174,58.98
RI,202144,2021,10,2021-22,2.43902,58.98
RI,202145,2021,11,2021-22,1.53271,43.339999999999996
RI,202146,2021,11,2021-22,2.87348,43.339999999999996
RI,202147,2021,11,2021-22,1.13422,43.339999999999996
RI,202148,2021,11,2021-22,1.39695,43.339999999999996
RI,202149,2021,12,2021-22,1.74942,39.08
RI,202150,2021,12,2021-22,1.87231,39.08
RI,202151,2021,12,2021-22,1.68684,39.08
RI,202152,2021,12,2021-22,1.88611,39.08
RI,202201,2022,1,2021-22,1.45687,27.560000000000002
RI,202202,2022,1,2021-22,1.12765,27.560000000000002
RI,202203,2022,1,2021-22,1.12485,27.560000000000002
RI,202204,2022,1,2021-22,0.867331,27.560000000000002
RI,202205,2022,1,2021-22,0.506222,27.560000000000002
RI,202206,2022,2,2021-22,0.46353,32.8
RI,202207,2022,2,2021-22,0.686073,32.8
RI,202208,2022,2,2021-22,0.538983,32.8
RI,202209,2022,2,2021-22,0.465975,32.8
RI,202210,2022,3,2021-22,0.684988,40.92
RI,202211,2022,3,2021-22,0.916724,40.92
RI,202212,2022,3,2021-22,0.995685,40.92
RI,202213,2022,3,2021-22,1.1293,40.92
RI,202214,2022,4,2021-22,1.53351,48.64
RI,202215,2022,4,2021-22,1.54659,48.64
RI,202216,2022,4,2021-22,1.26542,48.64
RI,202217,2022,4,2021-22,1.27365,48.64
RI,202218,2022,5,2021-22,1.91312,60.239999999999995
RI,202219,2022,5,2021-22,2.28154,60.239999999999995
RI,202220,2022,5,2021-22,1.5075,60.239999999999995
RI,202221,2022,5,,1.27608,60.239999999999995
RI,202222,2022,5,,0.812004,60.239999999999995
RI,202223,2022,6,,0.636683,66.52000000000001
RI,202224,2022,6,,0.717905,66.52000000000001
RI,202225,2022,6,,0.666667,66.52000000000001
RI,202226,2022,6,,0.544465,66.52000000000001
RI,202227,2022,7,,0.466678,74.78
RI,202228,2022,7,,0.414112,74.78
RI,202229,2022,7,,0.489037,74.78
RI,202230,2022,7,,0.506784,74.78
RI,202231,2022,7,,0.453551,74.78
RI,202232,2022,8,,0.401296,75.2
RI,202233,2022,8,,0.341838,75.2
RI,202234,2022,8,,0.532634,75.2
RI,202235,2022,8,,0.577988,75.2
RI,202236,2022,9,,0.396922,64.03999999999999
RI,202237,2022,9,,0.861625,64.03999999999999
RI,202238,2022,9,,1.00488,64.03999999999999
RI,202239,2022,9,,1.03688,64.03999999999999
RI,202240,2022,10,2022-23,1.05615,54.879999999999995
RI,202241,2022,10,2022-23,0.798493,54.879999999999995
RI,202242,2022,10,2022-23,0.91673,54.879999999999995
RI,202243,2022,10,2022-23,1.24974,54.879999999999995
RI,202244,2022,10,2022-23,1.64374,54.879999999999995
RI,202245,2022,11,2022-23,1.69317,47.160000000000004
RI,202246,2022,11,2022-23,2.03111,47.160000000000004
RI,202247,2022,11,2022-23,3.45425,47.160000000000004
RI,202248,2022,11,2022-23,5.44247,47.160000000000004
RI,202249,2022,12,2022-23,6.88287,35.9
RI,202250,2022,12,2022-23,6.8582,35.9
RI,202251,2022,12,2022-23,6.97303,35.9
RI,202252,2022,12,2022-23,5.15167,35.9
RI,202301,2023,1,2022-23,2.77649,38.14
RI,202302,2023,1,2022-23,1.8132,38.14
RI,202303,2023,1,2022-23,1.25356,38.14
RI,202304,2023,1,2022-23,1.24422,38.14
RI,202305,2023,1,2022-23,1.13976,38.14
RI,202306,2023,2,2022-23,1.28528,34.54
RI,202307,2023,2,2022-23,1.29032,34.54
RI,202308,2023,2,2022-23,0.934656,34.54
RI,202309,2023,2,2022-23,0.94703,34.54
RI,202310,2023,3,2022-23,1.0425,39.92
RI,202311,2023,3,2022-23,1.0189,39.92
RI,202312,2023,3,2022-23,1.08439,39.92
RI,202313,2023,3,2022-23,1.10493,39.92
RI,202314,2023,4,2022-23,0.963855,50.72
RI,202315,2023,4,2022-23,0.852962,50.72
RI,202316,2023,4,2022-23,0.607272,50.72
RI,202317,2023,4,2022-23,0.909163,50.72
RI,202318,2023,4,2022-23,0.905162,50.72
RI,202319,2023,5,2022-23,0.74796,56.1
RI,202320,2023,5,2022-23,0.76428,56.1
RI,202321,2023,5,,0.619599,56.1
RI,202322,2023,5,,0.645655,56.1
RI,202323,2023,6,,0.831228,64.47999999999999
RI,202324,2023,6,,0.803603,64.47999999999999
RI,202325,2023,6,,0.553427,64.47999999999999
RI,202326,2023,6,,0.51257,64.47999999999999
RI,202327,2023,7,,0.610428,74.42
RI,202328,2023,7,,0.437005,74.42
RI,202329,2023,7,,0.54511,74.42
RI,202330,2023,7,,0.713436,74.42
RI,202331,2023,7,,0.372408,74.42
RI,202332,2023,8,,0.518707,69.8
RI,202333,2023,8,,0.619112,69.8
RI,202334,2023,8,,0.55268,69.8
RI,202335,2023,8,,0.599129,69.8
RI,202336,2023,9,,0.487337,66.17999999999999
RI,202337,2023,9,,0.560423,66.17999999999999
RI,202338,2023,9,,1.16288,66.17999999999999
RI,202339,2023,9,,1.03185,66.17999999999999
RI,202340,2023,10,2023-24,1.05621,57.260000000000005
RI,202341,2023,10,2023-24,1.00802,57.260000000000005
RI,202342,2023,10,2023-24,1.02588,57.260000000000005
RI,202343,2023,10,2023-24,1.12159,57.260000000000005
RI,202344,2023,10,2023-24,1.18422,57.260000000000005
RI,202345,2023,11,2023-24,1.342,41.42
RI,202346,2023,11,2023-24,1.19949,41.42
RI,202347,2023,11,2023-24,1.1917,41.42
RI,202348,2023,11,2023-24,1.63403,41.42
RI,202349,2023,12,2023-24,1.83919,40.06
RI,202350,2023,12,2023-24,2.52059,40.06
RI,202351,2023,12,2023-24,3.24503,40.06
RI,202352,2023,12,2023-24,3.56128,40.06
RI,202401,2023,12,2023-24,3.09299,40.06
RI,202402,2024,1,2023-24,2.59306,32.5
RI,202403,2024,1,2023-24,2.37274,32.5
RI,202404,2024,1,2023-24,2.61427,32.5
RI,202405,2024,1,2023-24,3.33005,32.5
RI,202406,2024,2,2023-24,3.72587,34.019999999999996
RI,202407,2024,2,2023-24,3.36511,34.019999999999996
RI,202408,2024,2,2023-24,3.39049,34.019999999999996
RI,202409,2024,2,2023-24,3.06805,34.019999999999996
RI,202410,2024,3,2023-24,4.01185,42.660000000000004
RI,202411,2024,3,2023-24,2.08365,42.660000000000004
RI,202412,2024,3,2023-24,1.97013,42.660000000000004
RI,202413,2024,3,2023-24,2.19821,42.660000000000004
RI,202414,2024,3,2023-24,1.98265,42.660000000000004
RI,202415,2024,4,2023-24,1.70723,47.86
RI,202416,2024,4,2023-24,1.77339,47.86
RI,202417,2024,4,2023-24,1.14304,47.86
RI,202418,2024,4,2023-24,1.15037,47.86
RI,202419,2024,5,2023-24,1.06732,58.739999999999995
RI,202420,2024,5,2023-24,1.13944,58.739999999999995
RI,202421,2024,5,,0.959346,58.739999999999995
RI,202422,2024,5,,0.849555,58.739999999999995
RI,202423,2024,6,,0.627183,69.12
RI,202424,2024,6,,0.601863,69.12
RI,202425,2024,6,,0.506192,69.12
RI,202426,2024,6,,0.572552,69.12
RI,202427,2024,6,,0.662442,69.12
RI,202428,2024,7,,0.612827,74.44
RI,202429,2024,7,,0.625581,74.44
RI,202430,2024,7,,0.675958,74.44
RI,202431,2024,7,,0.562545,74.44
RI,202432,2024,8,,0.581805,70.47999999999999
RI,202433,2024,8,,0.765591,70.47999999999999
RI,202434,2024,8,,0.595447,70.47999999999999
RI,202435,2024,8,,0.737726,70.47999999999999
RI,202436,2024,9,,0.755396,63.96
RI,202437,2024,9,,0.867077,63.96
RI,202438,2024,9,,1.28407,63.96
RI,202439,2024,9,,1.37618,63.96
RI,202440,2024,9,2024-25,1.16763,63.96
RI,202441,2024,10,2024-25,1.39933,54.98
RI,202442,2024,10,2024-25,1.47725,54.98
RI,202443,2024,10,2024-25,1.48125,54.98
RI,202444,2024,10,2024-25,1.38209,54.98
RI,202445,2024,11,2024-25,1.24732,47.160000000000004
RI,202446,2024,11,2024-25,1.4279,47.160000000000004
RI,202447,2024,11,2024-25,1.17118,47.160000000000004
RI,202448,2024,11,2024-25,1.31846,47.160000000000004
RI,202449,2024,12,2024-25,1.62762,34.32000000000001
RI,202450,2024,12,2024-25,1.60478,34.32000000000001
RI,202451,2024,12,2024-25,1.79824,34.32000000000001
RI,202452,2024,12,2024-25,2.53683,34.32000000000001
RI,202501,2024,12,2024-25,2.99774,34.32000000000001
RI,202502,2025,1,2024-25,3.07949,28.1
RI,202503,2025,1,2024-25,4.20811,28.1
RI,202504,2025,1,2024-25,5.22355,28.1
RI,202505,2025,1,2024-25,7.1365,28.1
RI,202506,2025,2,2024-25,6.89244,30.580000000000002
RI,202507,2025,2,2024-25,6.78004,30.580000000000002
RI,202508,2025,2,2024-25,5.01803,30.580000000000002
RI,202509,2025,2,2024-25,3.98574,30.580000000000002
RI,202510,2025,3,2024-25,3.08459,42.6
RI,202511,2025,3,2024-25,3.10599,42.6
RI,202512,2025,3,2024-25,2.67638,42.6
RI,202513,2025,3,2024-25,2.69386,42.6
RI,202514,2025,3,2024-25,2.68,42.6
RI,202515,2025,4,2024-25,2.64501,50.04
RI,202516,2025,4,2024-25,3.12207,50.04
RI,202517,2025,4,2024-25,1.99649,50.04
RI,202518,2025,4,2024-25,1.93035,50.04
RI,202519,2025,5,2024-25,1.85026,59.36
RI,202520,2025,5,2024-25,1.2987,59.36
RI,202521,2025,5,,1.13939,59.36
RI,202522,2025,5,,1.08917,59.36
RI,202523,2025,6,,0.935579,69.46000000000001
RI,202524,2025,6,,0.77101,69.46000000000001
RI,202525,2025,6,,0.610288,69.46000000000001
RI,202526,2025,6,,0.447887,69.46000000000001
RI,202527,2025,6,,0.647188,69.46000000000001
RI,202528,2025,7,,0.536803,75.2
RI,202529,2025,7,,0.451607,75.2
RI,202530,2025,7,,0.508675,75.2
RI,202531,2025,7,,0.539163,75.2
RI,202532,2025,8,,0.459559,68.64
RI,202533,2025,8,,0.402396,68.64
RI,202534,2025,8,,0.787106,68.64
RI,202535,2025,8,,0.687893,68.64
RI,202536,2025,8,,0.849806,68.64
RI,202537,2025,9,,1.15051,65.16
RI,202538,2025,9,,2.08297,65.16
RI,202539,2025,9,,2.08496,65.16
RI,202540,2025,9,2025-26,1.02833,65.16
RI,202541,2025,10,2025-26,1.5125,54.879999999999995
RI,202542,2025,10,2025-26,1.24662,54.879999999999995
RI,202543,2025,10,2025-26,1.14199,54.879999999999995
RI,202544,2025,10,2025-26,1.28815,54.879999999999995
RI,202545,2025,11,2025-26,1.78518,42.6
RI,202546,2025,11,2025-26,1.41772,42.6
RI,202547,2025,11,2025-26,1.86103,42.6
RI,202548,2025,11,2025-26,2.21639,42.6
RI,202549,2025,11,2025-26,2.75503,42.6
RI,202550,2025,12,2025-26,5.96456,31.22
RI,202551,2025,12,2025-26,6.35069,31.22
RI,202552,2025,12,2025-26,7.0596,31.22
RI,202553,2025,12,2025-26,6.16051,31.22
RI,202601,2026,1,2025-26,4.83188,26.82
RI,202602,2026,1,2025-26,3.64742,26.82
RI,202603,2026,1,2025-26,2.55023,26.82
RI,202604,2026,1,2025-26,2.38171,26.82
RI,202605,2026,2,2025-26,2.95525,25.96
RI,202606,2026,2,2025-26,3.16959,25.96
RI,202607,2026,2,2025-26,2.61276,25.96
RI,202608,2026,2,2025-26,2.8041,25.96
RI,202609,2026,3,2025-26,2.36719,40.22
RI,202610,2026,3,2025-26,2.42625,40.22
RI,202611,2026,3,2025-26,1.82237,40.22
RI,202612,2026,3,2025-26,2.45319,40.22
RI,202613,2026,3,2025-26,2.39699,40.22
RI,202614,2026,4,2025-26,1.98703,49.64
RI,202615,2026,4,2025-26,2.00184,49.64
RI,202616,2026,4,2025-26,1.58145,49.64
RI,202617,2026,4,2025-26,1.03627,49.64
RI,202618,2026,5,2025-26,1.07439,58.5
RI,202619,2026,5,2025-26,1.00966,58.5
RI,202620,2026,5,2025-26,0.855992,58.5
RI,202621,2026,5,,0.985836,58.5
RI,202622,2026,5,,0.825877,58.5
RI,202623,2026,6,,0.621609,69.36
RI,202624,2026,6,,0.643053,69.36
RI,202625,2026,6,,0.482108,69.36
RI,202626,2026,6,,0.381722,69.36
RI,202627,2026,7,,0.566511,72.64000000000001
RI,202628,2026,7,,0.532204,72.64000000000001
RI,202629,2026,7,,0.462402,72.64000000000001
RI,202630,2026,7,,0.437015,72.64000000000001
RI,202631,2026,8,,0.367647,72.9
RI,202632,2026,8,,0.442038,72.9
RI,202633,2026,8,,0.595948,72.9
RI,202634,2026,8,,0.541736,72.9
RI,202635,2026,8,,0.747926,72.9
RI,202636,2026,9,,0.996477,
RI,202637,2026,9,,1.12754,
VT,201040,2010,10,2010-11,1.47641,45.357142857142854
VT,201041,2010,10,2010-11,1.35777,45.357142857142854
VT,201042,2010,10,2010-11,1.48221,45.357142857142854
VT,201043,2010,10,2010-11,1.44393,45.357142857142854
VT,201044,2010,10,2010-11,1.25276,45.357142857142854
VT,201045,2010,11,2010-11,1.12705,35.08571428571428
VT,201046,2010,11,2010-11,1.79054,35.08571428571428
VT,201047,2010,11,2010-11,1.94011,35.08571428571428
VT,201048,2010,11,2010-11,1.57528,35.08571428571428
VT,201049,2010,12,2010-11,1.15663,20.792857142857144
VT,201050,2010,12,2010-11,1.34553,20.792857142857144
VT,201051,2010,12,2010-11,1.51873,20.792857142857144
VT,201052,2010,12,2010-11,1.81087,20.792857142857144
VT,201101,2011,1,2010-11,1.77179,15.664285714285715
VT,201102,2011,1,2010-11,1.48631,15.664285714285715
VT,201103,2011,1,2010-11,1.74683,15.664285714285715
VT,201104,2011,1,2010-11,2.17977,15.664285714285715
VT,201105,2011,1,2010-11,2.47765,15.664285714285715
VT,201106,2011,2,2010-11,2.73263,17.62142857142857
VT,201107,2011,2,2010-11,3.43809,17.62142857142857
VT,201108,2011,2,2010-11,2.53743,17.62142857142857
VT,201109,2011,2,2010-11,2.28095,17.62142857142857
VT,201110,2011,3,2010-11,2.74522,27.442857142857143
VT,201111,2011,3,2010-11,2.12912,27.442857142857143
VT,201112,2011,3,2010-11,1.53347,27.442857142857143
VT,201113,2011,3,2010-11,1.67224,27.442857142857143
VT,201114,2011,4,2010-11,1.83993,41.800000000000004
VT,201115,2011,4,2010-11,2.00573,41.800000000000004
VT,201116,2011,4,2010-11,1.43522,41.800000000000004
VT,201117,2011,4,2010-11,1.32743,41.800000000000004
VT,201118,2011,5,2010-11,1.514,56.30714285714286
VT,201119,2011,5,2010-11,1.96672,56.30714285714286
VT,201120,2011,5,2010-11,1.4565,56.30714285714286
VT,201121,2011,5,,1.1976,56.30714285714286
VT,201122,2011,5,,1.12641,56.30714285714286
VT,201123,2011,6,,1.06724,62.292857142857144
VT,201124,2011,6,,0.586166,62.292857142857144
VT,201125,2011,6,,1.18765,62.292857142857144
VT,201126,2011,6,,0.645919,62.292857142857144
VT,201127,2011,7,,0.759975,68.75714285714285
VT,201128,2011,7,,0.711322,68.75714285714285
VT,201129,2011,7,,0.8329,68.75714285714285
VT,201130,2011,7,,1.0981,68.75714285714285
VT,201131,2011,7,,1.01083,68.75714285714285
VT,201132,2011,8,,0.996016,66.05
VT,201133,2011,8,,1.81818,66.05
VT,201134,2011,8,,1.49254,66.05
VT,201135,2011,8,,1.45202,66.05
VT,201136,2011,9,,2.0202,60.949999999999996
VT,201137,2011,9,,2.17391,60.949999999999996
VT,201138,2011,9,,1.10926,60.949999999999996
VT,201139,2011,9,,1.27728,60.949999999999996
VT,201140,2011,10,2011-12,1.43991,47.892857142857146
VT,201141,2011,10,2011-12,1.52211,47.892857142857146
VT,201142,2011,10,2011-12,1.06132,47.892857142857146
VT,201143,2011,10,2011-12,1.23529,47.892857142857146
VT,201144,2011,10,2011-12,1.66756,47.892857142857146
VT,201145,2011,11,2011-12,1.29151,40.371428571428574
VT,201146,2011,11,2011-12,1.10277,40.371428571428574
VT,201147,2011,11,2011-12,2.11538,40.371428571428574
VT,201148,2011,11,2011-12,1.84139,40.371428571428574
VT,201149,2011,12,2011-12,1.60576,27.82857142857143
VT,201150,2011,12,2011-12,1.58254,27.82857142857143
VT,201151,2011,12,2011-12,2.23263,27.82857142857143
VT,201152,2011,12,2011-12,2.79251,27.82857142857143
VT,201201,2012,1,2011-12,2.18978,21.207142857142856
VT,201202,2012,1,2011-12,2.66864,21.207142857142856
VT,201203,2012,1,2011-12,2.09581,21.207142857142856
VT,201204,2012,1,2011-12,1.97239,21.207142857142856
VT,201205,2012,1,2011-12,1.82735,21.207142857142856
VT,201206,2012,2,2011-12,2.17941,25.407142857142855
VT,201207,2012,2,2011-12,1.73134,25.407142857142855
VT,201208,2012,2,2011-12,2.30133,25.407142857142855
VT,201209,2012,2,2011-12,1.99024,25.407142857142855
VT,201210,2012,3,2011-12,1.89179,38.621428571428574
VT,201211,2012,3,2011-12,2.68362,38.621428571428574
VT,201212,2012,3,2011-12,2.87338,38.621428571428574
VT,201213,2012,3,2011-12,3.0589,38.621428571428574
VT,201214,2012,4,2011-12,2.89421,42.81428571428571
VT,201215,2012,4,2011-12,2.58732,42.81428571428571
VT,201216,2012,4,2011-12,2.7515,42.81428571428571
VT,201217,2012,4,2011-12,2.55958,42.81428571428571
VT,201218,2012,4,2011-12,1.90194,42.81428571428571
VT,201219,2012,5,2011-12,2.09489,57.67142857142857
VT,201220,2012,5,2011-12,1.84697,57.67142857142857
VT,201221,2012,5,,1.97548,57.67142857142857
VT,201222,2012,5,,1.84758,57.67142857142857
VT,201223,2012,6,,1.65111,62.57857142857143
VT,201224,2012,6,,1.14796,62.57857142857143
VT,201225,2012,6,,1.31034,62.57857142857143
VT,201226,2012,6,,1.25698,62.57857142857143
VT,201227,2012,7,,1.11199,68.22857142857143
VT,201228,2012,7,,0.96401,68.22857142857143
VT,201229,2012,7,,1.14204,68.22857142857143
VT,201230,2012,7,,1.14094,68.22857142857143
VT,201231,2012,7,,1.08992,68.22857142857143
VT,201232,2012,8,,1.17647,67.43571428571428
VT,201233,2012,8,,1.44928,67.43571428571428
VT,201234,2012,8,,1.71674,67.43571428571428
VT,201235,2012,8,,1.16891,67.43571428571428
VT,201236,2012,9,,1.60668,57.40714285714286
VT,201237,2012,9,,1.24183,57.40714285714286
VT,201238,2012,9,,1.95707,57.40714285714286
VT,201239,2012,9,,1.69306,57.40714285714286
VT,201240,2012,9,2012-13,1.31105,57.40714285714286
VT,201241,2012,10,2012-13,1.24633,49.542857142857144
VT,201242,2012,10,2012-13,1.29636,49.542857142857144
VT,201243,2012,10,2012-13,1.09117,49.542857142857144
VT,201244,2012,10,2012-13,0.993861,49.542857142857144
VT,201245,2012,11,2012-13,1.03469,33.05
VT,201246,2012,11,2012-13,0.983021,33.05
VT,201247,2012,11,2012-13,1.13895,33.05
VT,201248,2012,11,2012-13,1.30719,33.05
VT,201249,2012,12,2012-13,1.30946,27.37142857142857
VT,201250,2012,12,2012-13,2.59634,27.37142857142857
VT,201251,2012,12,2012-13,3.46636,27.37142857142857
VT,201252,2012,12,2012-13,5.20878,27.37142857142857
VT,201301,2012,12,2012-13,4.49438,27.37142857142857
VT,201302,2013,1,2012-13,5.14139,18.599999999999998
VT,201303,2013,1,2012-13,5.1005,18.599999999999998
VT,201304,2013,1,2012-13,5.39638,18.599999999999998
VT,201305,2013,1,2012-13,5.94282,18.599999999999998
VT,201306,2013,2,2012-13,5.43727,21.321428571428573
VT,201307,2013,2,2012-13,5.07663,21.321428571428573
VT,201308,2013,2,2012-13,3.04601,21.321428571428573
VT,201309,2013,2,2012-13,3.56564,21.321428571428573
VT,201310,2013,3,2012-13,3.25477,29.521428571428572
VT,201311,2013,3,2012-13,2.13793,29.521428571428572
VT,201312,2013,3,2012-13,1.85185,29.521428571428572
VT,201313,2013,3,2012-13,2.69293,29.521428571428572
VT,201314,2013,3,2012-13,3.38673,29.521428571428572
VT,201315,2013,4,2012-13,3.79356,40.964285714285715
VT,201316,2013,4,2012-13,3.40541,40.964285714285715
VT,201317,2013,4,2012-13,2.08828,40.964285714285715
VT,201318,2013,4,2012-13,2.31701,40.964285714285715
VT,201319,2013,5,2012-13,1.75791,55.42142857142857
VT,201320,2013,5,2012-13,1.88383,55.42142857142857
VT,201321,2013,5,,2.23011,55.42142857142857
VT,201322,2013,5,,1.95599,55.42142857142857
VT,201323,2013,6,,2.14435,62.08571428571429
VT,201324,2013,6,,1.8797,62.08571428571429
VT,201325,2013,6,,1.17048,62.08571428571429
VT,201326,2013,6,,1.75038,62.08571428571429
VT,201327,2013,6,,1.27005,62.08571428571429
VT,201328,2013,7,,1.44175,69.77142857142857
VT,201329,2013,7,,1.15607,69.77142857142857
VT,201330,2013,7,,1.92308,69.77142857142857
VT,201331,2013,7,,1.46972,69.77142857142857
VT,201332,2013,8,,1.34977,64.28571428571429
VT,201333,2013,8,,1.71395,64.28571428571429
VT,201334,2013,8,,1.35922,64.28571428571429
VT,201335,2013,8,,2.2695,64.28571428571429
VT,201336,2013,9,,1.64722,56.67857142857143
VT,201337,2013,9,,1.67504,56.67857142857143
VT,201338,2013,9,,2.22482,56.67857142857143
VT,201339,2013,9,,3.54191,56.67857142857143
VT,201340,2013,9,2013-14,1.77116,56.67857142857143
VT,201341,2013,10,2013-14,1.84513,48.00714285714286
VT,201342,2013,10,2013-14,1.4652,48.00714285714286
VT,201343,2013,10,2013-14,1.56829,48.00714285714286
VT,201344,2013,10,2013-14,1.31212,48.00714285714286
VT,201345,2013,11,2013-14,1.86391,31.907142857142855
VT,201346,2013,11,2013-14,1.87949,31.907142857142855
VT,201347,2013,11,2013-14,1.89911,31.907142857142855
VT,201348,2013,11,2013-14,1.79453,31.907142857142855
VT,201349,2013,12,2013-14,2.4369,21.085714285714285
VT,201350,2013,12,2013-14,1.88046,21.085714285714285
VT,201351,2013,12,2013-14,3.07294,21.085714285714285
VT,201352,2013,12,2013-14,4.66445,21.085714285714285
VT,201401,2013,12,2013-14,4.38635,21.085714285714285
VT,201402,2014,1,2013-14,4.19244,14.65
VT,201403,2014,1,2013-14,3.0185,14.65
VT,201404,2014,1,2013-14,5.33255,14.65
VT,201405,2014,1,2013-14,4.62777,14.65
VT,201406,2014,2,2013-14,3.84845,16.6
VT,201407,2014,2,2013-14,3.48042,16.6
VT,201408,2014,2,2013-14,2.76364,16.6
VT,201409,2014,2,2013-14,3.46691,16.6
VT,201410,2014,3,2013-14,2.78364,18.650000000000002
VT,201411,2014,3,2013-14,2.98651,18.650000000000002
VT,201412,2014,3,2013-14,2.89179,18.650000000000002
VT,201413,2014,3,2013-14,2.69331,18.650000000000002
VT,201414,2014,3,2013-14,3.49026,18.650000000000002
VT,201415,2014,4,2013-14,3.26409,40.67142857142857
VT,201416,2014,4,2013-14,3.20042,40.67142857142857
VT,201417,2014,4,2013-14,2.16573,40.67142857142857
VT,201418,2014,4,2013-14,1.52156,40.67142857142857
VT,201419,2014,5,2013-14,1.57993,53.864285714285714
VT,201420,2014,5,2013-14,1.76152,53.864285714285714
VT,201421,2014,5,,2.01064,53.864285714285714
VT,201422,2014,5,,1.87919,53.864285714285714
VT,201423,2014,6,,2.30608,62.864285714285714
VT,201424,2014,6,,1.34328,62.864285714285714
VT,201425,2014,6,,1.73913,62.864285714285714
VT,201426,2014,6,,1.29252,62.864285714285714
VT,201427,2014,6,,1.59151,62.864285714285714
VT,201428,2014,7,,1.04322,66.69285714285715
VT,201429,2014,7,,2.26876,66.69285714285715
VT,201430,2014,7,,1.51954,66.69285714285715
VT,201431,2014,7,,1.85328,66.69285714285715
VT,201432,2014,8,,1.49589,63.68571428571429
VT,201433,2014,8,,1.9154,63.68571428571429
VT,201434,2014,8,,1.46951,63.68571428571429
VT,201435,2014,8,,1.12882,63.68571428571429
VT,201436,2014,8,,1.43198,63.68571428571429
VT,201437,2014,9,,1.88925,57.65714285714286
VT,201438,2014,9,,2.3622,57.65714285714286
VT,201439,2014,9,,1.77134,57.65714285714286
VT,201440,2014,9,2014-15,1.33929,57.65714285714286
VT,201441,2014,10,2014-15,1.06727,49.478571428571435
VT,201442,2014,10,2014-15,1.30826,49.478571428571435
VT,201443,2014,10,2014-15,1.06242,49.478571428571435
VT,201444,2014,10,2014-15,1.37312,49.478571428571435
VT,201445,2014,11,2014-15,1.1477,33.4
VT,201446,2014,11,2014-15,0.953576,33.4
VT,201447,2014,11,2014-15,1.24668,33.4
VT,201448,2014,11,2014-15,1.82879,33.4
VT,201449,2014,11,2014-15,1.62238,33.4
VT,201450,2014,12,2014-15,2.01527,26.907142857142855
VT,201451,2014,12,2014-15,2.18712,26.907142857142855
VT,201452,2014,12,2014-15,2.79379,26.907142857142855
VT,201453,2014,12,2014-15,5.03401,26.907142857142855
VT,201501,2015,1,2014-15,3.10345,12.142857142857142
VT,201502,2015,1,2014-15,3.9726,12.142857142857142
VT,201503,2015,1,2014-15,6.78543,12.142857142857142
VT,201504,2015,1,2014-15,5.62334,12.142857142857142
VT,201505,2015,2,2014-15,6.05428,5.257142857142857
VT,201506,2015,2,2014-15,5.58511,5.257142857142857
VT,201507,2015,2,2014-15,4.63245,5.257142857142857
VT,201508,2015,2,2014-15,3.44637,5.257142857142857
VT,201509,2015,3,2014-15,3.08229,22.342857142857145
VT,201510,2015,3,2014-15,2.20796,22.342857142857145
VT,201511,2015,3,2014-15,2.33352,22.342857142857145
VT,201512,2015,3,2014-15,2.14936,22.342857142857145
VT,201513,2015,3,2014-15,3.23268,22.342857142857145
VT,201514,2015,4,2014-15,2.5641,39.728571428571435
VT,201515,2015,4,2014-15,2.07156,39.728571428571435
VT,201516,2015,4,2014-15,1.33874,39.728571428571435
VT,201517,2015,4,2014-15,1.35542,39.728571428571435
VT,201518,2015,5,2014-15,1.4863,58.871428571428574
VT,201519,2015,5,2014-15,1.04167,58.871428571428574
VT,201520,2015,5,2014-15,0.881834,58.871428571428574
VT,201521,2015,5,,0.826446,58.871428571428574
VT,201522,2015,5,,0.810373,58.871428571428574
VT,201523,2015,6,,0.415512,60.135714285714286
VT,201524,2015,6,,0.157729,60.135714285714286
VT,201525,2015,6,,0.174216,60.135714285714286
VT,201526,2015,6,,0.37594,60.135714285714286
VT,201527,2015,7,,0.0,66.56428571428572
VT,201528,2015,7,,0.0,66.56428571428572
VT,201529,2015,7,,0.561272,66.56428571428572
VT,201530,2015,7,,0.686106,66.56428571428572
VT,201531,2015,8,,0.44603,66.84285714285714
VT,201532,2015,8,,0.57971,66.84285714285714
VT,201533,2015,8,,0.694444,66.84285714285714
VT,201534,2015,8,,0.776197,66.84285714285714
VT,201535,2015,8,,0.398406,66.84285714285714
VT,201536,2015,9,,0.616523,62.699999999999996
VT,201537,2015,9,,1.25945,62.699999999999996
VT,201538,2015,9,,0.701262,62.699999999999996
VT,201539,2015,9,,0.806452,62.699999999999996
VT,201540,2015,10,2015-16,0.222519,44.371428571428574
VT,201541,2015,10,2015-16,0.295334,44.371428571428574
VT,201542,2015,10,2015-16,0.486174,44.371428571428574
VT,201543,2015,10,2015-16,0.445633,44.371428571428574
VT,201544,2015,11,2015-16,0.891651,39.300000000000004
VT,201545,2015,11,2015-16,0.925926,39.300000000000004
VT,201546,2015,11,2015-16,0.764818,39.300000000000004
VT,201547,2015,11,2015-16,1.22599,39.300000000000004
VT,201548,2015,11,2015-16,1.30409,39.300000000000004
VT,201549,2015,12,2015-16,0.828984,35.221428571428575
VT,201550,2015,12,2015-16,1.29916,35.221428571428575
VT,201551,2015,12,2015-16,1.38272,35.221428571428575
VT,201552,2015,12,2015-16,1.93258,35.221428571428575
VT,201601,2016,1,2015-16,1.50082,20.82857142857143
VT,201602,2016,1,2015-16,1.35501,20.82857142857143
VT,201603,2016,1,2015-16,1.52561,20.82857142857143
VT,201604,2016,1,2015-16,1.80208,20.82857142857143
VT,201605,2016,1,2015-16,1.06446,20.82857142857143
VT,201606,2016,2,2015-16,1.7097,23.642857142857142
VT,201607,2016,2,2015-16,2.73022,23.642857142857142
VT,201608,2016,2,2015-16,1.53653,23.642857142857142
VT,201609,2016,2,2015-16,2.19161,23.642857142857142
VT,201610,2016,3,2015-16,2.58802,33.41428571428572
VT,201611,2016,3,2015-16,2.64741,33.41428571428572
VT,201612,2016,3,2015-16,2.20632,33.41428571428572
VT,201613,2016,3,2015-16,2.23059,33.41428571428572
VT,201614,2016,4,2015-16,2.23684,38.17857142857143
VT,201615,2016,4,2015-16,1.43455,38.17857142857143
VT,201616,2016,4,2015-16,1.58983,38.17857142857143
VT,201617,2016,4,2015-16,1.62272,38.17857142857143
VT,201618,2016,5,2015-16,1.03704,54.285714285714285
VT,201619,2016,5,2015-16,0.928594,54.285714285714285
VT,201620,2016,5,2015-16,0.572005,54.285714285714285
VT,201621,2016,5,,1.12597,54.285714285714285
VT,201622,2016,5,,0.970874,54.285714285714285
VT,201623,2016,6,,0.499688,62.24285714285714
VT,201624,2016,6,,0.542169,62.24285714285714
VT,201625,2016,6,,0.454841,62.24285714285714
VT,201626,2016,6,,0.454545,62.24285714285714
VT,201627,2016,7,,0.469484,67.60714285714286
VT,201628,2016,7,,0.819062,67.60714285714286
VT,201629,2016,7,,0.759878,67.60714285714286
VT,201630,2016,7,,0.443459,67.60714285714286
VT,201631,2016,7,,1.05541,67.60714285714286
VT,201632,2016,8,,0.913838,67.85
VT,201633,2016,8,,0.531915,67.85
VT,201634,2016,8,,1.13208,67.85
VT,201635,2016,8,,1.44928,67.85
VT,201636,2016,9,,1.1734,60.214285714285715
VT,201637,2016,9,,1.69935,60.214285714285715
VT,201638,2016,9,,0.956284,60.214285714285715
VT,201639,2016,9,,1.81564,60.214285714285715
VT,201640,2016,10,2016-17,0.777202,47.800000000000004
VT,201641,2016,10,2016-17,0.848593,47.800000000000004
VT,201642,2016,10,2016-17,0.551315,47.800000000000004
VT,201643,2016,10,2016-17,0.377992,47.800000000000004
VT,201644,2016,10,2016-17,0.228102,47.800000000000004
VT,201645,2016,11,2016-17,0.209293,36.971428571428575
VT,201646,2016,11,2016-17,0.30843,36.971428571428575
VT,201647,2016,11,2016-17,0.500751,36.971428571428575
VT,201648,2016,11,2016-17,0.616861,36.971428571428575
VT,201649,2016,12,2016-17,0.401875,23.978571428571428
VT,201650,2016,12,2016-17,0.562852,23.978571428571428
VT,201651,2016,12,2016-17,0.958606,23.978571428571428
VT,201652,2016,12,2016-17,0.964957,23.978571428571428
VT,201701,2017,1,2016-17,0.976909,24.771428571428572
VT,201702,2017,1,2016-17,1.17499,24.771428571428572
VT,201703,2017,1,2016-17,1.1658,24.771428571428572
VT,201704,2017,1,2016-17,1.4435,24.771428571428572
VT,201705,2017,1,2016-17,1.91404,24.771428571428572
VT,201706,2017,2,2016-17,1.28205,25.485714285714288
VT,201707,2017,2,2016-17,1.07602,25.485714285714288
VT,201708,2017,2,2016-17,1.75254,25.485714285714288
VT,201709,2017,2,2016-17,1.80403,25.485714285714288
VT,201710,2017,3,2016-17,1.99492,23.37857142857143
VT,201711,2017,3,2016-17,1.61962,23.37857142857143
VT,201712,2017,3,2016-17,1.48831,23.37857142857143
VT,201713,2017,3,2016-17,1.42248,23.37857142857143
VT,201714,2017,4,2016-17,1.44538,45.292857142857144
VT,201715,2017,4,2016-17,1.49254,45.292857142857144
VT,201716,2017,4,2016-17,1.18421,45.292857142857144
VT,201717,2017,4,2016-17,0.815101,45.292857142857144
VT,201718,2017,4,2016-17,1.35617,45.292857142857144
VT,201719,2017,5,2016-17,0.645919,52.00714285714286
VT,201720,2017,5,2016-17,1.11111,52.00714285714286
VT,201721,2017,5,,0.521999,52.00714285714286
VT,201722,2017,5,,1.57546,52.00714285714286
VT,201723,2017,6,,1.2021,61.75714285714286
VT,201724,2017,6,,0.602864,61.75714285714286
VT,201725,2017,6,,0.673077,61.75714285714286
VT,201726,2017,6,,0.753296,61.75714285714286
VT,201727,2017,7,,0.855513,65.45714285714286
VT,201728,2017,7,,0.865052,65.45714285714286
VT,201729,2017,7,,0.792254,65.45714285714286
VT,201730,2017,7,,0.740741,65.45714285714286
VT,201731,2017,7,,0.8867,65.45714285714286
VT,201732,2017,8,,0.26738,63.58571428571429
VT,201733,2017,8,,0.717489,63.58571428571429
VT,201734,2017,8,,0.893655,63.58571428571429
VT,201735,2017,8,,1.02516,63.58571428571429
VT,201736,2017,9,,0.95511,61.07142857142857
VT,201737,2017,9,,0.773196,61.07142857142857
VT,201738,2017,9,,0.918197,61.07142857142857
VT,201739,2017,9,,0.561167,61.07142857142857
VT,201740,2017,10,2017-18,0.711427,53.300000000000004
VT,201741,2017,10,2017-18,0.617708,53.300000000000004
VT,201742,2017,10,2017-18,0.383275,53.300000000000004
VT,201743,2017,10,2017-18,0.630601,53.300000000000004
VT,201744,2017,10,2017-18,0.492091,53.300000000000004
VT,201745,2017,11,2017-18,0.580084,32.98571428571429
VT,201746,2017,11,2017-18,0.737265,32.98571428571429
VT,201747,2017,11,2017-18,1.10608,32.98571428571429
VT,201748,2017,11,2017-18,0.988749,32.98571428571429
VT,201749,2017,12,2017-18,1.02459,17.82857142857143
VT,201750,2017,12,2017-18,2.03443,17.82857142857143
VT,201751,2017,12,2017-18,1.00305,17.82857142857143
VT,201752,2017,12,2017-18,1.79671,17.82857142857143
VT,201801,2017,12,2017-18,2.67592,17.82857142857143
VT,201802,2018,1,2017-18,2.45739,16.464285714285715
VT,201803,2018,1,2017-18,3.25805,16.464285714285715
VT,201804,2018,1,2017-18,3.99306,16.464285714285715
VT,201805,2018,1,2017-18,4.5929,16.464285714285715
VT,201806,2018,2,2017-18,5.64516,25.52857142857143
VT,201807,2018,2,2017-18,4.47761,25.52857142857143
VT,201808,2018,2,2017-18,3.80984,25.52857142857143
VT,201809,2018,2,2017-18,3.82343,25.52857142857143
VT,201810,2018,3,2017-18,3.40605,28.164285714285715
VT,201811,2018,3,2017-18,2.28252,28.164285714285715
VT,201812,2018,3,2017-18,2.69513,28.164285714285715
VT,201813,2018,3,2017-18,2.98669,28.164285714285715
VT,201814,2018,4,2017-18,2.82365,36.2
VT,201815,2018,4,2017-18,2.33288,36.2
VT,201816,2018,4,2017-18,2.6087,36.2
VT,201817,2018,4,2017-18,2.59918,36.2
VT,201818,2018,4,2017-18,1.80563,36.2
VT,201819,2018,5,2017-18,1.84244,56.69285714285714
VT,201820,2018,5,2017-18,1.61491,56.69285714285714
VT,201821,2018,5,,1.11206,56.69285714285714
VT,201822,2018,5,,1.30261,56.69285714285714
VT,201823,2018,6,,2.0,60.371428571428574
VT,201824,2018,6,,1.57068,60.371428571428574
VT,201825,2018,6,,1.27551,60.371428571428574
VT,201826,2018,6,,1.67598,60.371428571428574
VT,201827,2018,7,,1.65138,69.55714285714285
VT,201828,2018,7,,1.1535,69.55714285714285
VT,201829,2018,7,,1.42857,69.55714285714285
VT,201830,2018,7,,1.1396,69.55714285714285
VT,201831,2018,7,,1.43541,69.55714285714285
VT,201832,2018,8,,1.64093,68.68571428571428
VT,201833,2018,8,,0.959024,68.68571428571428
VT,201834,2018,8,,1.46277,68.68571428571428
VT,201835,2018,8,,1.95258,68.68571428571428
VT,201836,2018,9,,2.50696,60.82142857142857
VT,201837,2018,9,,1.96629,60.82142857142857
VT,201838,2018,9,,1.4531,60.82142857142857
VT,201839,2018,9,,2.54351,60.82142857142857
VT,201840,2018,9,2018-19,1.06898,60.82142857142857
VT,201841,2018,10,2018-19,1.0993,44.57857142857143
VT,201842,2018,10,2018-19,1.12488,44.57857142857143
VT,201843,2018,10,2018-19,1.42456,44.57857142857143
VT,201844,2018,10,2018-19,1.16677,44.57857142857143
VT,201845,2018,11,2018-19,0.89695,29.99285714285714
VT,201846,2018,11,2018-19,1.13384,29.99285714285714
VT,201847,2018,11,2018-19,0.763151,29.99285714285714
VT,201848,2018,11,2018-19,0.93551,29.99285714285714
VT,201849,2018,12,2018-19,1.29148,22.82857142857143
VT,201850,2018,12,2018-19,2.08899,22.82857142857143
VT,201851,2018,12,2018-19,1.85324,22.82857142857143
VT,201852,2018,12,2018-19,3.19773,22.82857142857143
VT,201901,2018,12,2018-19,2.61241,22.82857142857143
VT,201902,2019,1,2018-19,3.36988,14.678571428571429
VT,201903,2019,1,2018-19,3.69641,14.678571428571429
VT,201904,2019,1,2018-19,4.26533,14.678571428571429
VT,201905,2019,1,2018-19,4.19684,14.678571428571429
VT,201906,2019,2,2018-19,3.10186,18.77857142857143
VT,201907,2019,2,2018-19,3.9679,18.77857142857143
VT,201908,2019,2,2018-19,3.7409,18.77857142857143
VT,201909,2019,2,2018-19,2.96093,18.77857142857143
VT,201910,2019,3,2018-19,3.15853,25.914285714285715
VT,201911,2019,3,2018-19,2.78866,25.914285714285715
VT,201912,2019,3,2018-19,3.19274,25.914285714285715
VT,201913,2019,3,2018-19,2.07367,25.914285714285715
VT,201914,2019,3,2018-19,2.14785,25.914285714285715
VT,201915,2019,4,2018-19,1.95526,41.25714285714286
VT,201916,2019,4,2018-19,1.62958,41.25714285714286
VT,201917,2019,4,2018-19,0.902778,41.25714285714286
VT,201918,2019,4,2018-19,0.930641,41.25714285714286
VT,201919,2019,5,2018-19,1.04722,50.90714285714286
VT,201920,2019,5,2018-19,1.08485,50.90714285714286
VT,201921,2019,5,,0.982511,50.90714285714286
VT,201922,2019,5,,0.987167,50.90714285714286
VT,201923,2019,6,,0.907835,60.800000000000004
VT,201924,2019,6,,0.989899,60.800000000000004
VT,201925,2019,6,,0.823293,60.800000000000004
VT,201926,2019,6,,0.510304,60.800000000000004
VT,201927,2019,6,,0.65803,60.800000000000004
VT,201928,2019,7,,0.523455,69.23571428571428
VT,201929,2019,7,,0.429097,69.23571428571428
VT,201930,2019,7,,0.556128,69.23571428571428
VT,201931,2019,7,,0.766363,69.23571428571428
VT,201932,2019,8,,0.396563,64.82142857142857
VT,201933,2019,8,,0.348985,64.82142857142857
VT,201934,2019,8,,0.499334,64.82142857142857
VT,201935,2019,8,,0.431433,64.82142857142857
VT,201936,2019,9,,0.621311,56.99285714285714
VT,201937,2019,9,,0.522916,56.99285714285714
VT,201938,2019,9,,0.795522,56.99285714285714
VT,201939,2019,9,,0.893655,56.99285714285714
VT,201940,2019,9,2019-20,0.867052,56.99285714285714
VT,201941,2019,10,2019-20,0.65842,47.457142857142856
VT,201942,2019,10,2019-20,1.03608,47.457142857142856
VT,201943,2019,10,2019-20,0.871755,47.457142857142856
VT,201944,2019,10,2019-20,0.955005,47.457142857142856
VT,201945,2019,11,2019-20,1.18386,29.292857142857144
VT,201946,2019,11,2019-20,1.12664,29.292857142857144
VT,201947,2019,11,2019-20,0.872211,29.292857142857144
VT,201948,2019,11,2019-20,1.37931,29.292857142857144
VT,201949,2019,12,2019-20,1.31819,23.435714285714287
VT,201950,2019,12,2019-20,1.54067,23.435714285714287
VT,201951,2019,12,2019-20,2.02293,23.435714285714287
VT,201952,2019,12,2019-20,2.67696,23.435714285714287
VT,202001,2019,12,2019-20,2.29962,23.435714285714287
VT,202002,2020,1,2019-20,2.14477,23.292857142857144
VT,202003,2020,1,2019-20,2.73859,23.292857142857144
VT,202004,2020,1,2019-20,3.34334,23.292857142857144
VT,202005,2020,1,2019-20,5.40744,23.292857142857144
VT,202006,2020,2,2019-20,5.22403,22.214285714285715
VT,202007,2020,2,2019-20,5.07813,22.214285714285715
VT,202008,2020,2,2019-20,4.29665,22.214285714285715
VT,202009,2020,2,2019-20,3.85285,22.214285714285715
VT,202010,2020,3,2019-20,3.89315,33.114285714285714
VT,202011,2020,3,2019-20,4.28068,33.114285714285714
VT,202012,2020,3,2019-20,4.81125,33.114285714285714
VT,202013,2020,3,2019-20,4.79233,33.114285714285714
VT,202014,2020,3,2019-20,4.24045,33.114285714285714
VT,202015,2020,4,2019-20,2.64011,38.92142857142857
VT,202016,2020,4,2019-20,1.97269,38.92142857142857
VT,202017,2020,4,2019-20,1.01095,38.92142857142857
VT,202018,2020,4,2019-20,1.44578,38.92142857142857
VT,202019,2020,5,2019-20,1.26404,52.878571428571426
VT,202020,2020,5,2019-20,1.4789,52.878571428571426
VT,202021,2020,5,,0.908403,52.878571428571426
VT,202022,2020,5,,0.393983,52.878571428571426
VT,202023,2020,5,,0.795455,52.878571428571426
VT,202024,2020,6,,0.623269,63.06428571428571
VT,202025,2020,6,,0.366667,63.06428571428571
VT,202026,2020,6,,0.686275,63.06428571428571
VT,202027,2020,6,,0.762829,63.06428571428571
VT,202028,2020,7,,0.553506,71.1
VT,202029,2020,7,,0.648148,71.1
VT,202030,2020,7,,0.62637,71.1
VT,202031,2020,7,,0.637136,71.1
VT,202032,2020,8,,0.767342,65.45
VT,202033,2020,8,,0.633675,65.45
VT,202034,2020,8,,0.785261,65.45
VT,202035,2020,8,,0.627549,65.45
VT,202036,2020,8,,0.679392,65.45
VT,202037,2020,9,,0.613893,57.26428571428572
VT,202038,2020,9,,0.595798,57.26428571428572
VT,202039,2020,9,,0.597907,57.26428571428572
VT,202040,2020,9,2020-21,0.819441,57.26428571428572
VT,202041,2020,10,2020-21,0.770952,46.471428571428575
VT,202042,2020,10,2020-21,0.746454,46.471428571428575
VT,202043,2020,10,2020-21,1.02891,46.471428571428575
VT,202044,2020,10,2020-21,0.860633,46.471428571428575
VT,202045,2020,11,2020-21,1.42379,38.19285714285714
VT,202046,2020,11,2020-21,1.2008,38.19285714285714
VT,202047,2020,11,2020-21,1.5507,38.19285714285714
VT,202048,2020,11,2020-21,1.40845,38.19285714285714
VT,202049,2020,11,2020-21,0.698174,38.19285714285714
VT,202050,2020,12,2020-21,0.586601,27.47142857142857
VT,202051,2020,12,2020-21,1.14555,27.47142857142857
VT,202052,2020,12,2020-21,0.912548,27.47142857142857
VT,202053,2020,12,2020-21,1.12743,27.47142857142857
VT,202101,2021,1,2020-21,0.904977,20.464285714285715
VT,202102,2021,1,2020-21,0.683371,20.464285714285715
VT,202103,2021,1,2020-21,0.541057,20.464285714285715
VT,202104,2021,1,2020-21,0.729927,20.464285714285715
VT,202105,2021,1,2020-21,0.733578,20.464285714285715
VT,202106,2021,2,2020-21,0.633641,18.72142857142857
VT,202107,2021,2,2020-21,0.506706,18.72142857142857
VT,202108,2021,2,2020-21,0.470173,18.72142857142857
VT,202109,2021,2,2020-21,0.522552,18.72142857142857
VT,202110,2021,3,2020-21,0.600209,31.057142857142857
VT,202111,2021,3,2020-21,0.354052,31.057142857142857
VT,202112,2021,3,2020-21,0.453212,31.057142857142857
VT,202113,2021,3,2020-21,0.488732,31.057142857142857
VT,202114,2021,4,2020-21,0.452489,43.464285714285715
VT,202115,2021,4,2020-21,0.61745,43.464285714285715
VT,202116,2021,4,2020-21,0.339071,43.464285714285715
VT,202117,2021,4,2020-21,0.552486,43.464285714285715
VT,202118,2021,5,2020-21,0.634196,53.621428571428574
VT,202119,2021,5,2020-21,0.537634,53.621428571428574
VT,202120,2021,5,2020-21,0.414634,53.621428571428574
VT,202121,2021,5,,0.493675,53.621428571428574
VT,202122,2021,5,,0.655022,53.621428571428574
VT,202123,2021,6,,0.501253,65.74285714285715
VT,202124,2021,6,,0.753405,65.74285714285715
VT,202125,2021,6,,0.660611,65.74285714285715
VT,202126,2021,6,,0.520833,65.74285714285715
VT,202127,2021,7,,0.695187,65.09285714285714
VT,202128,2021,7,,0.687104,65.09285714285714
VT,202129,2021,7,,0.672405,65.09285714285714
VT,202130,2021,7,,0.815439,65.09285714285714
VT,202131,2021,8,,1.02721,69.17857142857143
VT,202132,2021,8,,1.18627,69.17857142857143
VT,202133,2021,8,,0.970649,69.17857142857143
VT,202134,2021,8,,1.4065,69.17857142857143
VT,202135,2021,8,,0.725275,69.17857142857143
VT,202136,2021,9,,1.1486,59.73571428571429
VT,202137,2021,9,,1.09709,59.73571428571429
VT,202138,2021,9,,1.01498,59.73571428571429
VT,202139,2021,9,,0.879567,59.73571428571429
VT,202140,2021,10,2021-22,1.12666,51.75
VT,202141,2021,10,2021-22,0.946548,51.75
VT,202142,2021,10,2021-22,0.930321,51.75
VT,202143,2021,10,2021-22,0.9328,51.75
VT,202144,2021,10,2021-22,1.03306,51.75
VT,202145,2021,11,2021-22,1.2418,34.48571428571429
VT,202146,2021,11,2021-22,1.28423,34.48571428571429
VT,202147,2021,11,2021-22,1.20797,34.48571428571429
VT,202148,2021,11,2021-22,1.15473,34.48571428571429
VT,202149,2021,12,2021-22,1.34271,28.214285714285715
VT,202150,2021,12,2021-22,1.26664,28.214285714285715
VT,202151,2021,12,2021-22,1.40812,28.214285714285715
VT,202152,2021,12,2021-22,1.25677,28.214285714285715
VT,202201,2022,1,2021-22,1.58573,11.507142857142856
VT,202202,2022,1,2021-22,1.13636,11.507142857142856
VT,202203,2022,1,2021-22,0.720721,11.507142857142856
VT,202204,2022,1,2021-22,0.841424,11.507142857142856
VT,202205,2022,1,2021-22,0.765306,11.507142857142856
VT,202206,2022,2,2021-22,0.534474,20.771428571428572
VT,202207,2022,2,2021-22,0.408816,20.771428571428572
VT,202208,2022,2,2021-22,0.480171,20.771428571428572
VT,202209,2022,2,2021-22,0.504414,20.771428571428572
VT,202210,2022,3,2021-22,0.618789,30.792857142857144
VT,202211,2022,3,2021-22,0.598151,30.792857142857144
VT,202212,2022,3,2021-22,0.73554,30.792857142857144
VT,202213,2022,3,2021-22,0.628117,30.792857142857144
VT,202214,2022,4,2021-22,1.36054,41.49285714285714
VT,202215,2022,4,2021-22,1.31839,41.49285714285714
VT,202216,2022,4,2021-22,0.972222,41.49285714285714
VT,202217,2022,4,2021-22,0.673043,41.49285714285714
VT,202218,2022,5,2021-22,0.819818,57.15
VT,202219,2022,5,2021-22,0.680404,57.15
VT,202220,2022,5,2021-22,0.711188,57.15
VT,202221,2022,5,,0.450938,57.15
VT,202222,2022,5,,0.520021,57.15
VT,202223,2022,6,,0.656261,61.707142857142856
VT,202224,2022,6,,0.750469,61.707142857142856
VT,202225,2022,6,,0.494673,61.707142857142856
VT,202226,2022,6,,0.409696,61.707142857142856
VT,202227,2022,7,,0.370175,67.66428571428573
VT,202228,2022,7,,0.266223,67.66428571428573
VT,202229,2022,7,,0.433553,67.66428571428573
VT,202230,2022,7,,0.310138,67.66428571428573
VT,202231,2022,7,,0.409437,67.66428571428573
VT,202232,2022,8,,0.27482,68.55
VT,202233,2022,8,,0.497678,68.55
VT,202234,2022,8,,0.524679,68.55
VT,202235,2022,8,,0.47384,68.55
VT,202236,2022,9,,0.503119,58.028571428571425
VT,202237,2022,9,,0.684411,58.028571428571425
VT,202238,2022,9,,0.786132,58.028571428571425
VT,202239,2022,9,,0.860861,58.028571428571425
VT,202240,2022,10,2022-23,0.876897,48.221428571428575
VT,202241,2022,10,2022-23,0.52279,48.221428571428575
VT,202242,2022,10,2022-23,0.823913,48.221428571428575
VT,202243,2022,10,2022-23,1.08007,48.221428571428575
VT,202244,2022,10,2022-23,1.15859,48.221428571428575
VT,202245,2022,11,2022-23,1.58263,38.714285714285715
VT,202246,2022,11,2022-23,1.29083,38.714285714285715
VT,202247,2022,11,2022-23,2.21533,38.714285714285715
VT,202248,2022,11,2022-23,2.62866,38.714285714285715
VT,202249,2022,12,2022-23,4.30243,27.442857142857143
VT,202250,2022,12,2022-23,4.54803,27.442857142857143
VT,202251,2022,12,2022-23,7.35488,27.442857142857143
VT,202252,2022,12,2022-23,3.47796,27.442857142857143
VT,202301,2023,1,2022-23,2.43452,27.071428571428573
VT,202302,2023,1,2022-23,1.38462,27.071428571428573
VT,202303,2023,1,2022-23,0.825611,27.071428571428573
VT,202304,2023,1,2022-23,0.796675,27.071428571428573
VT,202305,2023,1,2022-23,0.632794,27.071428571428573
VT,202306,2023,2,2022-23,0.785615,22.728571428571428
VT,202307,2023,2,2022-23,0.699056,22.728571428571428
VT,202308,2023,2,2022-23,0.814089,22.728571428571428
VT,202309,2023,2,2022-23,0.780966,22.728571428571428
VT,202310,2023,3,2022-23,0.562984,30.264285714285712
VT,202311,2023,3,2022-23,0.587479,30.264285714285712
VT,202312,2023,3,2022-23,0.739437,30.264285714285712
VT,202313,2023,3,2022-23,0.654288,30.264285714285712
VT,202314,2023,4,2022-23,0.595991,45.292857142857144
VT,202315,2023,4,2022-23,0.522149,45.292857142857144
VT,202316,2023,4,2022-23,0.414007,45.292857142857144
VT,202317,2023,4,2022-23,0.55991,45.292857142857144
VT,202318,2023,4,2022-23,0.443498,45.292857142857144
VT,202319,2023,5,2022-23,0.510025,52.00714285714286
VT,202320,2023,5,2022-23,0.462304,52.00714285714286
VT,202321,2023,5,,0.363951,52.00714285714286
VT,202322,2023,5,,0.378137,52.00714285714286
VT,202323,2023,6,,0.294883,61.93571428571429
VT,202324,2023,6,,0.37024,61.93571428571429
VT,202325,2023,6,,0.469974,61.93571428571429
VT,202326,2023,6,,0.332336,61.93571428571429
VT,202327,2023,7,,0.384763,69.78571428571429
VT,202328,2023,7,,0.398482,69.78571428571429
VT,202329,2023,7,,0.46225,69.78571428571429
VT,202330,2023,7,,0.285551,69.78571428571429
VT,202331,2023,7,,0.315457,69.78571428571429
VT,202332,2023,8,,0.322764,64.16428571428571
VT,202333,2023,8,,0.436102,64.16428571428571
VT,202334,2023,8,,0.308345,64.16428571428571
VT,202335,2023,8,,0.211376,64.16428571428571
VT,202336,2023,9,,0.516224,61.19285714285714
VT,202337,2023,9,,0.173377,61.19285714285714
VT,202338,2023,9,,0.538358,61.19285714285714
VT,202339,2023,9,,0.663027,61.19285714285714
VT,202340,2023,10,2023-24,0.597882,51.82857142857143
VT,202341,2023,10,2023-24,0.633009,51.82857142857143
VT,202342,2023,10,2023-24,0.858034,51.82857142857143
VT,202343,2023,10,2023-24,0.748013,51.82857142857143
VT,202344,2023,10,2023-24,0.762979,51.82857142857143
VT,202345,2023,11,2023-24,1.04199,33.08571428571428
VT,202346,2023,11,2023-24,0.938815,33.08571428571428
VT,202347,2023,11,2023-24,1.07488,33.08571428571428
VT,202348,2023,11,2023-24,1.17691,33.08571428571428
VT,202349,2023,12,2023-24,1.33854,31.11428571428571
VT,202350,2023,12,2023-24,1.12691,31.11428571428571
VT,202351,2023,12,2023-24,1.35135,31.11428571428571
VT,202352,2023,12,2023-24,1.97078,31.11428571428571
VT,202401,2023,12,2023-24,1.56201,31.11428571428571
VT,202402,2024,1,2023-24,1.63062,23.42142857142857
VT,202403,2024,1,2023-24,1.30976,23.42142857142857
VT,202404,2024,1,2023-24,1.16005,23.42142857142857
VT,202405,2024,1,2023-24,2.14672,23.42142857142857
VT,202406,2024,2,2023-24,1.45849,26.692857142857143
VT,202407,2024,2,2023-24,1.09115,26.692857142857143
VT,202408,2024,2,2023-24,1.05093,26.692857142857143
VT,202409,2024,2,2023-24,1.61998,26.692857142857143
VT,202410,2024,3,2023-24,1.29976,33.971428571428575
VT,202411,2024,3,2023-24,0.846453,33.971428571428575
VT,202412,2024,3,2023-24,0.79094,33.971428571428575
VT,202413,2024,3,2023-24,0.769625,33.971428571428575
VT,202414,2024,3,2023-24,0.822785,33.971428571428575
VT,202415,2024,4,2023-24,0.760658,42.542857142857144
VT,202416,2024,4,2023-24,0.976631,42.542857142857144
VT,202417,2024,4,2023-24,0.603622,42.542857142857144
VT,202418,2024,4,2023-24,0.54326,42.542857142857144
VT,202419,2024,5,2023-24,0.388624,57.964285714285715
VT,202420,2024,5,2023-24,0.511735,57.964285714285715
VT,202421,2024,5,,0.429114,57.964285714285715
VT,202422,2024,5,,0.399135,57.964285714285715
VT,202423,2024,6,,0.254151,65.03571428571429
VT,202424,2024,6,,0.379441,65.03571428571429
VT,202425,2024,6,,0.277949,65.03571428571429
VT,202426,2024,6,,0.322887,65.03571428571429
VT,202427,2024,6,,0.547383,65.03571428571429
VT,202428,2024,7,,0.408965,70.73571428571428
VT,202429,2024,7,,0.217173,70.73571428571428
VT,202430,2024,7,,0.319973,70.73571428571428
VT,202431,2024,7,,0.244658,70.73571428571428
VT,202432,2024,8,,0.33428,65.94285714285714
VT,202433,2024,8,,0.36208,65.94285714285714
VT,202434,2024,8,,0.282158,65.94285714285714
VT,202435,2024,8,,0.341297,65.94285714285714
VT,202436,2024,9,,0.433406,60.371428571428574
VT,202437,2024,9,,0.445692,60.371428571428574
VT,202438,2024,9,,0.568269,60.371428571428574
VT,202439,2024,9,,0.575264,60.371428571428574
VT,202440,2024,9,2024-25,0.721569,60.371428571428574
VT,202441,2024,10,2024-25,0.569383,48.4
VT,202442,2024,10,2024-25,0.919336,48.4
VT,202443,2024,10,2024-25,0.903955,48.4
VT,202444,2024,10,2024-25,0.950192,48.4
VT,202445,2024,11,2024-25,0.97189,38.68571428571429
VT,202446,2024,11,2024-25,0.930871,38.68571428571429
VT,202447,2024,11,2024-25,0.928695,38.68571428571429
VT,202448,2024,11,2024-25,0.819978,38.68571428571429
VT,202449,2024,12,2024-25,0.794165,23.714285714285715
VT,202450,2024,12,2024-25,0.79096,23.714285714285715
VT,202451,2024,12,2024-25,1.19459,23.714285714285715
VT,202452,2024,12,2024-25,1.72295,23.714285714285715
VT,202501,2024,12,2024-25,1.77497,23.714285714285715
VT,202502,2025,1,2024-25,1.83312,16.978571428571428
VT,202503,2025,1,2024-25,2.66883,16.978571428571428
VT,202504,2025,1,2024-25,4.20814,16.978571428571428
VT,202505,2025,1,2024-25,5.13005,16.978571428571428
VT,202506,2025,2,2024-25,4.55405,17.807142857142857
VT,202507,2025,2,2024-25,5.20213,17.807142857142857
VT,202508,2025,2,2024-25,4.13464,17.807142857142857
VT,202509,2025,2,2024-25,2.70487,17.807142857142857
VT,202510,2025,3,2024-25,2.74642,33.48571428571429
VT,202511,2025,3,2024-25,2.26532,33.48571428571429
VT,202512,2025,3,2024-25,2.28708,33.48571428571429
VT,202513,2025,3,2024-25,2.27948,33.48571428571429
VT,202514,2025,3,2024-25,2.12055,33.48571428571429
VT,202515,2025,4,2024-25,1.98821,42.68571428571429
VT,202516,2025,4,2024-25,1.71382,42.68571428571429
VT,202517,2025,4,2024-25,1.49077,42.68571428571429
VT,202518,2025,4,2024-25,1.48936,42.68571428571429
VT,202519,2025,5,2024-25,1.82506,54.15
VT,202520,2025,5,2024-25,1.32907,54.15
VT,202521,2025,5,,1.10421,54.15
VT,202522,2025,5,,1.05947,54.15
VT,202523,2025,6,,0.834834,64.62142857142858
VT,202524,2025,6,,1.11205,64.62142857142858
VT,202525,2025,6,,0.933152,64.62142857142858
VT,202526,2025,6,,0.870565,64.62142857142858
VT,202527,2025,6,,0.806885,64.62142857142858
VT,202528,2025,7,,0.721412,69.63571428571429
VT,202529,2025,7,,0.843355,69.63571428571429
VT,202530,2025,7,,0.560897,69.63571428571429
VT,202531,2025,7,,0.882786,69.63571428571429
VT,202532,2025,8,,0.569661,64.82857142857142
VT,202533,2025,8,,0.600942,64.82857142857142
VT,202534,2025,8,,0.644096,64.82857142857142
VT,202535,2025,8,,0.66429,64.82857142857142
VT,202536,2025,8,,0.809516,64.82857142857142
VT,202537,2025,9,,1.00063,59.35
VT,202538,2025,9,,0.880853,59.35
VT,202539,2025,9,,1.19976,59.35
VT,202540,2025,9,2025-26,1.1409,59.35
VT,202541,2025,10,2025-26,0.916546,48.4
VT,202542,2025,10,2025-26,1.11874,48.4
VT,202543,2025,10,2025-26,0.947499,48.4
VT,202544,2025,10,2025-26,1.27071,48.4
VT,202545,2025,11,2025-26,1.25241,33.67142857142857
VT,202546,2025,11,2025-26,1.2207,33.67142857142857
VT,202547,2025,11,2025-26,1.40061,33.67142857142857
VT,202548,2025,11,2025-26,1.17091,33.67142857142857
VT,202549,2025,11,2025-26,1.4114,33.67142857142857
VT,202550,2025,12,2025-26,1.58382,18.67142857142857
VT,202551,2025,12,2025-26,1.99095,18.67142857142857
VT,202552,2025,12,2025-26,2.57703,18.67142857142857
VT,202553,2025,12,2025-26,2.71116,18.67142857142857
VT,202601,2026,1,2025-26,2.11657,16.20714285714286
VT,202602,2026,1,2025-26,2.70605,16.20714285714286
VT,202603,2026,1,2025-26,2.79915,16.20714285714286
VT,202604,2026,1,2025-26,2.34023,16.20714285714286
VT,202605,2026,2,2025-26,2.35413,15.971428571428572
VT,202606,2026,2,2025-26,3.15248,15.971428571428572
VT,202607,2026,2,2025-26,3.33702,15.971428571428572
VT,202608,2026,2,2025-26,2.63336,15.971428571428572
VT,202609,2026,3,2025-26,2.41507,32.18571428571429
VT,202610,2026,3,2025-26,1.50285,32.18571428571429
VT,202611,2026,3,2025-26,1.76915,32.18571428571429
VT,202612,2026,3,2025-26,1.46604,32.18571428571429
VT,202613,2026,3,2025-26,1.65236,32.18571428571429
VT,202614,2026,4,2025-26,1.96584,43.92142857142857
VT,202615,2026,4,2025-26,1.43014,43.92142857142857
VT,202616,2026,4,2025-26,1.24701,43.92142857142857
VT,202617,2026,4,2025-26,1.07687,43.92142857142857
VT,202618,2026,5,2025-26,0.919181,51.957142857142856
VT,202619,2026,5,2025-26,0.894109,51.957142857142856
VT,202620,2026,5,2025-26,1.06684,51.957142857142856
VT,202621,2026,5,,1.16969,51.957142857142856
VT,202622,2026,5,,0.933756,51.957142857142856
VT,202623,2026,6,,0.794439,63.800000000000004
VT,202624,2026,6,,0.813278,63.800000000000004
VT,202625,2026,6,,0.662361,63.800000000000004
VT,202626,2026,6,,0.74813,63.800000000000004
VT,202627,2026,7,,0.755627,67.95
VT,202628,2026,7,,0.755709,67.95
VT,202629,2026,7,,0.665529,67.95
VT,202630,2026,7,,0.68539,67.95
VT,202631,2026,8,,0.705149,66.33571428571429
VT,202632,2026,8,,0.706424,66.33571428571429
VT,202633,2026,8,,0.502594,66.33571428571429
VT,202634,2026,8,,0.499839,66.33571428571429
VT,202635,2026,8,,0.600801,66.33571428571429
VT,202636,2026,9,,0.906081,
VT,202637,2026,9,,0.979904,
