state,epiweek,year,month,season,disease,pct_ed_visits,monthly_mean_temp_f
CT,202239,2022,9,,covid,3.51,63.7
CT,202240,2022,10,2022-23,covid,3.43,52.5625
CT,202241,2022,10,2022-23,covid,3.26,52.5625
CT,202242,2022,10,2022-23,covid,3.06,52.5625
CT,202243,2022,10,2022-23,covid,2.84,52.5625
CT,202244,2022,10,2022-23,covid,2.67,52.5625
CT,202245,2022,11,2022-23,covid,2.52,45.3
CT,202246,2022,11,2022-23,covid,2.36,45.3
CT,202247,2022,11,2022-23,covid,2.35,45.3
CT,202248,2022,11,2022-23,covid,2.67,45.3
CT,202249,2022,12,2022-23,covid,3.04,33.6125
CT,202250,2022,12,2022-23,covid,3.45,33.6125
CT,202251,2022,12,2022-23,covid,3.91,33.6125
CT,202252,2022,12,2022-23,covid,4.63,33.6125
CT,202301,2023,1,2022-23,covid,4.94,37.2625
CT,202302,2023,1,2022-23,covid,4.67,37.2625
CT,202303,2023,1,2022-23,covid,3.9,37.2625
CT,202304,2023,1,2022-23,covid,3.22,37.2625
CT,202305,2023,1,2022-23,covid,2.76,37.2625
CT,202306,2023,2,2022-23,covid,2.45,33.7625
CT,202307,2023,2,2022-23,covid,2.12,33.7625
CT,202308,2023,2,2022-23,covid,1.87,33.7625
CT,202309,2023,2,2022-23,covid,1.57,33.7625
CT,202310,2023,3,2022-23,covid,1.32,38.9625
CT,202311,2023,3,2022-23,covid,1.09,38.9625
CT,202312,2023,3,2022-23,covid,0.94,38.9625
CT,202313,2023,3,2022-23,covid,0.87,38.9625
CT,202314,2023,4,2022-23,covid,0.83,51.0625
CT,202315,2023,4,2022-23,covid,0.76,51.0625
CT,202316,2023,4,2022-23,covid,0.63,51.0625
CT,202317,2023,4,2022-23,covid,0.54,51.0625
CT,202318,2023,4,2022-23,covid,0.5,51.0625
CT,202319,2023,5,2022-23,covid,0.48,56.925
CT,202320,2023,5,2022-23,covid,0.46,56.925
CT,202321,2023,5,,covid,0.5,56.925
CT,202322,2023,5,,covid,0.52,56.925
CT,202323,2023,6,,covid,0.52,65.3875
CT,202324,2023,6,,covid,0.47,65.3875
CT,202325,2023,6,,covid,0.43,65.3875
CT,202326,2023,6,,covid,0.42,65.3875
CT,202327,2023,7,,covid,0.42,74.8
CT,202328,2023,7,,covid,0.42,74.8
CT,202329,2023,7,,covid,0.47,74.8
CT,202330,2023,7,,covid,0.58,74.8
CT,202331,2023,7,,covid,0.77,74.8
CT,202332,2023,8,,covid,1.03,69.5625
CT,202333,2023,8,,covid,1.29,69.5625
CT,202334,2023,8,,covid,1.53,69.5625
CT,202335,2023,8,,covid,1.75,69.5625
CT,202336,2023,9,,covid,2.03,65.175
CT,202337,2023,9,,covid,2.21,65.175
CT,202338,2023,9,,covid,2.34,65.175
CT,202339,2023,9,,covid,2.3,65.175
CT,202340,2023,10,2023-24,covid,2.2,56.1375
CT,202341,2023,10,2023-24,covid,1.94,56.1375
CT,202342,2023,10,2023-24,covid,1.7,56.1375
CT,202343,2023,10,2023-24,covid,1.56,56.1375
CT,202344,2023,10,2023-24,covid,1.52,56.1375
CT,202345,2023,11,2023-24,covid,1.56,39.7625
CT,202346,2023,11,2023-24,covid,1.6,39.7625
CT,202347,2023,11,2023-24,covid,1.83,39.7625
CT,202348,2023,11,2023-24,covid,2.11,39.7625
CT,202349,2023,12,2023-24,covid,2.33,38.625
CT,202350,2023,12,2023-24,covid,2.61,38.625
CT,202351,2023,12,2023-24,covid,3.07,38.625
CT,202352,2023,12,2023-24,covid,3.92,38.625
CT,202401,2023,12,2023-24,covid,4.43,38.625
CT,202402,2024,1,2023-24,covid,4.36,31.425
CT,202403,2024,1,2023-24,covid,3.71,31.425
CT,202404,2024,1,2023-24,covid,3.0,31.425
CT,202405,2024,1,2023-24,covid,2.54,31.425
CT,202406,2024,2,2023-24,covid,2.24,33.4625
CT,202407,2024,2,2023-24,covid,1.98,33.4625
CT,202408,2024,2,2023-24,covid,1.73,33.4625
CT,202409,2024,2,2023-24,covid,1.46,33.4625
CT,202410,2024,3,2023-24,covid,1.19,42.25
CT,202411,2024,3,2023-24,covid,0.93,42.25
CT,202412,2024,3,2023-24,covid,0.75,42.25
CT,202413,2024,3,2023-24,covid,0.62,42.25
CT,202414,2024,3,2023-24,covid,0.55,42.25
CT,202415,2024,4,2023-24,covid,0.49,48.2
CT,202416,2024,4,2023-24,covid,0.43,48.2
CT,202417,2024,4,2023-24,covid,0.39,48.2
CT,202418,2024,4,2023-24,covid,0.38,48.2
CT,202419,2024,5,2023-24,covid,0.38,60.8875
CT,202420,2024,5,2023-24,covid,0.42,60.8875
CT,202421,2024,5,,covid,0.44,60.8875
CT,202422,2024,5,,covid,0.53,60.8875
CT,202423,2024,6,,covid,0.56,69.75
CT,202424,2024,6,,covid,0.64,69.75
CT,202425,2024,6,,covid,0.71,69.75
CT,202426,2024,6,,covid,0.83,69.75
CT,202427,2024,6,,covid,1.01,69.75
CT,202428,2024,7,,covid,1.17,74.4125
CT,202429,2024,7,,covid,1.42,74.4125
CT,202430,2024,7,,covid,1.7,74.4125
CT,202431,2024,7,,covid,1.96,74.4125
CT,202432,2024,8,,covid,2.14,70.0875
CT,202433,2024,8,,covid,2.22,70.0875
CT,202434,2024,8,,covid,2.31,70.0875
CT,202435,2024,8,,covid,2.3,70.0875
CT,202436,2024,9,,covid,2.23,63.4625
CT,202437,2024,9,,covid,2.17,63.4625
CT,202438,2024,9,,covid,2.21,63.4625
CT,202439,2024,9,,covid,2.09,63.4625
CT,202440,2024,9,2024-25,covid,1.79,63.4625
CT,202441,2024,10,2024-25,covid,1.37,54.05
CT,202442,2024,10,2024-25,covid,1.13,54.05
CT,202443,2024,10,2024-25,covid,0.96,54.05
CT,202444,2024,10,2024-25,covid,0.88,54.05
CT,202445,2024,11,2024-25,covid,0.85,45.9375
CT,202446,2024,11,2024-25,covid,0.81,45.9375
CT,202447,2024,11,2024-25,covid,0.81,45.9375
CT,202448,2024,11,2024-25,covid,0.77,45.9375
CT,202449,2024,12,2024-25,covid,0.81,31.7875
CT,202450,2024,12,2024-25,covid,0.87,31.7875
CT,202451,2024,12,2024-25,covid,1.01,31.7875
CT,202452,2024,12,2024-25,covid,1.27,31.7875
CT,202501,2024,12,2024-25,covid,1.55,31.7875
CT,202502,2025,1,2024-25,covid,1.66,26.1875
CT,202503,2025,1,2024-25,covid,1.69,26.1875
CT,202504,2025,1,2024-25,covid,1.57,26.1875
CT,202505,2025,1,2024-25,covid,1.52,26.1875
CT,202506,2025,2,2024-25,covid,1.4,28.925
CT,202507,2025,2,2024-25,covid,1.29,28.925
CT,202508,2025,2,2024-25,covid,1.14,28.925
CT,202509,2025,2,2024-25,covid,0.92,28.925
CT,202510,2025,3,2024-25,covid,0.82,41.3375
CT,202511,2025,3,2024-25,covid,0.77,41.3375
CT,202512,2025,3,2024-25,covid,0.75,41.3375
CT,202513,2025,3,2024-25,covid,0.73,41.3375
CT,202514,2025,3,2024-25,covid,0.7,41.3375
CT,202515,2025,4,2024-25,covid,0.66,49.3625
CT,202516,2025,4,2024-25,covid,0.66,49.3625
CT,202517,2025,4,2024-25,covid,0.61,49.3625
CT,202518,2025,4,2024-25,covid,0.57,49.3625
CT,202519,2025,5,2024-25,covid,0.47,59.075
CT,202520,2025,5,2024-25,covid,0.42,59.075
CT,202521,2025,5,,covid,0.37,59.075
CT,202522,2025,5,,covid,0.37,59.075
CT,202523,2025,6,,covid,0.35,68.925
CT,202524,2025,6,,covid,0.36,68.925
CT,202525,2025,6,,covid,0.34,68.925
CT,202526,2025,6,,covid,0.32,68.925
CT,202527,2025,6,,covid,0.32,68.925
CT,202528,2025,7,,covid,0.34,75.1375
CT,202529,2025,7,,covid,0.39,75.1375
CT,202530,2025,7,,covid,0.42,75.1375
CT,202531,2025,7,,covid,0.49,75.1375
CT,202532,2025,8,,covid,0.59,68.5625
CT,202533,2025,8,,covid,0.71,68.5625
CT,202534,2025,8,,covid,0.81,68.5625
CT,202535,2025,8,,covid,0.92,68.5625
CT,202536,2025,8,,covid,1.1,68.5625
CT,202537,2025,9,,covid,1.27,64.3625
CT,202538,2025,9,,covid,1.4,64.3625
CT,202539,2025,9,,covid,1.29,64.3625
CT,202540,2025,9,2025-26,covid,1.09,64.3625
CT,202541,2025,10,2025-26,covid,0.8,53.3125
CT,202542,2025,10,2025-26,covid,0.63,53.3125
CT,202543,2025,10,2025-26,covid,0.48,53.3125
CT,202544,2025,10,2025-26,covid,0.42,53.3125
CT,202545,2025,11,2025-26,covid,0.39,40.9875
CT,202546,2025,11,2025-26,covid,0.41,40.9875
CT,202547,2025,11,2025-26,covid,0.43,40.9875
CT,202548,2025,11,2025-26,covid,0.52,40.9875
CT,202549,2025,11,2025-26,covid,0.61,40.9875
CT,202550,2025,12,2025-26,covid,0.75,28.8
CT,202551,2025,12,2025-26,covid,0.86,28.8
CT,202552,2025,12,2025-26,covid,1.01,28.8
CT,202553,2025,12,2025-26,covid,1.16,28.8
CT,202601,2026,1,2025-26,covid,1.2,24.6
CT,202602,2026,1,2025-26,covid,1.17,24.6
CT,202603,2026,1,2025-26,covid,1.02,24.6
CT,202604,2026,1,2025-26,covid,0.94,24.6
CT,202605,2026,2,2025-26,covid,0.84,24.8125
CT,202606,2026,2,2025-26,covid,0.83,24.8125
CT,202607,2026,2,2025-26,covid,0.82,24.8125
CT,202608,2026,2,2025-26,covid,0.76,24.8125
CT,202609,2026,3,2025-26,covid,0.65,39.875
CT,202610,2026,3,2025-26,covid,0.54,39.875
CT,202611,2026,3,2025-26,covid,0.52,39.875
CT,202612,2026,3,2025-26,covid,0.54,39.875
CT,202613,2026,3,2025-26,covid,0.54,39.875
CT,202614,2026,4,2025-26,covid,0.46,50.05
CT,202615,2026,4,2025-26,covid,0.37,50.05
CT,202616,2026,4,2025-26,covid,0.26,50.05
CT,202617,2026,4,2025-26,covid,0.21,50.05
CT,202618,2026,5,2025-26,covid,0.17,57.699999999999996
CT,202619,2026,5,2025-26,covid,0.15,57.699999999999996
CT,202620,2026,5,2025-26,covid,0.14,57.699999999999996
CT,202621,2026,5,,covid,0.13,57.699999999999996
CT,202622,2026,5,,covid,0.12,57.699999999999996
CT,202623,2026,6,,covid,0.1,68.275
CT,202624,2026,6,,covid,0.1,68.275
CT,202625,2026,6,,covid,0.1,68.275
CT,202626,2026,6,,covid,0.09,68.275
CT,202627,2026,7,,covid,0.1,72.275
CT,202628,2026,7,,covid,0.11,72.275
CT,202629,2026,7,,covid,0.14,72.275
CT,202630,2026,7,,covid,0.15,72.275
CT,202631,2026,8,,covid,0.16,71.675
CT,202632,2026,8,,covid,0.18,71.675
CT,202633,2026,8,,covid,0.21,71.675
CT,202634,2026,8,,covid,0.28,71.675
CT,202635,2026,8,,covid,0.34,71.675
CT,202636,2026,9,,covid,0.42,
CT,202239,2022,9,,influenza,0.07,63.7
CT,202240,2022,10,2022-23,influenza,0.12,52.5625
CT,202241,2022,10,2022-23,influenza,0.2,52.5625
CT,202242,2022,10,2022-23,influenza,0.33,52.5625
CT,202243,2022,10,2022-23,influenza,0.72,52.5625
CT,202244,2022,10,2022-23,influenza,1.47,52.5625
CT,202245,2022,11,2022-23,influenza,2.21,45.3
CT,202246,2022,11,2022-23,influenza,2.91,45.3
CT,202247,2022,11,2022-23,influenza,4.41,45.3
CT,202248,2022,11,2022-23,influenza,6.28,45.3
CT,202249,2022,12,2022-23,influenza,7.35,33.6125
CT,202250,2022,12,2022-23,influenza,6.96,33.6125
CT,202251,2022,12,2022-23,influenza,5.94,33.6125
CT,202252,2022,12,2022-23,influenza,4.74,33.6125
CT,202301,2023,1,2022-23,influenza,3.42,37.2625
CT,202302,2023,1,2022-23,influenza,2.04,37.2625
CT,202303,2023,1,2022-23,influenza,1.04,37.2625
CT,202304,2023,1,2022-23,influenza,0.5,37.2625
CT,202305,2023,1,2022-23,influenza,0.36,37.2625
CT,202306,2023,2,2022-23,influenza,0.28,33.7625
CT,202307,2023,2,2022-23,influenza,0.26,33.7625
CT,202308,2023,2,2022-23,influenza,0.23,33.7625
CT,202309,2023,2,2022-23,influenza,0.22,33.7625
CT,202310,2023,3,2022-23,influenza,0.21,38.9625
CT,202311,2023,3,2022-23,influenza,0.2,38.9625
CT,202312,2023,3,2022-23,influenza,0.19,38.9625
CT,202313,2023,3,2022-23,influenza,0.19,38.9625
CT,202314,2023,4,2022-23,influenza,0.21,51.0625
CT,202315,2023,4,2022-23,influenza,0.2,51.0625
CT,202316,2023,4,2022-23,influenza,0.17,51.0625
CT,202317,2023,4,2022-23,influenza,0.13,51.0625
CT,202318,2023,4,2022-23,influenza,0.13,51.0625
CT,202319,2023,5,2022-23,influenza,0.13,56.925
CT,202320,2023,5,2022-23,influenza,0.12,56.925
CT,202321,2023,5,,influenza,0.11,56.925
CT,202322,2023,5,,influenza,0.09,56.925
CT,202323,2023,6,,influenza,0.08,65.3875
CT,202324,2023,6,,influenza,0.07,65.3875
CT,202325,2023,6,,influenza,0.07,65.3875
CT,202326,2023,6,,influenza,0.07,65.3875
CT,202327,2023,7,,influenza,0.05,74.8
CT,202328,2023,7,,influenza,0.06,74.8
CT,202329,2023,7,,influenza,0.04,74.8
CT,202330,2023,7,,influenza,0.05,74.8
CT,202331,2023,7,,influenza,0.04,74.8
CT,202332,2023,8,,influenza,0.04,69.5625
CT,202333,2023,8,,influenza,0.04,69.5625
CT,202334,2023,8,,influenza,0.06,69.5625
CT,202335,2023,8,,influenza,0.08,69.5625
CT,202336,2023,9,,influenza,0.09,65.175
CT,202337,2023,9,,influenza,0.11,65.175
CT,202338,2023,9,,influenza,0.12,65.175
CT,202339,2023,9,,influenza,0.13,65.175
CT,202340,2023,10,2023-24,influenza,0.12,56.1375
CT,202341,2023,10,2023-24,influenza,0.11,56.1375
CT,202342,2023,10,2023-24,influenza,0.11,56.1375
CT,202343,2023,10,2023-24,influenza,0.13,56.1375
CT,202344,2023,10,2023-24,influenza,0.17,56.1375
CT,202345,2023,11,2023-24,influenza,0.22,39.7625
CT,202346,2023,11,2023-24,influenza,0.31,39.7625
CT,202347,2023,11,2023-24,influenza,0.47,39.7625
CT,202348,2023,11,2023-24,influenza,0.76,39.7625
CT,202349,2023,12,2023-24,influenza,1.0,38.625
CT,202350,2023,12,2023-24,influenza,1.33,38.625
CT,202351,2023,12,2023-24,influenza,1.81,38.625
CT,202352,2023,12,2023-24,influenza,2.59,38.625
CT,202401,2023,12,2023-24,influenza,2.83,38.625
CT,202402,2024,1,2023-24,influenza,2.76,31.425
CT,202403,2024,1,2023-24,influenza,2.29,31.425
CT,202404,2024,1,2023-24,influenza,2.23,31.425
CT,202405,2024,1,2023-24,influenza,2.2,31.425
CT,202406,2024,2,2023-24,influenza,2.26,33.4625
CT,202407,2024,2,2023-24,influenza,2.27,33.4625
CT,202408,2024,2,2023-24,influenza,2.37,33.4625
CT,202409,2024,2,2023-24,influenza,2.56,33.4625
CT,202410,2024,3,2023-24,influenza,2.55,42.25
CT,202411,2024,3,2023-24,influenza,2.3,42.25
CT,202412,2024,3,2023-24,influenza,1.84,42.25
CT,202413,2024,3,2023-24,influenza,1.6,42.25
CT,202414,2024,3,2023-24,influenza,1.47,42.25
CT,202415,2024,4,2023-24,influenza,1.33,48.2
CT,202416,2024,4,2023-24,influenza,1.07,48.2
CT,202417,2024,4,2023-24,influenza,0.84,48.2
CT,202418,2024,4,2023-24,influenza,0.66,48.2
CT,202419,2024,5,2023-24,influenza,0.53,60.8875
CT,202420,2024,5,2023-24,influenza,0.41,60.8875
CT,202421,2024,5,,influenza,0.29,60.8875
CT,202422,2024,5,,influenza,0.19,60.8875
CT,202423,2024,6,,influenza,0.12,69.75
CT,202424,2024,6,,influenza,0.09,69.75
CT,202425,2024,6,,influenza,0.07,69.75
CT,202426,2024,6,,influenza,0.07,69.75
CT,202427,2024,6,,influenza,0.05,69.75
CT,202428,2024,7,,influenza,0.05,74.4125
CT,202429,2024,7,,influenza,0.04,74.4125
CT,202430,2024,7,,influenza,0.04,74.4125
CT,202431,2024,7,,influenza,0.04,74.4125
CT,202432,2024,8,,influenza,0.04,70.0875
CT,202433,2024,8,,influenza,0.04,70.0875
CT,202434,2024,8,,influenza,0.03,70.0875
CT,202435,2024,8,,influenza,0.04,70.0875
CT,202436,2024,9,,influenza,0.04,63.4625
CT,202437,2024,9,,influenza,0.05,63.4625
CT,202438,2024,9,,influenza,0.05,63.4625
CT,202439,2024,9,,influenza,0.05,63.4625
CT,202440,2024,9,2024-25,influenza,0.07,63.4625
CT,202441,2024,10,2024-25,influenza,0.07,54.05
CT,202442,2024,10,2024-25,influenza,0.09,54.05
CT,202443,2024,10,2024-25,influenza,0.1,54.05
CT,202444,2024,10,2024-25,influenza,0.12,54.05
CT,202445,2024,11,2024-25,influenza,0.12,45.9375
CT,202446,2024,11,2024-25,influenza,0.12,45.9375
CT,202447,2024,11,2024-25,influenza,0.13,45.9375
CT,202448,2024,11,2024-25,influenza,0.17,45.9375
CT,202449,2024,12,2024-25,influenza,0.22,31.7875
CT,202450,2024,12,2024-25,influenza,0.38,31.7875
CT,202451,2024,12,2024-25,influenza,0.7,31.7875
CT,202452,2024,12,2024-25,influenza,1.51,31.7875
CT,202501,2024,12,2024-25,influenza,2.55,31.7875
CT,202502,2025,1,2024-25,influenza,3.38,26.1875
CT,202503,2025,1,2024-25,influenza,4.39,26.1875
CT,202504,2025,1,2024-25,influenza,5.7,26.1875
CT,202505,2025,1,2024-25,influenza,7.41,26.1875
CT,202506,2025,2,2024-25,influenza,8.47,28.925
CT,202507,2025,2,2024-25,influenza,8.47,28.925
CT,202508,2025,2,2024-25,influenza,7.58,28.925
CT,202509,2025,2,2024-25,influenza,6.03,28.925
CT,202510,2025,3,2024-25,influenza,4.78,41.3375
CT,202511,2025,3,2024-25,influenza,3.91,41.3375
CT,202512,2025,3,2024-25,influenza,3.34,41.3375
CT,202513,2025,3,2024-25,influenza,2.85,41.3375
CT,202514,2025,3,2024-25,influenza,2.43,41.3375
CT,202515,2025,4,2024-25,influenza,2.03,49.3625
CT,202516,2025,4,2024-25,influenza,1.62,49.3625
CT,202517,2025,4,2024-25,influenza,1.16,49.3625
CT,202518,2025,4,2024-25,influenza,0.78,49.3625
CT,202519,2025,5,2024-25,influenza,0.54,59.075
CT,202520,2025,5,2024-25,influenza,0.39,59.075
CT,202521,2025,5,,influenza,0.27,59.075
CT,202522,2025,5,,influenza,0.21,59.075
CT,202523,2025,6,,influenza,0.14,68.925
CT,202524,2025,6,,influenza,0.1,68.925
CT,202525,2025,6,,influenza,0.07,68.925
CT,202526,2025,6,,influenza,0.05,68.925
CT,202527,2025,6,,influenza,0.05,68.925
CT,202528,2025,7,,influenza,0.04,75.1375
CT,202529,2025,7,,influenza,0.04,75.1375
CT,202530,2025,7,,influenza,0.04,75.1375
CT,202531,2025,7,,influenza,0.04,75.1375
CT,202532,2025,8,,influenza,0.04,68.5625
CT,202533,2025,8,,influenza,0.04,68.5625
CT,202534,2025,8,,influenza,0.04,68.5625
CT,202535,2025,8,,influenza,0.04,68.5625
CT,202536,2025,8,,influenza,0.04,68.5625
CT,202537,2025,9,,influenza,0.05,64.3625
CT,202538,2025,9,,influenza,0.06,64.3625
CT,202539,2025,9,,influenza,0.08,64.3625
CT,202540,2025,9,2025-26,influenza,0.08,64.3625
CT,202541,2025,10,2025-26,influenza,0.07,53.3125
CT,202542,2025,10,2025-26,influenza,0.07,53.3125
CT,202543,2025,10,2025-26,influenza,0.08,53.3125
CT,202544,2025,10,2025-26,influenza,0.1,53.3125
CT,202545,2025,11,2025-26,influenza,0.15,40.9875
CT,202546,2025,11,2025-26,influenza,0.22,40.9875
CT,202547,2025,11,2025-26,influenza,0.46,40.9875
CT,202548,2025,11,2025-26,influenza,1.01,40.9875
CT,202549,2025,11,2025-26,influenza,1.86,40.9875
CT,202550,2025,12,2025-26,influenza,3.57,28.8
CT,202551,2025,12,2025-26,influenza,6.36,28.8
CT,202552,2025,12,2025-26,influenza,9.3,28.8
CT,202553,2025,12,2025-26,influenza,10.16,28.8
CT,202601,2026,1,2025-26,influenza,8.37,24.6
CT,202602,2026,1,2025-26,influenza,5.44,24.6
CT,202603,2026,1,2025-26,influenza,3.12,24.6
CT,202604,2026,1,2025-26,influenza,1.99,24.6
CT,202605,2026,2,2025-26,influenza,1.39,24.8125
CT,202606,2026,2,2025-26,influenza,1.34,24.8125
CT,202607,2026,2,2025-26,influenza,1.6,24.8125
CT,202608,2026,2,2025-26,influenza,1.8,24.8125
CT,202609,2026,3,2025-26,influenza,1.92,39.875
CT,202610,2026,3,2025-26,influenza,2.01,39.875
CT,202611,2026,3,2025-26,influenza,2.11,39.875
CT,202612,2026,3,2025-26,influenza,2.24,39.875
CT,202613,2026,3,2025-26,influenza,2.25,39.875
CT,202614,2026,4,2025-26,influenza,2.01,50.05
CT,202615,2026,4,2025-26,influenza,1.55,50.05
CT,202616,2026,4,2025-26,influenza,0.93,50.05
CT,202617,2026,4,2025-26,influenza,0.55,50.05
CT,202618,2026,5,2025-26,influenza,0.34,57.699999999999996
CT,202619,2026,5,2025-26,influenza,0.27,57.699999999999996
CT,202620,2026,5,2025-26,influenza,0.21,57.699999999999996
CT,202621,2026,5,,influenza,0.15,57.699999999999996
CT,202622,2026,5,,influenza,0.1,57.699999999999996
CT,202623,2026,6,,influenza,0.07,68.275
CT,202624,2026,6,,influenza,0.04,68.275
CT,202625,2026,6,,influenza,0.04,68.275
CT,202626,2026,6,,influenza,0.03,68.275
CT,202627,2026,7,,influenza,0.02,72.275
CT,202628,2026,7,,influenza,0.02,72.275
CT,202629,2026,7,,influenza,0.02,72.275
CT,202630,2026,7,,influenza,0.02,72.275
CT,202631,2026,8,,influenza,0.02,71.675
CT,202632,2026,8,,influenza,0.03,71.675
CT,202633,2026,8,,influenza,0.03,71.675
CT,202634,2026,8,,influenza,0.04,71.675
CT,202635,2026,8,,influenza,0.06,71.675
CT,202636,2026,9,,influenza,0.07,
CT,202239,2022,9,,rsv,0.15,63.7
CT,202240,2022,10,2022-23,rsv,0.22,52.5625
CT,202241,2022,10,2022-23,rsv,0.32,52.5625
CT,202242,2022,10,2022-23,rsv,0.44,52.5625
CT,202243,2022,10,2022-23,rsv,0.58,52.5625
CT,202244,2022,10,2022-23,rsv,0.73,52.5625
CT,202245,2022,11,2022-23,rsv,0.82,45.3
CT,202246,2022,11,2022-23,rsv,0.78,45.3
CT,202247,2022,11,2022-23,rsv,0.66,45.3
CT,202248,2022,11,2022-23,rsv,0.48,45.3
CT,202249,2022,12,2022-23,rsv,0.36,33.6125
CT,202250,2022,12,2022-23,rsv,0.26,33.6125
CT,202251,2022,12,2022-23,rsv,0.21,33.6125
CT,202252,2022,12,2022-23,rsv,0.16,33.6125
CT,202301,2023,1,2022-23,rsv,0.14,37.2625
CT,202302,2023,1,2022-23,rsv,0.11,37.2625
CT,202303,2023,1,2022-23,rsv,0.09,37.2625
CT,202304,2023,1,2022-23,rsv,0.07,37.2625
CT,202305,2023,1,2022-23,rsv,0.06,37.2625
CT,202306,2023,2,2022-23,rsv,0.05,33.7625
CT,202307,2023,2,2022-23,rsv,0.05,33.7625
CT,202308,2023,2,2022-23,rsv,0.04,33.7625
CT,202309,2023,2,2022-23,rsv,0.03,33.7625
CT,202310,2023,3,2022-23,rsv,0.03,38.9625
CT,202311,2023,3,2022-23,rsv,0.02,38.9625
CT,202312,2023,3,2022-23,rsv,0.02,38.9625
CT,202313,2023,3,2022-23,rsv,0.02,38.9625
CT,202314,2023,4,2022-23,rsv,0.02,51.0625
CT,202315,2023,4,2022-23,rsv,0.01,51.0625
CT,202316,2023,4,2022-23,rsv,0.01,51.0625
CT,202317,2023,4,2022-23,rsv,0.01,51.0625
CT,202318,2023,4,2022-23,rsv,0.01,51.0625
CT,202319,2023,5,2022-23,rsv,0.01,56.925
CT,202320,2023,5,2022-23,rsv,0.01,56.925
CT,202321,2023,5,,rsv,0.01,56.925
CT,202322,2023,5,,rsv,0.01,56.925
CT,202323,2023,6,,rsv,0.0,65.3875
CT,202324,2023,6,,rsv,0.0,65.3875
CT,202325,2023,6,,rsv,0.0,65.3875
CT,202326,2023,6,,rsv,0.01,65.3875
CT,202327,2023,7,,rsv,0.01,74.8
CT,202328,2023,7,,rsv,0.0,74.8
CT,202329,2023,7,,rsv,0.0,74.8
CT,202330,2023,7,,rsv,0.0,74.8
CT,202331,2023,7,,rsv,0.0,74.8
CT,202332,2023,8,,rsv,0.0,69.5625
CT,202333,2023,8,,rsv,0.0,69.5625
CT,202334,2023,8,,rsv,0.01,69.5625
CT,202335,2023,8,,rsv,0.01,69.5625
CT,202336,2023,9,,rsv,0.01,65.175
CT,202337,2023,9,,rsv,0.01,65.175
CT,202338,2023,9,,rsv,0.02,65.175
CT,202339,2023,9,,rsv,0.03,65.175
CT,202340,2023,10,2023-24,rsv,0.06,56.1375
CT,202341,2023,10,2023-24,rsv,0.08,56.1375
CT,202342,2023,10,2023-24,rsv,0.13,56.1375
CT,202343,2023,10,2023-24,rsv,0.19,56.1375
CT,202344,2023,10,2023-24,rsv,0.25,56.1375
CT,202345,2023,11,2023-24,rsv,0.35,39.7625
CT,202346,2023,11,2023-24,rsv,0.51,39.7625
CT,202347,2023,11,2023-24,rsv,0.7,39.7625
CT,202348,2023,11,2023-24,rsv,0.83,39.7625
CT,202349,2023,12,2023-24,rsv,0.85,38.625
CT,202350,2023,12,2023-24,rsv,0.81,38.625
CT,202351,2023,12,2023-24,rsv,0.77,38.625
CT,202352,2023,12,2023-24,rsv,0.75,38.625
CT,202401,2023,12,2023-24,rsv,0.67,38.625
CT,202402,2024,1,2023-24,rsv,0.53,31.425
CT,202403,2024,1,2023-24,rsv,0.37,31.425
CT,202404,2024,1,2023-24,rsv,0.21,31.425
CT,202405,2024,1,2023-24,rsv,0.16,31.425
CT,202406,2024,2,2023-24,rsv,0.13,33.4625
CT,202407,2024,2,2023-24,rsv,0.13,33.4625
CT,202408,2024,2,2023-24,rsv,0.1,33.4625
CT,202409,2024,2,2023-24,rsv,0.08,33.4625
CT,202410,2024,3,2023-24,rsv,0.05,42.25
CT,202411,2024,3,2023-24,rsv,0.04,42.25
CT,202412,2024,3,2023-24,rsv,0.03,42.25
CT,202413,2024,3,2023-24,rsv,0.02,42.25
CT,202414,2024,3,2023-24,rsv,0.02,42.25
CT,202415,2024,4,2023-24,rsv,0.02,48.2
CT,202416,2024,4,2023-24,rsv,0.01,48.2
CT,202417,2024,4,2023-24,rsv,0.01,48.2
CT,202418,2024,4,2023-24,rsv,0.01,48.2
CT,202419,2024,5,2023-24,rsv,0.01,60.8875
CT,202420,2024,5,2023-24,rsv,0.01,60.8875
CT,202421,2024,5,,rsv,0.0,60.8875
CT,202422,2024,5,,rsv,0.0,60.8875
CT,202423,2024,6,,rsv,0.0,69.75
CT,202424,2024,6,,rsv,0.0,69.75
CT,202425,2024,6,,rsv,0.0,69.75
CT,202426,2024,6,,rsv,0.0,69.75
CT,202427,2024,6,,rsv,0.0,69.75
CT,202428,2024,7,,rsv,0.0,74.4125
CT,202429,2024,7,,rsv,0.01,74.4125
CT,202430,2024,7,,rsv,0.01,74.4125
CT,202431,2024,7,,rsv,0.01,74.4125
CT,202432,2024,8,,rsv,0.01,70.0875
CT,202433,2024,8,,rsv,0.01,70.0875
CT,202434,2024,8,,rsv,0.01,70.0875
CT,202435,2024,8,,rsv,0.01,70.0875
CT,202436,2024,9,,rsv,0.01,63.4625
CT,202437,2024,9,,rsv,0.01,63.4625
CT,202438,2024,9,,rsv,0.01,63.4625
CT,202439,2024,9,,rsv,0.02,63.4625
CT,202440,2024,9,2024-25,rsv,0.02,63.4625
CT,202441,2024,10,2024-25,rsv,0.04,54.05
CT,202442,2024,10,2024-25,rsv,0.05,54.05
CT,202443,2024,10,2024-25,rsv,0.07,54.05
CT,202444,2024,10,2024-25,rsv,0.08,54.05
CT,202445,2024,11,2024-25,rsv,0.11,45.9375
CT,202446,2024,11,2024-25,rsv,0.14,45.9375
CT,202447,2024,11,2024-25,rsv,0.19,45.9375
CT,202448,2024,11,2024-25,rsv,0.27,45.9375
CT,202449,2024,12,2024-25,rsv,0.4,31.7875
CT,202450,2024,12,2024-25,rsv,0.59,31.7875
CT,202451,2024,12,2024-25,rsv,0.76,31.7875
CT,202452,2024,12,2024-25,rsv,0.92,31.7875
CT,202501,2024,12,2024-25,rsv,0.95,31.7875
CT,202502,2025,1,2024-25,rsv,0.89,26.1875
CT,202503,2025,1,2024-25,rsv,0.72,26.1875
CT,202504,2025,1,2024-25,rsv,0.55,26.1875
CT,202505,2025,1,2024-25,rsv,0.4,26.1875
CT,202506,2025,2,2024-25,rsv,0.33,28.925
CT,202507,2025,2,2024-25,rsv,0.26,28.925
CT,202508,2025,2,2024-25,rsv,0.21,28.925
CT,202509,2025,2,2024-25,rsv,0.17,28.925
CT,202510,2025,3,2024-25,rsv,0.14,41.3375
CT,202511,2025,3,2024-25,rsv,0.11,41.3375
CT,202512,2025,3,2024-25,rsv,0.1,41.3375
CT,202513,2025,3,2024-25,rsv,0.08,41.3375
CT,202514,2025,3,2024-25,rsv,0.08,41.3375
CT,202515,2025,4,2024-25,rsv,0.06,49.3625
CT,202516,2025,4,2024-25,rsv,0.06,49.3625
CT,202517,2025,4,2024-25,rsv,0.04,49.3625
CT,202518,2025,4,2024-25,rsv,0.04,49.3625
CT,202519,2025,5,2024-25,rsv,0.03,59.075
CT,202520,2025,5,2024-25,rsv,0.03,59.075
CT,202521,2025,5,,rsv,0.02,59.075
CT,202522,2025,5,,rsv,0.02,59.075
CT,202523,2025,6,,rsv,0.02,68.925
CT,202524,2025,6,,rsv,0.01,68.925
CT,202525,2025,6,,rsv,0.01,68.925
CT,202526,2025,6,,rsv,0.01,68.925
CT,202527,2025,6,,rsv,0.0,68.925
CT,202528,2025,7,,rsv,0.01,75.1375
CT,202529,2025,7,,rsv,0.01,75.1375
CT,202530,2025,7,,rsv,0.01,75.1375
CT,202531,2025,7,,rsv,0.0,75.1375
CT,202532,2025,8,,rsv,0.0,68.5625
CT,202533,2025,8,,rsv,0.0,68.5625
CT,202534,2025,8,,rsv,0.0,68.5625
CT,202535,2025,8,,rsv,0.01,68.5625
CT,202536,2025,8,,rsv,0.01,68.5625
CT,202537,2025,9,,rsv,0.01,64.3625
CT,202538,2025,9,,rsv,0.02,64.3625
CT,202539,2025,9,,rsv,0.01,64.3625
CT,202540,2025,9,2025-26,rsv,0.01,64.3625
CT,202541,2025,10,2025-26,rsv,0.01,53.3125
CT,202542,2025,10,2025-26,rsv,0.02,53.3125
CT,202543,2025,10,2025-26,rsv,0.02,53.3125
CT,202544,2025,10,2025-26,rsv,0.03,53.3125
CT,202545,2025,11,2025-26,rsv,0.02,40.9875
CT,202546,2025,11,2025-26,rsv,0.03,40.9875
CT,202547,2025,11,2025-26,rsv,0.04,40.9875
CT,202548,2025,11,2025-26,rsv,0.06,40.9875
CT,202549,2025,11,2025-26,rsv,0.09,40.9875
CT,202550,2025,12,2025-26,rsv,0.13,28.8
CT,202551,2025,12,2025-26,rsv,0.19,28.8
CT,202552,2025,12,2025-26,rsv,0.24,28.8
CT,202553,2025,12,2025-26,rsv,0.3,28.8
CT,202601,2026,1,2025-26,rsv,0.32,24.6
CT,202602,2026,1,2025-26,rsv,0.35,24.6
CT,202603,2026,1,2025-26,rsv,0.36,24.6
CT,202604,2026,1,2025-26,rsv,0.42,24.6
CT,202605,2026,2,2025-26,rsv,0.42,24.8125
CT,202606,2026,2,2025-26,rsv,0.5,24.8125
CT,202607,2026,2,2025-26,rsv,0.55,24.8125
CT,202608,2026,2,2025-26,rsv,0.61,24.8125
CT,202609,2026,3,2025-26,rsv,0.56,39.875
CT,202610,2026,3,2025-26,rsv,0.46,39.875
CT,202611,2026,3,2025-26,rsv,0.38,39.875
CT,202612,2026,3,2025-26,rsv,0.34,39.875
CT,202613,2026,3,2025-26,rsv,0.31,39.875
CT,202614,2026,4,2025-26,rsv,0.27,50.05
CT,202615,2026,4,2025-26,rsv,0.21,50.05
CT,202616,2026,4,2025-26,rsv,0.15,50.05
CT,202617,2026,4,2025-26,rsv,0.11,50.05
CT,202618,2026,5,2025-26,rsv,0.08,57.699999999999996
CT,202619,2026,5,2025-26,rsv,0.06,57.699999999999996
CT,202620,2026,5,2025-26,rsv,0.04,57.699999999999996
CT,202621,2026,5,,rsv,0.02,57.699999999999996
CT,202622,2026,5,,rsv,0.02,57.699999999999996
CT,202623,2026,6,,rsv,0.02,68.275
CT,202624,2026,6,,rsv,0.01,68.275
CT,202625,2026,6,,rsv,0.01,68.275
CT,202626,2026,6,,rsv,0.01,68.275
CT,202627,2026,7,,rsv,0.01,72.275
CT,202628,2026,7,,rsv,0.0,72.275
CT,202629,2026,7,,rsv,0.01,72.275
CT,202630,2026,7,,rsv,0.01,72.275
CT,202631,2026,8,,rsv,0.01,71.675
CT,202632,2026,8,,rsv,0.0,71.675
CT,202633,2026,8,,rsv,0.0,71.675
CT,202634,2026,8,,rsv,0.0,71.675
CT,202635,2026,8,,rsv,0.01,71.675
CT,202636,2026,9,,rsv,0.01,
MA,202239,2022,9,,covid,3.17,63.26428571428572
MA,202240,2022,10,2022-23,covid,3.3,53.550000000000004
MA,202241,2022,10,2022-23,covid,3.26,53.550000000000004
MA,202242,2022,10,2022-23,covid,3.05,53.550000000000004
MA,202243,2022,10,2022-23,covid,2.74,53.550000000000004
MA,202244,2022,10,2022-23,covid,2.43,53.550000000000004
MA,202245,2022,11,2022-23,covid,2.28,45.92857142857143
MA,202246,2022,11,2022-23,covid,2.16,45.92857142857143
MA,202247,2022,11,2022-23,covid,2.24,45.92857142857143
MA,202248,2022,11,2022-23,covid,2.58,45.92857142857143
MA,202249,2022,12,2022-23,covid,3.05,34.464285714285715
MA,202250,2022,12,2022-23,covid,3.47,34.464285714285715
MA,202251,2022,12,2022-23,covid,3.95,34.464285714285715
MA,202252,2022,12,2022-23,covid,4.59,34.464285714285715
MA,202301,2023,1,2022-23,covid,4.93,36.40714285714286
MA,202302,2023,1,2022-23,covid,4.83,36.40714285714286
MA,202303,2023,1,2022-23,covid,4.18,36.40714285714286
MA,202304,2023,1,2022-23,covid,3.52,36.40714285714286
MA,202305,2023,1,2022-23,covid,3.03,36.40714285714286
MA,202306,2023,2,2022-23,covid,2.71,33.135714285714286
MA,202307,2023,2,2022-23,covid,2.46,33.135714285714286
MA,202308,2023,2,2022-23,covid,2.21,33.135714285714286
MA,202309,2023,2,2022-23,covid,1.94,33.135714285714286
MA,202310,2023,3,2022-23,covid,1.65,38.34285714285714
MA,202311,2023,3,2022-23,covid,1.44,38.34285714285714
MA,202312,2023,3,2022-23,covid,1.26,38.34285714285714
MA,202313,2023,3,2022-23,covid,1.15,38.34285714285714
MA,202314,2023,4,2022-23,covid,1.06,49.98571428571428
MA,202315,2023,4,2022-23,covid,1.01,49.98571428571428
MA,202316,2023,4,2022-23,covid,0.87,49.98571428571428
MA,202317,2023,4,2022-23,covid,0.73,49.98571428571428
MA,202318,2023,4,2022-23,covid,0.62,49.98571428571428
MA,202319,2023,5,2022-23,covid,0.59,56.271428571428565
MA,202320,2023,5,2022-23,covid,0.58,56.271428571428565
MA,202321,2023,5,,covid,0.56,56.271428571428565
MA,202322,2023,5,,covid,0.6,56.271428571428565
MA,202323,2023,6,,covid,0.61,64.32857142857144
MA,202324,2023,6,,covid,0.62,64.32857142857144
MA,202325,2023,6,,covid,0.57,64.32857142857144
MA,202326,2023,6,,covid,0.53,64.32857142857144
MA,202327,2023,7,,covid,0.5,73.97857142857143
MA,202328,2023,7,,covid,0.5,73.97857142857143
MA,202329,2023,7,,covid,0.58,73.97857142857143
MA,202330,2023,7,,covid,0.7,73.97857142857143
MA,202331,2023,7,,covid,0.84,73.97857142857143
MA,202332,2023,8,,covid,1.04,68.87142857142858
MA,202333,2023,8,,covid,1.28,68.87142857142858
MA,202334,2023,8,,covid,1.53,68.87142857142858
MA,202335,2023,8,,covid,1.75,68.87142857142858
MA,202336,2023,9,,covid,1.94,65.13571428571429
MA,202337,2023,9,,covid,2.04,65.13571428571429
MA,202338,2023,9,,covid,2.12,65.13571428571429
MA,202339,2023,9,,covid,2.13,65.13571428571429
MA,202340,2023,10,2023-24,covid,2.15,56.58571428571429
MA,202341,2023,10,2023-24,covid,1.99,56.58571428571429
MA,202342,2023,10,2023-24,covid,1.8,56.58571428571429
MA,202343,2023,10,2023-24,covid,1.56,56.58571428571429
MA,202344,2023,10,2023-24,covid,1.38,56.58571428571429
MA,202345,2023,11,2023-24,covid,1.27,39.857142857142854
MA,202346,2023,11,2023-24,covid,1.32,39.857142857142854
MA,202347,2023,11,2023-24,covid,1.56,39.857142857142854
MA,202348,2023,11,2023-24,covid,1.93,39.857142857142854
MA,202349,2023,12,2023-24,covid,2.25,38.728571428571435
MA,202350,2023,12,2023-24,covid,2.59,38.728571428571435
MA,202351,2023,12,2023-24,covid,3.04,38.728571428571435
MA,202352,2023,12,2023-24,covid,3.69,38.728571428571435
MA,202401,2023,12,2023-24,covid,4.1,38.728571428571435
MA,202402,2024,1,2023-24,covid,4.01,31.071428571428573
MA,202403,2024,1,2023-24,covid,3.5,31.071428571428573
MA,202404,2024,1,2023-24,covid,2.9,31.071428571428573
MA,202405,2024,1,2023-24,covid,2.41,31.071428571428573
MA,202406,2024,2,2023-24,covid,2.06,33.464285714285715
MA,202407,2024,2,2023-24,covid,1.77,33.464285714285715
MA,202408,2024,2,2023-24,covid,1.54,33.464285714285715
MA,202409,2024,2,2023-24,covid,1.28,33.464285714285715
MA,202410,2024,3,2023-24,covid,1.06,41.021428571428565
MA,202411,2024,3,2023-24,covid,0.85,41.021428571428565
MA,202412,2024,3,2023-24,covid,0.68,41.021428571428565
MA,202413,2024,3,2023-24,covid,0.59,41.021428571428565
MA,202414,2024,3,2023-24,covid,0.55,41.021428571428565
MA,202415,2024,4,2023-24,covid,0.52,47.300000000000004
MA,202416,2024,4,2023-24,covid,0.48,47.300000000000004
MA,202417,2024,4,2023-24,covid,0.44,47.300000000000004
MA,202418,2024,4,2023-24,covid,0.42,47.300000000000004
MA,202419,2024,5,2023-24,covid,0.41,59.128571428571426
MA,202420,2024,5,2023-24,covid,0.45,59.128571428571426
MA,202421,2024,5,,covid,0.5,59.128571428571426
MA,202422,2024,5,,covid,0.51,59.128571428571426
MA,202423,2024,6,,covid,0.55,68.7642857142857
MA,202424,2024,6,,covid,0.59,68.7642857142857
MA,202425,2024,6,,covid,0.71,68.7642857142857
MA,202426,2024,6,,covid,0.85,68.7642857142857
MA,202427,2024,6,,covid,1.07,68.7642857142857
MA,202428,2024,7,,covid,1.31,74.43571428571428
MA,202429,2024,7,,covid,1.51,74.43571428571428
MA,202430,2024,7,,covid,1.66,74.43571428571428
MA,202431,2024,7,,covid,1.81,74.43571428571428
MA,202432,2024,8,,covid,1.93,69.80714285714285
MA,202433,2024,8,,covid,2.07,69.80714285714285
MA,202434,2024,8,,covid,2.12,69.80714285714285
MA,202435,2024,8,,covid,2.15,69.80714285714285
MA,202436,2024,9,,covid,2.03,63.42857142857143
MA,202437,2024,9,,covid,1.93,63.42857142857143
MA,202438,2024,9,,covid,1.84,63.42857142857143
MA,202439,2024,9,,covid,1.65,63.42857142857143
MA,202440,2024,9,2024-25,covid,1.41,63.42857142857143
MA,202441,2024,10,2024-25,covid,1.09,53.23571428571428
MA,202442,2024,10,2024-25,covid,0.93,53.23571428571428
MA,202443,2024,10,2024-25,covid,0.8,53.23571428571428
MA,202444,2024,10,2024-25,covid,0.77,53.23571428571428
MA,202445,2024,11,2024-25,covid,0.69,45.635714285714286
MA,202446,2024,11,2024-25,covid,0.65,45.635714285714286
MA,202447,2024,11,2024-25,covid,0.63,45.635714285714286
MA,202448,2024,11,2024-25,covid,0.7,45.635714285714286
MA,202449,2024,12,2024-25,covid,0.78,32.114285714285714
MA,202450,2024,12,2024-25,covid,0.92,32.114285714285714
MA,202451,2024,12,2024-25,covid,1.12,32.114285714285714
MA,202452,2024,12,2024-25,covid,1.42,32.114285714285714
MA,202501,2024,12,2024-25,covid,1.73,32.114285714285714
MA,202502,2025,1,2024-25,covid,1.8,25.92142857142857
MA,202503,2025,1,2024-25,covid,1.66,25.92142857142857
MA,202504,2025,1,2024-25,covid,1.44,25.92142857142857
MA,202505,2025,1,2024-25,covid,1.29,25.92142857142857
MA,202506,2025,2,2024-25,covid,1.14,28.12857142857143
MA,202507,2025,2,2024-25,covid,1.02,28.12857142857143
MA,202508,2025,2,2024-25,covid,0.87,28.12857142857143
MA,202509,2025,2,2024-25,covid,0.75,28.12857142857143
MA,202510,2025,3,2024-25,covid,0.62,40.278571428571425
MA,202511,2025,3,2024-25,covid,0.55,40.278571428571425
MA,202512,2025,3,2024-25,covid,0.54,40.278571428571425
MA,202513,2025,3,2024-25,covid,0.55,40.278571428571425
MA,202514,2025,3,2024-25,covid,0.55,40.278571428571425
MA,202515,2025,4,2024-25,covid,0.52,48.300000000000004
MA,202516,2025,4,2024-25,covid,0.49,48.300000000000004
MA,202517,2025,4,2024-25,covid,0.49,48.300000000000004
MA,202518,2025,4,2024-25,covid,0.47,48.300000000000004
MA,202519,2025,5,2024-25,covid,0.42,58.26428571428572
MA,202520,2025,5,2024-25,covid,0.36,58.26428571428572
MA,202521,2025,5,,covid,0.33,58.26428571428572
MA,202522,2025,5,,covid,0.34,58.26428571428572
MA,202523,2025,6,,covid,0.35,67.93571428571428
MA,202524,2025,6,,covid,0.34,67.93571428571428
MA,202525,2025,6,,covid,0.33,67.93571428571428
MA,202526,2025,6,,covid,0.32,67.93571428571428
MA,202527,2025,6,,covid,0.33,67.93571428571428
MA,202528,2025,7,,covid,0.34,73.82857142857142
MA,202529,2025,7,,covid,0.36,73.82857142857142
MA,202530,2025,7,,covid,0.39,73.82857142857142
MA,202531,2025,7,,covid,0.48,73.82857142857142
MA,202532,2025,8,,covid,0.59,67.84285714285714
MA,202533,2025,8,,covid,0.73,67.84285714285714
MA,202534,2025,8,,covid,0.83,67.84285714285714
MA,202535,2025,8,,covid,0.9,67.84285714285714
MA,202536,2025,8,,covid,0.99,67.84285714285714
MA,202537,2025,9,,covid,1.07,63.57857142857143
MA,202538,2025,9,,covid,1.09,63.57857142857143
MA,202539,2025,9,,covid,1.05,63.57857142857143
MA,202540,2025,9,2025-26,covid,0.9,63.57857142857143
MA,202541,2025,10,2025-26,covid,0.73,53.32142857142857
MA,202542,2025,10,2025-26,covid,0.55,53.32142857142857
MA,202543,2025,10,2025-26,covid,0.45,53.32142857142857
MA,202544,2025,10,2025-26,covid,0.42,53.32142857142857
MA,202545,2025,11,2025-26,covid,0.4,40.57857142857143
MA,202546,2025,11,2025-26,covid,0.39,40.57857142857143
MA,202547,2025,11,2025-26,covid,0.42,40.57857142857143
MA,202548,2025,11,2025-26,covid,0.5,40.57857142857143
MA,202549,2025,11,2025-26,covid,0.61,40.57857142857143
MA,202550,2025,12,2025-26,covid,0.68,28.642857142857142
MA,202551,2025,12,2025-26,covid,0.79,28.642857142857142
MA,202552,2025,12,2025-26,covid,0.96,28.642857142857142
MA,202553,2025,12,2025-26,covid,1.19,28.642857142857142
MA,202601,2026,1,2025-26,covid,1.24,24.74285714285714
MA,202602,2026,1,2025-26,covid,1.16,24.74285714285714
MA,202603,2026,1,2025-26,covid,1.02,24.74285714285714
MA,202604,2026,1,2025-26,covid,0.93,24.74285714285714
MA,202605,2026,2,2025-26,covid,0.88,24.514285714285712
MA,202606,2026,2,2025-26,covid,0.79,24.514285714285712
MA,202607,2026,2,2025-26,covid,0.73,24.514285714285712
MA,202608,2026,2,2025-26,covid,0.66,24.514285714285712
MA,202609,2026,3,2025-26,covid,0.58,38.607142857142854
MA,202610,2026,3,2025-26,covid,0.48,38.607142857142854
MA,202611,2026,3,2025-26,covid,0.42,38.607142857142854
MA,202612,2026,3,2025-26,covid,0.4,38.607142857142854
MA,202613,2026,3,2025-26,covid,0.38,38.607142857142854
MA,202614,2026,4,2025-26,covid,0.32,48.17142857142857
MA,202615,2026,4,2025-26,covid,0.24,48.17142857142857
MA,202616,2026,4,2025-26,covid,0.2,48.17142857142857
MA,202617,2026,4,2025-26,covid,0.16,48.17142857142857
MA,202618,2026,5,2025-26,covid,0.14,57.26428571428572
MA,202619,2026,5,2025-26,covid,0.11,57.26428571428572
MA,202620,2026,5,2025-26,covid,0.11,57.26428571428572
MA,202621,2026,5,,covid,0.1,57.26428571428572
MA,202622,2026,5,,covid,0.09,57.26428571428572
MA,202623,2026,6,,covid,0.07,67.96428571428571
MA,202624,2026,6,,covid,0.06,67.96428571428571
MA,202625,2026,6,,covid,0.05,67.96428571428571
MA,202626,2026,6,,covid,0.06,67.96428571428571
MA,202627,2026,7,,covid,0.06,71.37857142857143
MA,202628,2026,7,,covid,0.07,71.37857142857143
MA,202629,2026,7,,covid,0.08,71.37857142857143
MA,202630,2026,7,,covid,0.09,71.37857142857143
MA,202631,2026,8,,covid,0.11,71.66428571428573
MA,202632,2026,8,,covid,0.13,71.66428571428573
MA,202633,2026,8,,covid,0.16,71.66428571428573
MA,202634,2026,8,,covid,0.19,71.66428571428573
MA,202635,2026,8,,covid,0.23,71.66428571428573
MA,202636,2026,9,,covid,0.24,
MA,202239,2022,9,,influenza,0.08,63.26428571428572
MA,202240,2022,10,2022-23,influenza,0.09,53.550000000000004
MA,202241,2022,10,2022-23,influenza,0.12,53.550000000000004
MA,202242,2022,10,2022-23,influenza,0.14,53.550000000000004
MA,202243,2022,10,2022-23,influenza,0.19,53.550000000000004
MA,202244,2022,10,2022-23,influenza,0.35,53.550000000000004
MA,202245,2022,11,2022-23,influenza,0.55,45.92857142857143
MA,202246,2022,11,2022-23,influenza,0.87,45.92857142857143
MA,202247,2022,11,2022-23,influenza,1.7,45.92857142857143
MA,202248,2022,11,2022-23,influenza,3.29,45.92857142857143
MA,202249,2022,12,2022-23,influenza,5.18,34.464285714285715
MA,202250,2022,12,2022-23,influenza,6.58,34.464285714285715
MA,202251,2022,12,2022-23,influenza,7.31,34.464285714285715
MA,202252,2022,12,2022-23,influenza,7.02,34.464285714285715
MA,202301,2023,1,2022-23,influenza,5.48,36.40714285714286
MA,202302,2023,1,2022-23,influenza,3.54,36.40714285714286
MA,202303,2023,1,2022-23,influenza,1.8,36.40714285714286
MA,202304,2023,1,2022-23,influenza,0.9,36.40714285714286
MA,202305,2023,1,2022-23,influenza,0.57,36.40714285714286
MA,202306,2023,2,2022-23,influenza,0.41,33.135714285714286
MA,202307,2023,2,2022-23,influenza,0.33,33.135714285714286
MA,202308,2023,2,2022-23,influenza,0.29,33.135714285714286
MA,202309,2023,2,2022-23,influenza,0.25,33.135714285714286
MA,202310,2023,3,2022-23,influenza,0.22,38.34285714285714
MA,202311,2023,3,2022-23,influenza,0.21,38.34285714285714
MA,202312,2023,3,2022-23,influenza,0.21,38.34285714285714
MA,202313,2023,3,2022-23,influenza,0.21,38.34285714285714
MA,202314,2023,4,2022-23,influenza,0.2,49.98571428571428
MA,202315,2023,4,2022-23,influenza,0.19,49.98571428571428
MA,202316,2023,4,2022-23,influenza,0.18,49.98571428571428
MA,202317,2023,4,2022-23,influenza,0.15,49.98571428571428
MA,202318,2023,4,2022-23,influenza,0.14,49.98571428571428
MA,202319,2023,5,2022-23,influenza,0.13,56.271428571428565
MA,202320,2023,5,2022-23,influenza,0.13,56.271428571428565
MA,202321,2023,5,,influenza,0.15,56.271428571428565
MA,202322,2023,5,,influenza,0.16,56.271428571428565
MA,202323,2023,6,,influenza,0.15,64.32857142857144
MA,202324,2023,6,,influenza,0.12,64.32857142857144
MA,202325,2023,6,,influenza,0.1,64.32857142857144
MA,202326,2023,6,,influenza,0.09,64.32857142857144
MA,202327,2023,7,,influenza,0.08,73.97857142857143
MA,202328,2023,7,,influenza,0.06,73.97857142857143
MA,202329,2023,7,,influenza,0.06,73.97857142857143
MA,202330,2023,7,,influenza,0.05,73.97857142857143
MA,202331,2023,7,,influenza,0.06,73.97857142857143
MA,202332,2023,8,,influenza,0.06,68.87142857142858
MA,202333,2023,8,,influenza,0.07,68.87142857142858
MA,202334,2023,8,,influenza,0.08,68.87142857142858
MA,202335,2023,8,,influenza,0.09,68.87142857142858
MA,202336,2023,9,,influenza,0.11,65.13571428571429
MA,202337,2023,9,,influenza,0.11,65.13571428571429
MA,202338,2023,9,,influenza,0.11,65.13571428571429
MA,202339,2023,9,,influenza,0.11,65.13571428571429
MA,202340,2023,10,2023-24,influenza,0.12,56.58571428571429
MA,202341,2023,10,2023-24,influenza,0.13,56.58571428571429
MA,202342,2023,10,2023-24,influenza,0.12,56.58571428571429
MA,202343,2023,10,2023-24,influenza,0.14,56.58571428571429
MA,202344,2023,10,2023-24,influenza,0.17,56.58571428571429
MA,202345,2023,11,2023-24,influenza,0.24,39.857142857142854
MA,202346,2023,11,2023-24,influenza,0.32,39.857142857142854
MA,202347,2023,11,2023-24,influenza,0.46,39.857142857142854
MA,202348,2023,11,2023-24,influenza,0.66,39.857142857142854
MA,202349,2023,12,2023-24,influenza,1.01,38.728571428571435
MA,202350,2023,12,2023-24,influenza,1.51,38.728571428571435
MA,202351,2023,12,2023-24,influenza,2.29,38.728571428571435
MA,202352,2023,12,2023-24,influenza,3.29,38.728571428571435
MA,202401,2023,12,2023-24,influenza,3.68,38.728571428571435
MA,202402,2024,1,2023-24,influenza,3.61,31.071428571428573
MA,202403,2024,1,2023-24,influenza,2.94,31.071428571428573
MA,202404,2024,1,2023-24,influenza,2.72,31.071428571428573
MA,202405,2024,1,2023-24,influenza,2.65,31.071428571428573
MA,202406,2024,2,2023-24,influenza,2.86,33.464285714285715
MA,202407,2024,2,2023-24,influenza,2.97,33.464285714285715
MA,202408,2024,2,2023-24,influenza,3.11,33.464285714285715
MA,202409,2024,2,2023-24,influenza,3.04,33.464285714285715
MA,202410,2024,3,2023-24,influenza,2.86,41.021428571428565
MA,202411,2024,3,2023-24,influenza,2.43,41.021428571428565
MA,202412,2024,3,2023-24,influenza,2.05,41.021428571428565
MA,202413,2024,3,2023-24,influenza,1.82,41.021428571428565
MA,202414,2024,3,2023-24,influenza,1.73,41.021428571428565
MA,202415,2024,4,2023-24,influenza,1.62,47.300000000000004
MA,202416,2024,4,2023-24,influenza,1.35,47.300000000000004
MA,202417,2024,4,2023-24,influenza,0.98,47.300000000000004
MA,202418,2024,4,2023-24,influenza,0.73,47.300000000000004
MA,202419,2024,5,2023-24,influenza,0.51,59.128571428571426
MA,202420,2024,5,2023-24,influenza,0.4,59.128571428571426
MA,202421,2024,5,,influenza,0.26,59.128571428571426
MA,202422,2024,5,,influenza,0.2,59.128571428571426
MA,202423,2024,6,,influenza,0.16,68.7642857142857
MA,202424,2024,6,,influenza,0.13,68.7642857142857
MA,202425,2024,6,,influenza,0.11,68.7642857142857
MA,202426,2024,6,,influenza,0.1,68.7642857142857
MA,202427,2024,6,,influenza,0.09,68.7642857142857
MA,202428,2024,7,,influenza,0.09,74.43571428571428
MA,202429,2024,7,,influenza,0.09,74.43571428571428
MA,202430,2024,7,,influenza,0.08,74.43571428571428
MA,202431,2024,7,,influenza,0.08,74.43571428571428
MA,202432,2024,8,,influenza,0.08,69.80714285714285
MA,202433,2024,8,,influenza,0.08,69.80714285714285
MA,202434,2024,8,,influenza,0.07,69.80714285714285
MA,202435,2024,8,,influenza,0.07,69.80714285714285
MA,202436,2024,9,,influenza,0.07,63.42857142857143
MA,202437,2024,9,,influenza,0.07,63.42857142857143
MA,202438,2024,9,,influenza,0.06,63.42857142857143
MA,202439,2024,9,,influenza,0.07,63.42857142857143
MA,202440,2024,9,2024-25,influenza,0.06,63.42857142857143
MA,202441,2024,10,2024-25,influenza,0.07,53.23571428571428
MA,202442,2024,10,2024-25,influenza,0.09,53.23571428571428
MA,202443,2024,10,2024-25,influenza,0.11,53.23571428571428
MA,202444,2024,10,2024-25,influenza,0.13,53.23571428571428
MA,202445,2024,11,2024-25,influenza,0.15,45.635714285714286
MA,202446,2024,11,2024-25,influenza,0.16,45.635714285714286
MA,202447,2024,11,2024-25,influenza,0.22,45.635714285714286
MA,202448,2024,11,2024-25,influenza,0.3,45.635714285714286
MA,202449,2024,12,2024-25,influenza,0.44,32.114285714285714
MA,202450,2024,12,2024-25,influenza,0.63,32.114285714285714
MA,202451,2024,12,2024-25,influenza,0.98,32.114285714285714
MA,202452,2024,12,2024-25,influenza,1.77,32.114285714285714
MA,202501,2024,12,2024-25,influenza,2.75,32.114285714285714
MA,202502,2025,1,2024-25,influenza,3.5,25.92142857142857
MA,202503,2025,1,2024-25,influenza,4.36,25.92142857142857
MA,202504,2025,1,2024-25,influenza,5.72,25.92142857142857
MA,202505,2025,1,2024-25,influenza,7.56,25.92142857142857
MA,202506,2025,2,2024-25,influenza,9.1,28.12857142857143
MA,202507,2025,2,2024-25,influenza,9.46,28.12857142857143
MA,202508,2025,2,2024-25,influenza,8.62,28.12857142857143
MA,202509,2025,2,2024-25,influenza,6.75,28.12857142857143
MA,202510,2025,3,2024-25,influenza,4.96,40.278571428571425
MA,202511,2025,3,2024-25,influenza,3.6,40.278571428571425
MA,202512,2025,3,2024-25,influenza,2.58,40.278571428571425
MA,202513,2025,3,2024-25,influenza,1.92,40.278571428571425
MA,202514,2025,3,2024-25,influenza,1.53,40.278571428571425
MA,202515,2025,4,2024-25,influenza,1.34,48.300000000000004
MA,202516,2025,4,2024-25,influenza,1.18,48.300000000000004
MA,202517,2025,4,2024-25,influenza,0.98,48.300000000000004
MA,202518,2025,4,2024-25,influenza,0.73,48.300000000000004
MA,202519,2025,5,2024-25,influenza,0.5,58.26428571428572
MA,202520,2025,5,2024-25,influenza,0.33,58.26428571428572
MA,202521,2025,5,,influenza,0.23,58.26428571428572
MA,202522,2025,5,,influenza,0.18,58.26428571428572
MA,202523,2025,6,,influenza,0.15,67.93571428571428
MA,202524,2025,6,,influenza,0.12,67.93571428571428
MA,202525,2025,6,,influenza,0.09,67.93571428571428
MA,202526,2025,6,,influenza,0.08,67.93571428571428
MA,202527,2025,6,,influenza,0.08,67.93571428571428
MA,202528,2025,7,,influenza,0.07,73.82857142857142
MA,202529,2025,7,,influenza,0.06,73.82857142857142
MA,202530,2025,7,,influenza,0.05,73.82857142857142
MA,202531,2025,7,,influenza,0.05,73.82857142857142
MA,202532,2025,8,,influenza,0.04,67.84285714285714
MA,202533,2025,8,,influenza,0.04,67.84285714285714
MA,202534,2025,8,,influenza,0.04,67.84285714285714
MA,202535,2025,8,,influenza,0.05,67.84285714285714
MA,202536,2025,8,,influenza,0.05,67.84285714285714
MA,202537,2025,9,,influenza,0.06,63.57857142857143
MA,202538,2025,9,,influenza,0.07,63.57857142857143
MA,202539,2025,9,,influenza,0.08,63.57857142857143
MA,202540,2025,9,2025-26,influenza,0.08,63.57857142857143
MA,202541,2025,10,2025-26,influenza,0.08,53.32142857142857
MA,202542,2025,10,2025-26,influenza,0.07,53.32142857142857
MA,202543,2025,10,2025-26,influenza,0.08,53.32142857142857
MA,202544,2025,10,2025-26,influenza,0.1,53.32142857142857
MA,202545,2025,11,2025-26,influenza,0.13,40.57857142857143
MA,202546,2025,11,2025-26,influenza,0.2,40.57857142857143
MA,202547,2025,11,2025-26,influenza,0.29,40.57857142857143
MA,202548,2025,11,2025-26,influenza,0.54,40.57857142857143
MA,202549,2025,11,2025-26,influenza,0.93,40.57857142857143
MA,202550,2025,12,2025-26,influenza,1.83,28.642857142857142
MA,202551,2025,12,2025-26,influenza,3.69,28.642857142857142
MA,202552,2025,12,2025-26,influenza,6.62,28.642857142857142
MA,202553,2025,12,2025-26,influenza,8.49,28.642857142857142
MA,202601,2026,1,2025-26,influenza,8.24,24.74285714285714
MA,202602,2026,1,2025-26,influenza,6.17,24.74285714285714
MA,202603,2026,1,2025-26,influenza,4.1,24.74285714285714
MA,202604,2026,1,2025-26,influenza,2.79,24.74285714285714
MA,202605,2026,2,2025-26,influenza,1.9,24.514285714285712
MA,202606,2026,2,2025-26,influenza,1.54,24.514285714285712
MA,202607,2026,2,2025-26,influenza,1.57,24.514285714285712
MA,202608,2026,2,2025-26,influenza,1.58,24.514285714285712
MA,202609,2026,3,2025-26,influenza,1.51,38.607142857142854
MA,202610,2026,3,2025-26,influenza,1.42,38.607142857142854
MA,202611,2026,3,2025-26,influenza,1.48,38.607142857142854
MA,202612,2026,3,2025-26,influenza,1.73,38.607142857142854
MA,202613,2026,3,2025-26,influenza,1.82,38.607142857142854
MA,202614,2026,4,2025-26,influenza,1.77,48.17142857142857
MA,202615,2026,4,2025-26,influenza,1.43,48.17142857142857
MA,202616,2026,4,2025-26,influenza,1.02,48.17142857142857
MA,202617,2026,4,2025-26,influenza,0.65,48.17142857142857
MA,202618,2026,5,2025-26,influenza,0.41,57.26428571428572
MA,202619,2026,5,2025-26,influenza,0.29,57.26428571428572
MA,202620,2026,5,2025-26,influenza,0.2,57.26428571428572
MA,202621,2026,5,,influenza,0.14,57.26428571428572
MA,202622,2026,5,,influenza,0.1,57.26428571428572
MA,202623,2026,6,,influenza,0.08,67.96428571428571
MA,202624,2026,6,,influenza,0.05,67.96428571428571
MA,202625,2026,6,,influenza,0.04,67.96428571428571
MA,202626,2026,6,,influenza,0.04,67.96428571428571
MA,202627,2026,7,,influenza,0.04,71.37857142857143
MA,202628,2026,7,,influenza,0.03,71.37857142857143
MA,202629,2026,7,,influenza,0.02,71.37857142857143
MA,202630,2026,7,,influenza,0.03,71.37857142857143
MA,202631,2026,8,,influenza,0.03,71.66428571428573
MA,202632,2026,8,,influenza,0.03,71.66428571428573
MA,202633,2026,8,,influenza,0.04,71.66428571428573
MA,202634,2026,8,,influenza,0.06,71.66428571428573
MA,202635,2026,8,,influenza,0.06,71.66428571428573
MA,202636,2026,9,,influenza,0.08,
MA,202239,2022,9,,rsv,0.34,63.26428571428572
MA,202240,2022,10,2022-23,rsv,0.52,53.550000000000004
MA,202241,2022,10,2022-23,rsv,0.75,53.550000000000004
MA,202242,2022,10,2022-23,rsv,1.04,53.550000000000004
MA,202243,2022,10,2022-23,rsv,1.47,53.550000000000004
MA,202244,2022,10,2022-23,rsv,1.93,53.550000000000004
MA,202245,2022,11,2022-23,rsv,2.29,45.92857142857143
MA,202246,2022,11,2022-23,rsv,2.32,45.92857142857143
MA,202247,2022,11,2022-23,rsv,2.1,45.92857142857143
MA,202248,2022,11,2022-23,rsv,1.66,45.92857142857143
MA,202249,2022,12,2022-23,rsv,1.25,34.464285714285715
MA,202250,2022,12,2022-23,rsv,0.91,34.464285714285715
MA,202251,2022,12,2022-23,rsv,0.65,34.464285714285715
MA,202252,2022,12,2022-23,rsv,0.46,34.464285714285715
MA,202301,2023,1,2022-23,rsv,0.33,36.40714285714286
MA,202302,2023,1,2022-23,rsv,0.27,36.40714285714286
MA,202303,2023,1,2022-23,rsv,0.22,36.40714285714286
MA,202304,2023,1,2022-23,rsv,0.18,36.40714285714286
MA,202305,2023,1,2022-23,rsv,0.15,36.40714285714286
MA,202306,2023,2,2022-23,rsv,0.12,33.135714285714286
MA,202307,2023,2,2022-23,rsv,0.1,33.135714285714286
MA,202308,2023,2,2022-23,rsv,0.09,33.135714285714286
MA,202309,2023,2,2022-23,rsv,0.09,33.135714285714286
MA,202310,2023,3,2022-23,rsv,0.08,38.34285714285714
MA,202311,2023,3,2022-23,rsv,0.08,38.34285714285714
MA,202312,2023,3,2022-23,rsv,0.06,38.34285714285714
MA,202313,2023,3,2022-23,rsv,0.06,38.34285714285714
MA,202314,2023,4,2022-23,rsv,0.05,49.98571428571428
MA,202315,2023,4,2022-23,rsv,0.05,49.98571428571428
MA,202316,2023,4,2022-23,rsv,0.04,49.98571428571428
MA,202317,2023,4,2022-23,rsv,0.03,49.98571428571428
MA,202318,2023,4,2022-23,rsv,0.02,49.98571428571428
MA,202319,2023,5,2022-23,rsv,0.02,56.271428571428565
MA,202320,2023,5,2022-23,rsv,0.01,56.271428571428565
MA,202321,2023,5,,rsv,0.02,56.271428571428565
MA,202322,2023,5,,rsv,0.01,56.271428571428565
MA,202323,2023,6,,rsv,0.01,64.32857142857144
MA,202324,2023,6,,rsv,0.01,64.32857142857144
MA,202325,2023,6,,rsv,0.01,64.32857142857144
MA,202326,2023,6,,rsv,0.01,64.32857142857144
MA,202327,2023,7,,rsv,0.01,73.97857142857143
MA,202328,2023,7,,rsv,0.01,73.97857142857143
MA,202329,2023,7,,rsv,0.01,73.97857142857143
MA,202330,2023,7,,rsv,0.01,73.97857142857143
MA,202331,2023,7,,rsv,0.01,73.97857142857143
MA,202332,2023,8,,rsv,0.02,68.87142857142858
MA,202333,2023,8,,rsv,0.03,68.87142857142858
MA,202334,2023,8,,rsv,0.03,68.87142857142858
MA,202335,2023,8,,rsv,0.05,68.87142857142858
MA,202336,2023,9,,rsv,0.06,65.13571428571429
MA,202337,2023,9,,rsv,0.07,65.13571428571429
MA,202338,2023,9,,rsv,0.09,65.13571428571429
MA,202339,2023,9,,rsv,0.11,65.13571428571429
MA,202340,2023,10,2023-24,rsv,0.18,56.58571428571429
MA,202341,2023,10,2023-24,rsv,0.22,56.58571428571429
MA,202342,2023,10,2023-24,rsv,0.3,56.58571428571429
MA,202343,2023,10,2023-24,rsv,0.43,56.58571428571429
MA,202344,2023,10,2023-24,rsv,0.61,56.58571428571429
MA,202345,2023,11,2023-24,rsv,0.8,39.857142857142854
MA,202346,2023,11,2023-24,rsv,0.99,39.857142857142854
MA,202347,2023,11,2023-24,rsv,1.19,39.857142857142854
MA,202348,2023,11,2023-24,rsv,1.32,39.857142857142854
MA,202349,2023,12,2023-24,rsv,1.4,38.728571428571435
MA,202350,2023,12,2023-24,rsv,1.39,38.728571428571435
MA,202351,2023,12,2023-24,rsv,1.35,38.728571428571435
MA,202352,2023,12,2023-24,rsv,1.23,38.728571428571435
MA,202401,2023,12,2023-24,rsv,1.06,38.728571428571435
MA,202402,2024,1,2023-24,rsv,0.83,31.071428571428573
MA,202403,2024,1,2023-24,rsv,0.6,31.071428571428573
MA,202404,2024,1,2023-24,rsv,0.41,31.071428571428573
MA,202405,2024,1,2023-24,rsv,0.34,31.071428571428573
MA,202406,2024,2,2023-24,rsv,0.27,33.464285714285715
MA,202407,2024,2,2023-24,rsv,0.24,33.464285714285715
MA,202408,2024,2,2023-24,rsv,0.19,33.464285714285715
MA,202409,2024,2,2023-24,rsv,0.17,33.464285714285715
MA,202410,2024,3,2023-24,rsv,0.14,41.021428571428565
MA,202411,2024,3,2023-24,rsv,0.11,41.021428571428565
MA,202412,2024,3,2023-24,rsv,0.09,41.021428571428565
MA,202413,2024,3,2023-24,rsv,0.09,41.021428571428565
MA,202414,2024,3,2023-24,rsv,0.08,41.021428571428565
MA,202415,2024,4,2023-24,rsv,0.07,47.300000000000004
MA,202416,2024,4,2023-24,rsv,0.06,47.300000000000004
MA,202417,2024,4,2023-24,rsv,0.05,47.300000000000004
MA,202418,2024,4,2023-24,rsv,0.04,47.300000000000004
MA,202419,2024,5,2023-24,rsv,0.03,59.128571428571426
MA,202420,2024,5,2023-24,rsv,0.03,59.128571428571426
MA,202421,2024,5,,rsv,0.03,59.128571428571426
MA,202422,2024,5,,rsv,0.02,59.128571428571426
MA,202423,2024,6,,rsv,0.02,68.7642857142857
MA,202424,2024,6,,rsv,0.02,68.7642857142857
MA,202425,2024,6,,rsv,0.01,68.7642857142857
MA,202426,2024,6,,rsv,0.01,68.7642857142857
MA,202427,2024,6,,rsv,0.01,68.7642857142857
MA,202428,2024,7,,rsv,0.01,74.43571428571428
MA,202429,2024,7,,rsv,0.01,74.43571428571428
MA,202430,2024,7,,rsv,0.01,74.43571428571428
MA,202431,2024,7,,rsv,0.01,74.43571428571428
MA,202432,2024,8,,rsv,0.01,69.80714285714285
MA,202433,2024,8,,rsv,0.01,69.80714285714285
MA,202434,2024,8,,rsv,0.01,69.80714285714285
MA,202435,2024,8,,rsv,0.01,69.80714285714285
MA,202436,2024,9,,rsv,0.01,63.42857142857143
MA,202437,2024,9,,rsv,0.01,63.42857142857143
MA,202438,2024,9,,rsv,0.01,63.42857142857143
MA,202439,2024,9,,rsv,0.02,63.42857142857143
MA,202440,2024,9,2024-25,rsv,0.03,63.42857142857143
MA,202441,2024,10,2024-25,rsv,0.04,53.23571428571428
MA,202442,2024,10,2024-25,rsv,0.06,53.23571428571428
MA,202443,2024,10,2024-25,rsv,0.08,53.23571428571428
MA,202444,2024,10,2024-25,rsv,0.11,53.23571428571428
MA,202445,2024,11,2024-25,rsv,0.16,45.635714285714286
MA,202446,2024,11,2024-25,rsv,0.26,45.635714285714286
MA,202447,2024,11,2024-25,rsv,0.38,45.635714285714286
MA,202448,2024,11,2024-25,rsv,0.58,45.635714285714286
MA,202449,2024,12,2024-25,rsv,0.84,32.114285714285714
MA,202450,2024,12,2024-25,rsv,1.1,32.114285714285714
MA,202451,2024,12,2024-25,rsv,1.32,32.114285714285714
MA,202452,2024,12,2024-25,rsv,1.5,32.114285714285714
MA,202501,2024,12,2024-25,rsv,1.57,32.114285714285714
MA,202502,2025,1,2024-25,rsv,1.43,25.92142857142857
MA,202503,2025,1,2024-25,rsv,1.17,25.92142857142857
MA,202504,2025,1,2024-25,rsv,0.88,25.92142857142857
MA,202505,2025,1,2024-25,rsv,0.72,25.92142857142857
MA,202506,2025,2,2024-25,rsv,0.59,28.12857142857143
MA,202507,2025,2,2024-25,rsv,0.51,28.12857142857143
MA,202508,2025,2,2024-25,rsv,0.43,28.12857142857143
MA,202509,2025,2,2024-25,rsv,0.34,28.12857142857143
MA,202510,2025,3,2024-25,rsv,0.29,40.278571428571425
MA,202511,2025,3,2024-25,rsv,0.25,40.278571428571425
MA,202512,2025,3,2024-25,rsv,0.23,40.278571428571425
MA,202513,2025,3,2024-25,rsv,0.19,40.278571428571425
MA,202514,2025,3,2024-25,rsv,0.16,40.278571428571425
MA,202515,2025,4,2024-25,rsv,0.13,48.300000000000004
MA,202516,2025,4,2024-25,rsv,0.11,48.300000000000004
MA,202517,2025,4,2024-25,rsv,0.1,48.300000000000004
MA,202518,2025,4,2024-25,rsv,0.08,48.300000000000004
MA,202519,2025,5,2024-25,rsv,0.06,58.26428571428572
MA,202520,2025,5,2024-25,rsv,0.04,58.26428571428572
MA,202521,2025,5,,rsv,0.03,58.26428571428572
MA,202522,2025,5,,rsv,0.03,58.26428571428572
MA,202523,2025,6,,rsv,0.02,67.93571428571428
MA,202524,2025,6,,rsv,0.02,67.93571428571428
MA,202525,2025,6,,rsv,0.02,67.93571428571428
MA,202526,2025,6,,rsv,0.01,67.93571428571428
MA,202527,2025,6,,rsv,0.01,67.93571428571428
MA,202528,2025,7,,rsv,0.01,73.82857142857142
MA,202529,2025,7,,rsv,0.01,73.82857142857142
MA,202530,2025,7,,rsv,0.01,73.82857142857142
MA,202531,2025,7,,rsv,0.01,73.82857142857142
MA,202532,2025,8,,rsv,0.01,67.84285714285714
MA,202533,2025,8,,rsv,0.01,67.84285714285714
MA,202534,2025,8,,rsv,0.01,67.84285714285714
MA,202535,2025,8,,rsv,0.01,67.84285714285714
MA,202536,2025,8,,rsv,0.01,67.84285714285714
MA,202537,2025,9,,rsv,0.02,63.57857142857143
MA,202538,2025,9,,rsv,0.02,63.57857142857143
MA,202539,2025,9,,rsv,0.03,63.57857142857143
MA,202540,2025,9,2025-26,rsv,0.03,63.57857142857143
MA,202541,2025,10,2025-26,rsv,0.03,53.32142857142857
MA,202542,2025,10,2025-26,rsv,0.04,53.32142857142857
MA,202543,2025,10,2025-26,rsv,0.05,53.32142857142857
MA,202544,2025,10,2025-26,rsv,0.07,53.32142857142857
MA,202545,2025,11,2025-26,rsv,0.08,40.57857142857143
MA,202546,2025,11,2025-26,rsv,0.09,40.57857142857143
MA,202547,2025,11,2025-26,rsv,0.11,40.57857142857143
MA,202548,2025,11,2025-26,rsv,0.15,40.57857142857143
MA,202549,2025,11,2025-26,rsv,0.19,40.57857142857143
MA,202550,2025,12,2025-26,rsv,0.25,28.642857142857142
MA,202551,2025,12,2025-26,rsv,0.32,28.642857142857142
MA,202552,2025,12,2025-26,rsv,0.4,28.642857142857142
MA,202553,2025,12,2025-26,rsv,0.48,28.642857142857142
MA,202601,2026,1,2025-26,rsv,0.53,24.74285714285714
MA,202602,2026,1,2025-26,rsv,0.59,24.74285714285714
MA,202603,2026,1,2025-26,rsv,0.69,24.74285714285714
MA,202604,2026,1,2025-26,rsv,0.8,24.74285714285714
MA,202605,2026,2,2025-26,rsv,0.85,24.514285714285712
MA,202606,2026,2,2025-26,rsv,0.84,24.514285714285712
MA,202607,2026,2,2025-26,rsv,0.93,24.514285714285712
MA,202608,2026,2,2025-26,rsv,1.01,24.514285714285712
MA,202609,2026,3,2025-26,rsv,0.95,38.607142857142854
MA,202610,2026,3,2025-26,rsv,0.84,38.607142857142854
MA,202611,2026,3,2025-26,rsv,0.71,38.607142857142854
MA,202612,2026,3,2025-26,rsv,0.65,38.607142857142854
MA,202613,2026,3,2025-26,rsv,0.57,38.607142857142854
MA,202614,2026,4,2025-26,rsv,0.47,48.17142857142857
MA,202615,2026,4,2025-26,rsv,0.39,48.17142857142857
MA,202616,2026,4,2025-26,rsv,0.3,48.17142857142857
MA,202617,2026,4,2025-26,rsv,0.23,48.17142857142857
MA,202618,2026,5,2025-26,rsv,0.17,57.26428571428572
MA,202619,2026,5,2025-26,rsv,0.11,57.26428571428572
MA,202620,2026,5,2025-26,rsv,0.09,57.26428571428572
MA,202621,2026,5,,rsv,0.07,57.26428571428572
MA,202622,2026,5,,rsv,0.07,57.26428571428572
MA,202623,2026,6,,rsv,0.05,67.96428571428571
MA,202624,2026,6,,rsv,0.04,67.96428571428571
MA,202625,2026,6,,rsv,0.03,67.96428571428571
MA,202626,2026,6,,rsv,0.03,67.96428571428571
MA,202627,2026,7,,rsv,0.02,71.37857142857143
MA,202628,2026,7,,rsv,0.02,71.37857142857143
MA,202629,2026,7,,rsv,0.01,71.37857142857143
MA,202630,2026,7,,rsv,0.01,71.37857142857143
MA,202631,2026,8,,rsv,0.02,71.66428571428573
MA,202632,2026,8,,rsv,0.01,71.66428571428573
MA,202633,2026,8,,rsv,0.01,71.66428571428573
MA,202634,2026,8,,rsv,0.01,71.66428571428573
MA,202635,2026,8,,rsv,0.01,71.66428571428573
MA,202636,2026,9,,rsv,0.01,
ME,202239,2022,9,,covid,3.76,58.33125
ME,202240,2022,10,2022-23,covid,3.91,50.05625
ME,202241,2022,10,2022-23,covid,4.2,50.05625
ME,202242,2022,10,2022-23,covid,4.12,50.05625
ME,202243,2022,10,2022-23,covid,3.82,50.05625
ME,202244,2022,10,2022-23,covid,3.05,50.05625
ME,202245,2022,11,2022-23,covid,2.43,39.550000000000004
ME,202246,2022,11,2022-23,covid,1.98,39.550000000000004
ME,202247,2022,11,2022-23,covid,1.85,39.550000000000004
ME,202248,2022,11,2022-23,covid,1.89,39.550000000000004
ME,202249,2022,12,2022-23,covid,2.07,29.33125
ME,202250,2022,12,2022-23,covid,2.13,29.33125
ME,202251,2022,12,2022-23,covid,2.23,29.33125
ME,202252,2022,12,2022-23,covid,2.32,29.33125
ME,202301,2023,1,2022-23,covid,2.65,27.03125
ME,202302,2023,1,2022-23,covid,2.71,27.03125
ME,202303,2023,1,2022-23,covid,2.77,27.03125
ME,202304,2023,1,2022-23,covid,2.65,27.03125
ME,202305,2023,1,2022-23,covid,2.61,27.03125
ME,202306,2023,2,2022-23,covid,2.79,21.64375
ME,202307,2023,2,2022-23,covid,2.98,21.64375
ME,202308,2023,2,2022-23,covid,3.27,21.64375
ME,202309,2023,2,2022-23,covid,3.26,21.64375
ME,202310,2023,3,2022-23,covid,2.92,32.1875
ME,202311,2023,3,2022-23,covid,2.49,32.1875
ME,202312,2023,3,2022-23,covid,2.09,32.1875
ME,202313,2023,3,2022-23,covid,1.86,32.1875
ME,202314,2023,4,2022-23,covid,1.59,43.1625
ME,202315,2023,4,2022-23,covid,1.39,43.1625
ME,202316,2023,4,2022-23,covid,1.13,43.1625
ME,202317,2023,4,2022-23,covid,0.91,43.1625
ME,202318,2023,4,2022-23,covid,0.71,43.1625
ME,202319,2023,5,2022-23,covid,0.59,52.6625
ME,202320,2023,5,2022-23,covid,0.57,52.6625
ME,202321,2023,5,,covid,0.6,52.6625
ME,202322,2023,5,,covid,0.59,52.6625
ME,202323,2023,6,,covid,0.57,60.3375
ME,202324,2023,6,,covid,0.51,60.3375
ME,202325,2023,6,,covid,0.42,60.3375
ME,202326,2023,6,,covid,0.37,60.3375
ME,202327,2023,7,,covid,0.36,70.4125
ME,202328,2023,7,,covid,0.46,70.4125
ME,202329,2023,7,,covid,0.52,70.4125
ME,202330,2023,7,,covid,0.61,70.4125
ME,202331,2023,7,,covid,0.65,70.4125
ME,202332,2023,8,,covid,0.79,64.66875
ME,202333,2023,8,,covid,0.95,64.66875
ME,202334,2023,8,,covid,1.26,64.66875
ME,202335,2023,8,,covid,1.45,64.66875
ME,202336,2023,9,,covid,1.64,62.075
ME,202337,2023,9,,covid,1.66,62.075
ME,202338,2023,9,,covid,1.72,62.075
ME,202339,2023,9,,covid,1.74,62.075
ME,202340,2023,10,2023-24,covid,1.84,52.80625
ME,202341,2023,10,2023-24,covid,1.86,52.80625
ME,202342,2023,10,2023-24,covid,1.77,52.80625
ME,202343,2023,10,2023-24,covid,1.67,52.80625
ME,202344,2023,10,2023-24,covid,1.61,52.80625
ME,202345,2023,11,2023-24,covid,1.73,33.55
ME,202346,2023,11,2023-24,covid,1.81,33.55
ME,202347,2023,11,2023-24,covid,2.15,33.55
ME,202348,2023,11,2023-24,covid,2.46,33.55
ME,202349,2023,12,2023-24,covid,2.86,30.8375
ME,202350,2023,12,2023-24,covid,3.12,30.8375
ME,202351,2023,12,2023-24,covid,3.4,30.8375
ME,202352,2023,12,2023-24,covid,4.04,30.8375
ME,202401,2023,12,2023-24,covid,4.25,30.8375
ME,202402,2024,1,2023-24,covid,4.11,22.9375
ME,202403,2024,1,2023-24,covid,3.22,22.9375
ME,202404,2024,1,2023-24,covid,2.54,22.9375
ME,202405,2024,1,2023-24,covid,2.07,22.9375
ME,202406,2024,2,2023-24,covid,1.86,26.1
ME,202407,2024,2,2023-24,covid,1.67,26.1
ME,202408,2024,2,2023-24,covid,1.57,26.1
ME,202409,2024,2,2023-24,covid,1.46,26.1
ME,202410,2024,3,2023-24,covid,1.29,34.275
ME,202411,2024,3,2023-24,covid,1.09,34.275
ME,202412,2024,3,2023-24,covid,0.89,34.275
ME,202413,2024,3,2023-24,covid,0.71,34.275
ME,202414,2024,3,2023-24,covid,0.6,34.275
ME,202415,2024,4,2023-24,covid,0.5,42.08125
ME,202416,2024,4,2023-24,covid,0.46,42.08125
ME,202417,2024,4,2023-24,covid,0.4,42.08125
ME,202418,2024,4,2023-24,covid,0.43,42.08125
ME,202419,2024,5,2023-24,covid,0.45,55.73125
ME,202420,2024,5,2023-24,covid,0.52,55.73125
ME,202421,2024,5,,covid,0.47,55.73125
ME,202422,2024,5,,covid,0.47,55.73125
ME,202423,2024,6,,covid,0.43,64.725
ME,202424,2024,6,,covid,0.52,64.725
ME,202425,2024,6,,covid,0.58,64.725
ME,202426,2024,6,,covid,0.64,64.725
ME,202427,2024,6,,covid,0.72,64.725
ME,202428,2024,7,,covid,0.88,70.7375
ME,202429,2024,7,,covid,1.15,70.7375
ME,202430,2024,7,,covid,1.35,70.7375
ME,202431,2024,7,,covid,1.59,70.7375
ME,202432,2024,8,,covid,1.77,66.43125
ME,202433,2024,8,,covid,2.03,66.43125
ME,202434,2024,8,,covid,2.27,66.43125
ME,202435,2024,8,,covid,2.34,66.43125
ME,202436,2024,9,,covid,2.36,60.09375
ME,202437,2024,9,,covid,2.27,60.09375
ME,202438,2024,9,,covid,2.43,60.09375
ME,202439,2024,9,,covid,2.36,60.09375
ME,202440,2024,9,2024-25,covid,2.15,60.09375
ME,202441,2024,10,2024-25,covid,1.74,48.89375
ME,202442,2024,10,2024-25,covid,1.42,48.89375
ME,202443,2024,10,2024-25,covid,1.28,48.89375
ME,202444,2024,10,2024-25,covid,1.16,48.89375
ME,202445,2024,11,2024-25,covid,1.03,40.4
ME,202446,2024,11,2024-25,covid,0.95,40.4
ME,202447,2024,11,2024-25,covid,0.89,40.4
ME,202448,2024,11,2024-25,covid,0.92,40.4
ME,202449,2024,12,2024-25,covid,0.96,24.95625
ME,202450,2024,12,2024-25,covid,1.15,24.95625
ME,202451,2024,12,2024-25,covid,1.5,24.95625
ME,202452,2024,12,2024-25,covid,2.07,24.95625
ME,202501,2024,12,2024-25,covid,2.67,24.95625
ME,202502,2025,1,2024-25,covid,2.93,18.325
ME,202503,2025,1,2024-25,covid,2.63,18.325
ME,202504,2025,1,2024-25,covid,2.07,18.325
ME,202505,2025,1,2024-25,covid,1.66,18.325
ME,202506,2025,2,2024-25,covid,1.39,18.2125
ME,202507,2025,2,2024-25,covid,1.09,18.2125
ME,202508,2025,2,2024-25,covid,0.79,18.2125
ME,202509,2025,2,2024-25,covid,0.55,18.2125
ME,202510,2025,3,2024-25,covid,0.5,32.225
ME,202511,2025,3,2024-25,covid,0.43,32.225
ME,202512,2025,3,2024-25,covid,0.39,32.225
ME,202513,2025,3,2024-25,covid,0.32,32.225
ME,202514,2025,3,2024-25,covid,0.3,32.225
ME,202515,2025,4,2024-25,covid,0.28,42.1625
ME,202516,2025,4,2024-25,covid,0.28,42.1625
ME,202517,2025,4,2024-25,covid,0.25,42.1625
ME,202518,2025,4,2024-25,covid,0.22,42.1625
ME,202519,2025,5,2024-25,covid,0.2,53.5375
ME,202520,2025,5,2024-25,covid,0.2,53.5375
ME,202521,2025,5,,covid,0.18,53.5375
ME,202522,2025,5,,covid,0.16,53.5375
ME,202523,2025,6,,covid,0.16,62.90625
ME,202524,2025,6,,covid,0.16,62.90625
ME,202525,2025,6,,covid,0.16,62.90625
ME,202526,2025,6,,covid,0.15,62.90625
ME,202527,2025,6,,covid,0.18,62.90625
ME,202528,2025,7,,covid,0.18,69.43125
ME,202529,2025,7,,covid,0.22,69.43125
ME,202530,2025,7,,covid,0.22,69.43125
ME,202531,2025,7,,covid,0.25,69.43125
ME,202532,2025,8,,covid,0.27,66.025
ME,202533,2025,8,,covid,0.32,66.025
ME,202534,2025,8,,covid,0.38,66.025
ME,202535,2025,8,,covid,0.44,66.025
ME,202536,2025,8,,covid,0.53,66.025
ME,202537,2025,9,,covid,0.59,59.6875
ME,202538,2025,9,,covid,0.68,59.6875
ME,202539,2025,9,,covid,0.68,59.6875
ME,202540,2025,9,2025-26,covid,0.66,59.6875
ME,202541,2025,10,2025-26,covid,0.57,49.88125
ME,202542,2025,10,2025-26,covid,0.51,49.88125
ME,202543,2025,10,2025-26,covid,0.45,49.88125
ME,202544,2025,10,2025-26,covid,0.45,49.88125
ME,202545,2025,11,2025-26,covid,0.4,35.53125
ME,202546,2025,11,2025-26,covid,0.39,35.53125
ME,202547,2025,11,2025-26,covid,0.36,35.53125
ME,202548,2025,11,2025-26,covid,0.44,35.53125
ME,202549,2025,11,2025-26,covid,0.54,35.53125
ME,202550,2025,12,2025-26,covid,0.64,19.9375
ME,202551,2025,12,2025-26,covid,0.78,19.9375
ME,202552,2025,12,2025-26,covid,1.12,19.9375
ME,202553,2025,12,2025-26,covid,1.52,19.9375
ME,202601,2026,1,2025-26,covid,1.67,16.89375
ME,202602,2026,1,2025-26,covid,1.5,16.89375
ME,202603,2026,1,2025-26,covid,1.31,16.89375
ME,202604,2026,1,2025-26,covid,1.23,16.89375
ME,202605,2026,2,2025-26,covid,1.24,18.75625
ME,202606,2026,2,2025-26,covid,1.21,18.75625
ME,202607,2026,2,2025-26,covid,1.12,18.75625
ME,202608,2026,2,2025-26,covid,1.03,18.75625
ME,202609,2026,3,2025-26,covid,0.87,31.43125
ME,202610,2026,3,2025-26,covid,0.78,31.43125
ME,202611,2026,3,2025-26,covid,0.55,31.43125
ME,202612,2026,3,2025-26,covid,0.4,31.43125
ME,202613,2026,3,2025-26,covid,0.24,31.43125
ME,202614,2026,4,2025-26,covid,0.22,41.99375
ME,202615,2026,4,2025-26,covid,0.2,41.99375
ME,202616,2026,4,2025-26,covid,0.17,41.99375
ME,202617,2026,4,2025-26,covid,0.13,41.99375
ME,202618,2026,5,2025-26,covid,0.08,52.44375
ME,202619,2026,5,2025-26,covid,0.05,52.44375
ME,202620,2026,5,2025-26,covid,0.06,52.44375
ME,202621,2026,5,,covid,0.05,52.44375
ME,202622,2026,5,,covid,0.05,52.44375
ME,202623,2026,6,,covid,0.03,63.875
ME,202624,2026,6,,covid,0.02,63.875
ME,202625,2026,6,,covid,0.01,63.875
ME,202626,2026,6,,covid,0.02,63.875
ME,202627,2026,7,,covid,0.02,68.41875
ME,202628,2026,7,,covid,0.03,68.41875
ME,202629,2026,7,,covid,0.04,68.41875
ME,202630,2026,7,,covid,0.05,68.41875
ME,202631,2026,8,,covid,0.05,68.2375
ME,202632,2026,8,,covid,0.06,68.2375
ME,202633,2026,8,,covid,0.06,68.2375
ME,202634,2026,8,,covid,0.07,68.2375
ME,202635,2026,8,,covid,0.06,68.2375
ME,202636,2026,9,,covid,0.08,
ME,202239,2022,9,,influenza,0.04,58.33125
ME,202240,2022,10,2022-23,influenza,0.05,50.05625
ME,202241,2022,10,2022-23,influenza,0.05,50.05625
ME,202242,2022,10,2022-23,influenza,0.08,50.05625
ME,202243,2022,10,2022-23,influenza,0.12,50.05625
ME,202244,2022,10,2022-23,influenza,0.21,50.05625
ME,202245,2022,11,2022-23,influenza,0.41,39.550000000000004
ME,202246,2022,11,2022-23,influenza,0.69,39.550000000000004
ME,202247,2022,11,2022-23,influenza,1.66,39.550000000000004
ME,202248,2022,11,2022-23,influenza,3.35,39.550000000000004
ME,202249,2022,12,2022-23,influenza,5.56,29.33125
ME,202250,2022,12,2022-23,influenza,7.88,29.33125
ME,202251,2022,12,2022-23,influenza,9.25,29.33125
ME,202252,2022,12,2022-23,influenza,9.12,29.33125
ME,202301,2023,1,2022-23,influenza,7.05,27.03125
ME,202302,2023,1,2022-23,influenza,4.55,27.03125
ME,202303,2023,1,2022-23,influenza,2.35,27.03125
ME,202304,2023,1,2022-23,influenza,1.03,27.03125
ME,202305,2023,1,2022-23,influenza,0.52,27.03125
ME,202306,2023,2,2022-23,influenza,0.25,21.64375
ME,202307,2023,2,2022-23,influenza,0.19,21.64375
ME,202308,2023,2,2022-23,influenza,0.15,21.64375
ME,202309,2023,2,2022-23,influenza,0.13,21.64375
ME,202310,2023,3,2022-23,influenza,0.13,32.1875
ME,202311,2023,3,2022-23,influenza,0.12,32.1875
ME,202312,2023,3,2022-23,influenza,0.12,32.1875
ME,202313,2023,3,2022-23,influenza,0.11,32.1875
ME,202314,2023,4,2022-23,influenza,0.11,43.1625
ME,202315,2023,4,2022-23,influenza,0.11,43.1625
ME,202316,2023,4,2022-23,influenza,0.09,43.1625
ME,202317,2023,4,2022-23,influenza,0.07,43.1625
ME,202318,2023,4,2022-23,influenza,0.05,43.1625
ME,202319,2023,5,2022-23,influenza,0.05,52.6625
ME,202320,2023,5,2022-23,influenza,0.05,52.6625
ME,202321,2023,5,,influenza,0.04,52.6625
ME,202322,2023,5,,influenza,0.04,52.6625
ME,202323,2023,6,,influenza,0.02,60.3375
ME,202324,2023,6,,influenza,0.02,60.3375
ME,202325,2023,6,,influenza,0.02,60.3375
ME,202326,2023,6,,influenza,0.03,60.3375
ME,202327,2023,7,,influenza,0.03,70.4125
ME,202328,2023,7,,influenza,0.03,70.4125
ME,202329,2023,7,,influenza,0.03,70.4125
ME,202330,2023,7,,influenza,0.03,70.4125
ME,202331,2023,7,,influenza,0.04,70.4125
ME,202332,2023,8,,influenza,0.03,64.66875
ME,202333,2023,8,,influenza,0.04,64.66875
ME,202334,2023,8,,influenza,0.03,64.66875
ME,202335,2023,8,,influenza,0.04,64.66875
ME,202336,2023,9,,influenza,0.03,62.075
ME,202337,2023,9,,influenza,0.04,62.075
ME,202338,2023,9,,influenza,0.03,62.075
ME,202339,2023,9,,influenza,0.03,62.075
ME,202340,2023,10,2023-24,influenza,0.04,52.80625
ME,202341,2023,10,2023-24,influenza,0.06,52.80625
ME,202342,2023,10,2023-24,influenza,0.07,52.80625
ME,202343,2023,10,2023-24,influenza,0.07,52.80625
ME,202344,2023,10,2023-24,influenza,0.09,52.80625
ME,202345,2023,11,2023-24,influenza,0.12,33.55
ME,202346,2023,11,2023-24,influenza,0.17,33.55
ME,202347,2023,11,2023-24,influenza,0.27,33.55
ME,202348,2023,11,2023-24,influenza,0.4,33.55
ME,202349,2023,12,2023-24,influenza,0.53,30.8375
ME,202350,2023,12,2023-24,influenza,0.78,30.8375
ME,202351,2023,12,2023-24,influenza,1.24,30.8375
ME,202352,2023,12,2023-24,influenza,1.96,30.8375
ME,202401,2023,12,2023-24,influenza,2.32,30.8375
ME,202402,2024,1,2023-24,influenza,2.48,22.9375
ME,202403,2024,1,2023-24,influenza,2.33,22.9375
ME,202404,2024,1,2023-24,influenza,2.32,22.9375
ME,202405,2024,1,2023-24,influenza,2.4,22.9375
ME,202406,2024,2,2023-24,influenza,2.7,26.1
ME,202407,2024,2,2023-24,influenza,3.03,26.1
ME,202408,2024,2,2023-24,influenza,3.23,26.1
ME,202409,2024,2,2023-24,influenza,2.93,26.1
ME,202410,2024,3,2023-24,influenza,2.51,34.275
ME,202411,2024,3,2023-24,influenza,1.97,34.275
ME,202412,2024,3,2023-24,influenza,1.67,34.275
ME,202413,2024,3,2023-24,influenza,1.41,34.275
ME,202414,2024,3,2023-24,influenza,1.31,34.275
ME,202415,2024,4,2023-24,influenza,1.2,42.08125
ME,202416,2024,4,2023-24,influenza,1.05,42.08125
ME,202417,2024,4,2023-24,influenza,0.8,42.08125
ME,202418,2024,4,2023-24,influenza,0.69,42.08125
ME,202419,2024,5,2023-24,influenza,0.6,55.73125
ME,202420,2024,5,2023-24,influenza,0.54,55.73125
ME,202421,2024,5,,influenza,0.41,55.73125
ME,202422,2024,5,,influenza,0.28,55.73125
ME,202423,2024,6,,influenza,0.19,64.725
ME,202424,2024,6,,influenza,0.12,64.725
ME,202425,2024,6,,influenza,0.09,64.725
ME,202426,2024,6,,influenza,0.09,64.725
ME,202427,2024,6,,influenza,0.06,64.725
ME,202428,2024,7,,influenza,0.06,70.7375
ME,202429,2024,7,,influenza,0.04,70.7375
ME,202430,2024,7,,influenza,0.06,70.7375
ME,202431,2024,7,,influenza,0.04,70.7375
ME,202432,2024,8,,influenza,0.05,66.43125
ME,202433,2024,8,,influenza,0.03,66.43125
ME,202434,2024,8,,influenza,0.03,66.43125
ME,202435,2024,8,,influenza,0.03,66.43125
ME,202436,2024,9,,influenza,0.04,60.09375
ME,202437,2024,9,,influenza,0.03,60.09375
ME,202438,2024,9,,influenza,0.04,60.09375
ME,202439,2024,9,,influenza,0.06,60.09375
ME,202440,2024,9,2024-25,influenza,0.08,60.09375
ME,202441,2024,10,2024-25,influenza,0.07,48.89375
ME,202442,2024,10,2024-25,influenza,0.05,48.89375
ME,202443,2024,10,2024-25,influenza,0.05,48.89375
ME,202444,2024,10,2024-25,influenza,0.04,48.89375
ME,202445,2024,11,2024-25,influenza,0.06,40.4
ME,202446,2024,11,2024-25,influenza,0.05,40.4
ME,202447,2024,11,2024-25,influenza,0.05,40.4
ME,202448,2024,11,2024-25,influenza,0.06,40.4
ME,202449,2024,12,2024-25,influenza,0.09,24.95625
ME,202450,2024,12,2024-25,influenza,0.12,24.95625
ME,202451,2024,12,2024-25,influenza,0.27,24.95625
ME,202452,2024,12,2024-25,influenza,0.72,24.95625
ME,202501,2024,12,2024-25,influenza,1.38,24.95625
ME,202502,2025,1,2024-25,influenza,1.96,18.325
ME,202503,2025,1,2024-25,influenza,2.39,18.325
ME,202504,2025,1,2024-25,influenza,3.15,18.325
ME,202505,2025,1,2024-25,influenza,4.17,18.325
ME,202506,2025,2,2024-25,influenza,5.65,18.2125
ME,202507,2025,2,2024-25,influenza,7.01,18.2125
ME,202508,2025,2,2024-25,influenza,7.95,18.2125
ME,202509,2025,2,2024-25,influenza,7.78,18.2125
ME,202510,2025,3,2024-25,influenza,6.95,32.225
ME,202511,2025,3,2024-25,influenza,5.84,32.225
ME,202512,2025,3,2024-25,influenza,4.79,32.225
ME,202513,2025,3,2024-25,influenza,3.74,32.225
ME,202514,2025,3,2024-25,influenza,2.96,32.225
ME,202515,2025,4,2024-25,influenza,2.35,42.1625
ME,202516,2025,4,2024-25,influenza,1.83,42.1625
ME,202517,2025,4,2024-25,influenza,1.4,42.1625
ME,202518,2025,4,2024-25,influenza,0.97,42.1625
ME,202519,2025,5,2024-25,influenza,0.65,53.5375
ME,202520,2025,5,2024-25,influenza,0.34,53.5375
ME,202521,2025,5,,influenza,0.22,53.5375
ME,202522,2025,5,,influenza,0.15,53.5375
ME,202523,2025,6,,influenza,0.11,62.90625
ME,202524,2025,6,,influenza,0.07,62.90625
ME,202525,2025,6,,influenza,0.05,62.90625
ME,202526,2025,6,,influenza,0.05,62.90625
ME,202527,2025,6,,influenza,0.05,62.90625
ME,202528,2025,7,,influenza,0.04,69.43125
ME,202529,2025,7,,influenza,0.04,69.43125
ME,202530,2025,7,,influenza,0.04,69.43125
ME,202531,2025,7,,influenza,0.05,69.43125
ME,202532,2025,8,,influenza,0.05,66.025
ME,202533,2025,8,,influenza,0.06,66.025
ME,202534,2025,8,,influenza,0.04,66.025
ME,202535,2025,8,,influenza,0.04,66.025
ME,202536,2025,8,,influenza,0.03,66.025
ME,202537,2025,9,,influenza,0.03,59.6875
ME,202538,2025,9,,influenza,0.05,59.6875
ME,202539,2025,9,,influenza,0.05,59.6875
ME,202540,2025,9,2025-26,influenza,0.1,59.6875
ME,202541,2025,10,2025-26,influenza,0.09,49.88125
ME,202542,2025,10,2025-26,influenza,0.1,49.88125
ME,202543,2025,10,2025-26,influenza,0.08,49.88125
ME,202544,2025,10,2025-26,influenza,0.09,49.88125
ME,202545,2025,11,2025-26,influenza,0.13,35.53125
ME,202546,2025,11,2025-26,influenza,0.16,35.53125
ME,202547,2025,11,2025-26,influenza,0.21,35.53125
ME,202548,2025,11,2025-26,influenza,0.32,35.53125
ME,202549,2025,11,2025-26,influenza,0.53,35.53125
ME,202550,2025,12,2025-26,influenza,0.9,19.9375
ME,202551,2025,12,2025-26,influenza,1.97,19.9375
ME,202552,2025,12,2025-26,influenza,4.16,19.9375
ME,202553,2025,12,2025-26,influenza,6.3,19.9375
ME,202601,2026,1,2025-26,influenza,6.63,16.89375
ME,202602,2026,1,2025-26,influenza,5.69,16.89375
ME,202603,2026,1,2025-26,influenza,4.39,16.89375
ME,202604,2026,1,2025-26,influenza,3.7,16.89375
ME,202605,2026,2,2025-26,influenza,3.0,18.75625
ME,202606,2026,2,2025-26,influenza,2.56,18.75625
ME,202607,2026,2,2025-26,influenza,2.42,18.75625
ME,202608,2026,2,2025-26,influenza,2.15,18.75625
ME,202609,2026,3,2025-26,influenza,1.89,31.43125
ME,202610,2026,3,2025-26,influenza,1.57,31.43125
ME,202611,2026,3,2025-26,influenza,1.52,31.43125
ME,202612,2026,3,2025-26,influenza,1.51,31.43125
ME,202613,2026,3,2025-26,influenza,1.59,31.43125
ME,202614,2026,4,2025-26,influenza,1.48,41.99375
ME,202615,2026,4,2025-26,influenza,1.23,41.99375
ME,202616,2026,4,2025-26,influenza,0.94,41.99375
ME,202617,2026,4,2025-26,influenza,0.67,41.99375
ME,202618,2026,5,2025-26,influenza,0.5,52.44375
ME,202619,2026,5,2025-26,influenza,0.33,52.44375
ME,202620,2026,5,2025-26,influenza,0.23,52.44375
ME,202621,2026,5,,influenza,0.15,52.44375
ME,202622,2026,5,,influenza,0.13,52.44375
ME,202623,2026,6,,influenza,0.11,63.875
ME,202624,2026,6,,influenza,0.09,63.875
ME,202625,2026,6,,influenza,0.08,63.875
ME,202626,2026,6,,influenza,0.06,63.875
ME,202627,2026,7,,influenza,0.06,68.41875
ME,202628,2026,7,,influenza,0.06,68.41875
ME,202629,2026,7,,influenza,0.06,68.41875
ME,202630,2026,7,,influenza,0.05,68.41875
ME,202631,2026,8,,influenza,0.04,68.2375
ME,202632,2026,8,,influenza,0.04,68.2375
ME,202633,2026,8,,influenza,0.05,68.2375
ME,202634,2026,8,,influenza,0.06,68.2375
ME,202635,2026,8,,influenza,0.07,68.2375
ME,202636,2026,9,,influenza,0.1,
ME,202239,2022,9,,rsv,0.13,58.33125
ME,202240,2022,10,2022-23,rsv,0.2,50.05625
ME,202241,2022,10,2022-23,rsv,0.29,50.05625
ME,202242,2022,10,2022-23,rsv,0.41,50.05625
ME,202243,2022,10,2022-23,rsv,0.68,50.05625
ME,202244,2022,10,2022-23,rsv,1.04,50.05625
ME,202245,2022,11,2022-23,rsv,1.5,39.550000000000004
ME,202246,2022,11,2022-23,rsv,1.78,39.550000000000004
ME,202247,2022,11,2022-23,rsv,1.78,39.550000000000004
ME,202248,2022,11,2022-23,rsv,1.51,39.550000000000004
ME,202249,2022,12,2022-23,rsv,1.13,29.33125
ME,202250,2022,12,2022-23,rsv,0.89,29.33125
ME,202251,2022,12,2022-23,rsv,0.64,29.33125
ME,202252,2022,12,2022-23,rsv,0.52,29.33125
ME,202301,2023,1,2022-23,rsv,0.45,27.03125
ME,202302,2023,1,2022-23,rsv,0.39,27.03125
ME,202303,2023,1,2022-23,rsv,0.31,27.03125
ME,202304,2023,1,2022-23,rsv,0.2,27.03125
ME,202305,2023,1,2022-23,rsv,0.13,27.03125
ME,202306,2023,2,2022-23,rsv,0.08,21.64375
ME,202307,2023,2,2022-23,rsv,0.07,21.64375
ME,202308,2023,2,2022-23,rsv,0.06,21.64375
ME,202309,2023,2,2022-23,rsv,0.04,21.64375
ME,202310,2023,3,2022-23,rsv,0.04,32.1875
ME,202311,2023,3,2022-23,rsv,0.04,32.1875
ME,202312,2023,3,2022-23,rsv,0.04,32.1875
ME,202313,2023,3,2022-23,rsv,0.02,32.1875
ME,202314,2023,4,2022-23,rsv,0.01,43.1625
ME,202315,2023,4,2022-23,rsv,0.01,43.1625
ME,202316,2023,4,2022-23,rsv,0.01,43.1625
ME,202317,2023,4,2022-23,rsv,0.01,43.1625
ME,202318,2023,4,2022-23,rsv,0.02,43.1625
ME,202319,2023,5,2022-23,rsv,0.01,52.6625
ME,202320,2023,5,2022-23,rsv,0.02,52.6625
ME,202321,2023,5,,rsv,0.01,52.6625
ME,202322,2023,5,,rsv,0.01,52.6625
ME,202323,2023,6,,rsv,0.0,60.3375
ME,202324,2023,6,,rsv,0.0,60.3375
ME,202325,2023,6,,rsv,0.0,60.3375
ME,202326,2023,6,,rsv,0.0,60.3375
ME,202327,2023,7,,rsv,0.0,70.4125
ME,202328,2023,7,,rsv,0.0,70.4125
ME,202329,2023,7,,rsv,0.0,70.4125
ME,202330,2023,7,,rsv,0.0,70.4125
ME,202331,2023,7,,rsv,0.01,70.4125
ME,202332,2023,8,,rsv,0.01,64.66875
ME,202333,2023,8,,rsv,0.01,64.66875
ME,202334,2023,8,,rsv,0.01,64.66875
ME,202335,2023,8,,rsv,0.0,64.66875
ME,202336,2023,9,,rsv,0.0,62.075
ME,202337,2023,9,,rsv,0.0,62.075
ME,202338,2023,9,,rsv,0.02,62.075
ME,202339,2023,9,,rsv,0.02,62.075
ME,202340,2023,10,2023-24,rsv,0.02,52.80625
ME,202341,2023,10,2023-24,rsv,0.02,52.80625
ME,202342,2023,10,2023-24,rsv,0.04,52.80625
ME,202343,2023,10,2023-24,rsv,0.06,52.80625
ME,202344,2023,10,2023-24,rsv,0.09,52.80625
ME,202345,2023,11,2023-24,rsv,0.1,33.55
ME,202346,2023,11,2023-24,rsv,0.15,33.55
ME,202347,2023,11,2023-24,rsv,0.26,33.55
ME,202348,2023,11,2023-24,rsv,0.38,33.55
ME,202349,2023,12,2023-24,rsv,0.57,30.8375
ME,202350,2023,12,2023-24,rsv,0.71,30.8375
ME,202351,2023,12,2023-24,rsv,0.91,30.8375
ME,202352,2023,12,2023-24,rsv,1.01,30.8375
ME,202401,2023,12,2023-24,rsv,1.07,30.8375
ME,202402,2024,1,2023-24,rsv,1.03,22.9375
ME,202403,2024,1,2023-24,rsv,0.85,22.9375
ME,202404,2024,1,2023-24,rsv,0.66,22.9375
ME,202405,2024,1,2023-24,rsv,0.52,22.9375
ME,202406,2024,2,2023-24,rsv,0.48,26.1
ME,202407,2024,2,2023-24,rsv,0.47,26.1
ME,202408,2024,2,2023-24,rsv,0.42,26.1
ME,202409,2024,2,2023-24,rsv,0.37,26.1
ME,202410,2024,3,2023-24,rsv,0.29,34.275
ME,202411,2024,3,2023-24,rsv,0.27,34.275
ME,202412,2024,3,2023-24,rsv,0.21,34.275
ME,202413,2024,3,2023-24,rsv,0.17,34.275
ME,202414,2024,3,2023-24,rsv,0.11,34.275
ME,202415,2024,4,2023-24,rsv,0.09,42.08125
ME,202416,2024,4,2023-24,rsv,0.07,42.08125
ME,202417,2024,4,2023-24,rsv,0.04,42.08125
ME,202418,2024,4,2023-24,rsv,0.03,42.08125
ME,202419,2024,5,2023-24,rsv,0.02,55.73125
ME,202420,2024,5,2023-24,rsv,0.01,55.73125
ME,202421,2024,5,,rsv,0.02,55.73125
ME,202422,2024,5,,rsv,0.01,55.73125
ME,202423,2024,6,,rsv,0.01,64.725
ME,202424,2024,6,,rsv,0.01,64.725
ME,202425,2024,6,,rsv,0.01,64.725
ME,202426,2024,6,,rsv,0.01,64.725
ME,202427,2024,6,,rsv,0.01,64.725
ME,202428,2024,7,,rsv,0.0,70.7375
ME,202429,2024,7,,rsv,0.0,70.7375
ME,202430,2024,7,,rsv,0.0,70.7375
ME,202431,2024,7,,rsv,0.0,70.7375
ME,202432,2024,8,,rsv,0.0,66.43125
ME,202433,2024,8,,rsv,0.0,66.43125
ME,202434,2024,8,,rsv,0.0,66.43125
ME,202435,2024,8,,rsv,0.0,66.43125
ME,202436,2024,9,,rsv,0.0,60.09375
ME,202437,2024,9,,rsv,0.0,60.09375
ME,202438,2024,9,,rsv,0.0,60.09375
ME,202439,2024,9,,rsv,0.0,60.09375
ME,202440,2024,9,2024-25,rsv,0.01,60.09375
ME,202441,2024,10,2024-25,rsv,0.01,48.89375
ME,202442,2024,10,2024-25,rsv,0.01,48.89375
ME,202443,2024,10,2024-25,rsv,0.01,48.89375
ME,202444,2024,10,2024-25,rsv,0.01,48.89375
ME,202445,2024,11,2024-25,rsv,0.02,40.4
ME,202446,2024,11,2024-25,rsv,0.02,40.4
ME,202447,2024,11,2024-25,rsv,0.03,40.4
ME,202448,2024,11,2024-25,rsv,0.04,40.4
ME,202449,2024,12,2024-25,rsv,0.06,24.95625
ME,202450,2024,12,2024-25,rsv,0.09,24.95625
ME,202451,2024,12,2024-25,rsv,0.16,24.95625
ME,202452,2024,12,2024-25,rsv,0.24,24.95625
ME,202501,2024,12,2024-25,rsv,0.35,24.95625
ME,202502,2025,1,2024-25,rsv,0.41,18.325
ME,202503,2025,1,2024-25,rsv,0.51,18.325
ME,202504,2025,1,2024-25,rsv,0.58,18.325
ME,202505,2025,1,2024-25,rsv,0.66,18.325
ME,202506,2025,2,2024-25,rsv,0.73,18.2125
ME,202507,2025,2,2024-25,rsv,0.7,18.2125
ME,202508,2025,2,2024-25,rsv,0.66,18.2125
ME,202509,2025,2,2024-25,rsv,0.58,18.2125
ME,202510,2025,3,2024-25,rsv,0.56,32.225
ME,202511,2025,3,2024-25,rsv,0.51,32.225
ME,202512,2025,3,2024-25,rsv,0.44,32.225
ME,202513,2025,3,2024-25,rsv,0.4,32.225
ME,202514,2025,3,2024-25,rsv,0.36,32.225
ME,202515,2025,4,2024-25,rsv,0.28,42.1625
ME,202516,2025,4,2024-25,rsv,0.2,42.1625
ME,202517,2025,4,2024-25,rsv,0.18,42.1625
ME,202518,2025,4,2024-25,rsv,0.14,42.1625
ME,202519,2025,5,2024-25,rsv,0.11,53.5375
ME,202520,2025,5,2024-25,rsv,0.08,53.5375
ME,202521,2025,5,,rsv,0.08,53.5375
ME,202522,2025,5,,rsv,0.06,53.5375
ME,202523,2025,6,,rsv,0.04,62.90625
ME,202524,2025,6,,rsv,0.01,62.90625
ME,202525,2025,6,,rsv,0.01,62.90625
ME,202526,2025,6,,rsv,0.01,62.90625
ME,202527,2025,6,,rsv,0.01,62.90625
ME,202528,2025,7,,rsv,0.0,69.43125
ME,202529,2025,7,,rsv,0.01,69.43125
ME,202530,2025,7,,rsv,0.0,69.43125
ME,202531,2025,7,,rsv,0.0,69.43125
ME,202532,2025,8,,rsv,0.0,66.025
ME,202533,2025,8,,rsv,0.01,66.025
ME,202534,2025,8,,rsv,0.01,66.025
ME,202535,2025,8,,rsv,0.0,66.025
ME,202536,2025,8,,rsv,0.0,66.025
ME,202537,2025,9,,rsv,0.02,59.6875
ME,202538,2025,9,,rsv,0.03,59.6875
ME,202539,2025,9,,rsv,0.04,59.6875
ME,202540,2025,9,2025-26,rsv,0.02,59.6875
ME,202541,2025,10,2025-26,rsv,0.02,49.88125
ME,202542,2025,10,2025-26,rsv,0.02,49.88125
ME,202543,2025,10,2025-26,rsv,0.02,49.88125
ME,202544,2025,10,2025-26,rsv,0.01,49.88125
ME,202545,2025,11,2025-26,rsv,0.01,35.53125
ME,202546,2025,11,2025-26,rsv,0.02,35.53125
ME,202547,2025,11,2025-26,rsv,0.01,35.53125
ME,202548,2025,11,2025-26,rsv,0.01,35.53125
ME,202549,2025,11,2025-26,rsv,0.01,35.53125
ME,202550,2025,12,2025-26,rsv,0.02,19.9375
ME,202551,2025,12,2025-26,rsv,0.04,19.9375
ME,202552,2025,12,2025-26,rsv,0.05,19.9375
ME,202553,2025,12,2025-26,rsv,0.07,19.9375
ME,202601,2026,1,2025-26,rsv,0.07,16.89375
ME,202602,2026,1,2025-26,rsv,0.08,16.89375
ME,202603,2026,1,2025-26,rsv,0.09,16.89375
ME,202604,2026,1,2025-26,rsv,0.12,16.89375
ME,202605,2026,2,2025-26,rsv,0.19,18.75625
ME,202606,2026,2,2025-26,rsv,0.23,18.75625
ME,202607,2026,2,2025-26,rsv,0.3,18.75625
ME,202608,2026,2,2025-26,rsv,0.38,18.75625
ME,202609,2026,3,2025-26,rsv,0.46,31.43125
ME,202610,2026,3,2025-26,rsv,0.51,31.43125
ME,202611,2026,3,2025-26,rsv,0.57,31.43125
ME,202612,2026,3,2025-26,rsv,0.62,31.43125
ME,202613,2026,3,2025-26,rsv,0.65,31.43125
ME,202614,2026,4,2025-26,rsv,0.62,41.99375
ME,202615,2026,4,2025-26,rsv,0.62,41.99375
ME,202616,2026,4,2025-26,rsv,0.57,41.99375
ME,202617,2026,4,2025-26,rsv,0.49,41.99375
ME,202618,2026,5,2025-26,rsv,0.33,52.44375
ME,202619,2026,5,2025-26,rsv,0.22,52.44375
ME,202620,2026,5,2025-26,rsv,0.15,52.44375
ME,202621,2026,5,,rsv,0.1,52.44375
ME,202622,2026,5,,rsv,0.09,52.44375
ME,202623,2026,6,,rsv,0.07,63.875
ME,202624,2026,6,,rsv,0.05,63.875
ME,202625,2026,6,,rsv,0.04,63.875
ME,202626,2026,6,,rsv,0.03,63.875
ME,202627,2026,7,,rsv,0.03,68.41875
ME,202628,2026,7,,rsv,0.03,68.41875
ME,202629,2026,7,,rsv,0.03,68.41875
ME,202630,2026,7,,rsv,0.02,68.41875
ME,202631,2026,8,,rsv,0.01,68.2375
ME,202632,2026,8,,rsv,0.01,68.2375
ME,202633,2026,8,,rsv,0.0,68.2375
ME,202634,2026,8,,rsv,0.0,68.2375
ME,202635,2026,8,,rsv,0.0,68.2375
ME,202636,2026,9,,rsv,0.0,
NH,202239,2022,9,,covid,2.68,58.870000000000005
NH,202240,2022,10,2022-23,covid,3.02,49.21
NH,202241,2022,10,2022-23,covid,3.11,49.21
NH,202242,2022,10,2022-23,covid,3.14,49.21
NH,202243,2022,10,2022-23,covid,2.93,49.21
NH,202244,2022,10,2022-23,covid,2.58,49.21
NH,202245,2022,11,2022-23,covid,2.3,40.33
NH,202246,2022,11,2022-23,covid,1.94,40.33
NH,202247,2022,11,2022-23,covid,1.77,40.33
NH,202248,2022,11,2022-23,covid,1.84,40.33
NH,202249,2022,12,2022-23,covid,2.05,29.02
NH,202250,2022,12,2022-23,covid,2.37,29.02
NH,202251,2022,12,2022-23,covid,2.64,29.02
NH,202252,2022,12,2022-23,covid,2.99,29.02
NH,202301,2023,1,2022-23,covid,3.18,29.939999999999998
NH,202302,2023,1,2022-23,covid,3.1,29.939999999999998
NH,202303,2023,1,2022-23,covid,2.85,29.939999999999998
NH,202304,2023,1,2022-23,covid,2.27,29.939999999999998
NH,202305,2023,1,2022-23,covid,2.11,29.939999999999998
NH,202306,2023,2,2022-23,covid,1.87,25.29
NH,202307,2023,2,2022-23,covid,2.07,25.29
NH,202308,2023,2,2022-23,covid,1.96,25.29
NH,202309,2023,2,2022-23,covid,1.97,25.29
NH,202310,2023,3,2022-23,covid,1.68,33.22
NH,202311,2023,3,2022-23,covid,1.45,33.22
NH,202312,2023,3,2022-23,covid,1.15,33.22
NH,202313,2023,3,2022-23,covid,0.98,33.22
NH,202314,2023,4,2022-23,covid,0.93,45.82
NH,202315,2023,4,2022-23,covid,0.9,45.82
NH,202316,2023,4,2022-23,covid,0.89,45.82
NH,202317,2023,4,2022-23,covid,0.7,45.82
NH,202318,2023,4,2022-23,covid,0.58,45.82
NH,202319,2023,5,2022-23,covid,0.54,53.67999999999999
NH,202320,2023,5,2022-23,covid,0.51,53.67999999999999
NH,202321,2023,5,,covid,0.53,53.67999999999999
NH,202322,2023,5,,covid,0.46,53.67999999999999
NH,202323,2023,6,,covid,0.47,62.529999999999994
NH,202324,2023,6,,covid,0.5,62.529999999999994
NH,202325,2023,6,,covid,0.5,62.529999999999994
NH,202326,2023,6,,covid,0.51,62.529999999999994
NH,202327,2023,7,,covid,0.53,71.21000000000001
NH,202328,2023,7,,covid,0.55,71.21000000000001
NH,202329,2023,7,,covid,0.55,71.21000000000001
NH,202330,2023,7,,covid,0.57,71.21000000000001
NH,202331,2023,7,,covid,0.67,71.21000000000001
NH,202332,2023,8,,covid,0.85,65.27000000000001
NH,202333,2023,8,,covid,0.91,65.27000000000001
NH,202334,2023,8,,covid,1.1,65.27000000000001
NH,202335,2023,8,,covid,1.31,65.27000000000001
NH,202336,2023,9,,covid,1.57,62.239999999999995
NH,202337,2023,9,,covid,1.85,62.239999999999995
NH,202338,2023,9,,covid,2.01,62.239999999999995
NH,202339,2023,9,,covid,2.1,62.239999999999995
NH,202340,2023,10,2023-24,covid,2.0,53.010000000000005
NH,202341,2023,10,2023-24,covid,1.79,53.010000000000005
NH,202342,2023,10,2023-24,covid,1.64,53.010000000000005
NH,202343,2023,10,2023-24,covid,1.44,53.010000000000005
NH,202344,2023,10,2023-24,covid,1.37,53.010000000000005
NH,202345,2023,11,2023-24,covid,1.38,34.43
NH,202346,2023,11,2023-24,covid,1.42,34.43
NH,202347,2023,11,2023-24,covid,1.62,34.43
NH,202348,2023,11,2023-24,covid,1.81,34.43
NH,202349,2023,12,2023-24,covid,2.27,33.339999999999996
NH,202350,2023,12,2023-24,covid,2.62,33.339999999999996
NH,202351,2023,12,2023-24,covid,3.05,33.339999999999996
NH,202352,2023,12,2023-24,covid,3.53,33.339999999999996
NH,202401,2023,12,2023-24,covid,3.69,33.339999999999996
NH,202402,2024,1,2023-24,covid,3.79,25.57
NH,202403,2024,1,2023-24,covid,3.1,25.57
NH,202404,2024,1,2023-24,covid,2.57,25.57
NH,202405,2024,1,2023-24,covid,2.02,25.57
NH,202406,2024,2,2023-24,covid,1.73,28.310000000000002
NH,202407,2024,2,2023-24,covid,1.53,28.310000000000002
NH,202408,2024,2,2023-24,covid,1.17,28.310000000000002
NH,202409,2024,2,2023-24,covid,1.04,28.310000000000002
NH,202410,2024,3,2023-24,covid,0.89,36.08
NH,202411,2024,3,2023-24,covid,0.76,36.08
NH,202412,2024,3,2023-24,covid,0.64,36.08
NH,202413,2024,3,2023-24,covid,0.53,36.08
NH,202414,2024,3,2023-24,covid,0.5,36.08
NH,202415,2024,4,2023-24,covid,0.47,43.79
NH,202416,2024,4,2023-24,covid,0.42,43.79
NH,202417,2024,4,2023-24,covid,0.4,43.79
NH,202418,2024,4,2023-24,covid,0.36,43.79
NH,202419,2024,5,2023-24,covid,0.38,58.04
NH,202420,2024,5,2023-24,covid,0.33,58.04
NH,202421,2024,5,,covid,0.36,58.04
NH,202422,2024,5,,covid,0.36,58.04
NH,202423,2024,6,,covid,0.37,66.37
NH,202424,2024,6,,covid,0.4,66.37
NH,202425,2024,6,,covid,0.45,66.37
NH,202426,2024,6,,covid,0.61,66.37
NH,202427,2024,6,,covid,0.81,66.37
NH,202428,2024,7,,covid,1.0,72.32
NH,202429,2024,7,,covid,1.17,72.32
NH,202430,2024,7,,covid,1.34,72.32
NH,202431,2024,7,,covid,1.53,72.32
NH,202432,2024,8,,covid,1.69,66.6
NH,202433,2024,8,,covid,1.82,66.6
NH,202434,2024,8,,covid,2.07,66.6
NH,202435,2024,8,,covid,2.22,66.6
NH,202436,2024,9,,covid,2.32,60.39
NH,202437,2024,9,,covid,2.21,60.39
NH,202438,2024,9,,covid,2.1,60.39
NH,202439,2024,9,,covid,1.97,60.39
NH,202440,2024,9,2024-25,covid,1.73,60.39
NH,202441,2024,10,2024-25,covid,1.53,48.94
NH,202442,2024,10,2024-25,covid,1.3,48.94
NH,202443,2024,10,2024-25,covid,1.14,48.94
NH,202444,2024,10,2024-25,covid,0.95,48.94
NH,202445,2024,11,2024-25,covid,0.81,40.68
NH,202446,2024,11,2024-25,covid,0.74,40.68
NH,202447,2024,11,2024-25,covid,0.71,40.68
NH,202448,2024,11,2024-25,covid,0.73,40.68
NH,202449,2024,12,2024-25,covid,0.83,25.630000000000003
NH,202450,2024,12,2024-25,covid,1.01,25.630000000000003
NH,202451,2024,12,2024-25,covid,1.48,25.630000000000003
NH,202452,2024,12,2024-25,covid,2.06,25.630000000000003
NH,202501,2024,12,2024-25,covid,2.62,25.630000000000003
NH,202502,2025,1,2024-25,covid,2.65,19.509999999999998
NH,202503,2025,1,2024-25,covid,2.4,19.509999999999998
NH,202504,2025,1,2024-25,covid,1.95,19.509999999999998
NH,202505,2025,1,2024-25,covid,1.63,19.509999999999998
NH,202506,2025,2,2024-25,covid,1.28,20.21
NH,202507,2025,2,2024-25,covid,1.01,20.21
NH,202508,2025,2,2024-25,covid,0.78,20.21
NH,202509,2025,2,2024-25,covid,0.62,20.21
NH,202510,2025,3,2024-25,covid,0.48,34.63
NH,202511,2025,3,2024-25,covid,0.4,34.63
NH,202512,2025,3,2024-25,covid,0.41,34.63
NH,202513,2025,3,2024-25,covid,0.42,34.63
NH,202514,2025,3,2024-25,covid,0.49,34.63
NH,202515,2025,4,2024-25,covid,0.49,44.559999999999995
NH,202516,2025,4,2024-25,covid,0.52,44.559999999999995
NH,202517,2025,4,2024-25,covid,0.43,44.559999999999995
NH,202518,2025,4,2024-25,covid,0.35,44.559999999999995
NH,202519,2025,5,2024-25,covid,0.26,55.46
NH,202520,2025,5,2024-25,covid,0.24,55.46
NH,202521,2025,5,,covid,0.25,55.46
NH,202522,2025,5,,covid,0.26,55.46
NH,202523,2025,6,,covid,0.24,65.05
NH,202524,2025,6,,covid,0.18,65.05
NH,202525,2025,6,,covid,0.15,65.05
NH,202526,2025,6,,covid,0.15,65.05
NH,202527,2025,6,,covid,0.23,65.05
NH,202528,2025,7,,covid,0.26,71.22
NH,202529,2025,7,,covid,0.29,71.22
NH,202530,2025,7,,covid,0.29,71.22
NH,202531,2025,7,,covid,0.32,71.22
NH,202532,2025,8,,covid,0.36,66.19
NH,202533,2025,8,,covid,0.41,66.19
NH,202534,2025,8,,covid,0.5,66.19
NH,202535,2025,8,,covid,0.61,66.19
NH,202536,2025,8,,covid,0.77,66.19
NH,202537,2025,9,,covid,0.83,60.52
NH,202538,2025,9,,covid,0.88,60.52
NH,202539,2025,9,,covid,0.83,60.52
NH,202540,2025,9,2025-26,covid,0.77,60.52
NH,202541,2025,10,2025-26,covid,0.68,49.64
NH,202542,2025,10,2025-26,covid,0.6,49.64
NH,202543,2025,10,2025-26,covid,0.55,49.64
NH,202544,2025,10,2025-26,covid,0.48,49.64
NH,202545,2025,11,2025-26,covid,0.42,35.61
NH,202546,2025,11,2025-26,covid,0.42,35.61
NH,202547,2025,11,2025-26,covid,0.46,35.61
NH,202548,2025,11,2025-26,covid,0.54,35.61
NH,202549,2025,11,2025-26,covid,0.59,35.61
NH,202550,2025,12,2025-26,covid,0.66,21.35
NH,202551,2025,12,2025-26,covid,0.8,21.35
NH,202552,2025,12,2025-26,covid,0.99,21.35
NH,202553,2025,12,2025-26,covid,1.24,21.35
NH,202601,2026,1,2025-26,covid,1.31,18.32
NH,202602,2026,1,2025-26,covid,1.32,18.32
NH,202603,2026,1,2025-26,covid,1.19,18.32
NH,202604,2026,1,2025-26,covid,1.12,18.32
NH,202605,2026,2,2025-26,covid,1.04,19.09
NH,202606,2026,2,2025-26,covid,1.05,19.09
NH,202607,2026,2,2025-26,covid,1.05,19.09
NH,202608,2026,2,2025-26,covid,0.9,19.09
NH,202609,2026,3,2025-26,covid,0.7,33.78
NH,202610,2026,3,2025-26,covid,0.53,33.78
NH,202611,2026,3,2025-26,covid,0.44,33.78
NH,202612,2026,3,2025-26,covid,0.41,33.78
NH,202613,2026,3,2025-26,covid,0.34,33.78
NH,202614,2026,4,2025-26,covid,0.33,45.12
NH,202615,2026,4,2025-26,covid,0.28,45.12
NH,202616,2026,4,2025-26,covid,0.24,45.12
NH,202617,2026,4,2025-26,covid,0.19,45.12
NH,202618,2026,5,2025-26,covid,0.13,53.98
NH,202619,2026,5,2025-26,covid,0.1,53.98
NH,202620,2026,5,2025-26,covid,0.09,53.98
NH,202621,2026,5,,covid,0.09,53.98
NH,202622,2026,5,,covid,0.07,53.98
NH,202623,2026,6,,covid,0.05,65.39
NH,202624,2026,6,,covid,0.03,65.39
NH,202625,2026,6,,covid,0.04,65.39
NH,202626,2026,6,,covid,0.04,65.39
NH,202627,2026,7,,covid,0.06,68.99
NH,202628,2026,7,,covid,0.06,68.99
NH,202629,2026,7,,covid,0.06,68.99
NH,202630,2026,7,,covid,0.07,68.99
NH,202631,2026,8,,covid,0.08,68.39
NH,202632,2026,8,,covid,0.1,68.39
NH,202633,2026,8,,covid,0.12,68.39
NH,202634,2026,8,,covid,0.17,68.39
NH,202635,2026,8,,covid,0.21,68.39
NH,202636,2026,9,,covid,0.24,
NH,202239,2022,9,,influenza,0.08,58.870000000000005
NH,202240,2022,10,2022-23,influenza,0.12,49.21
NH,202241,2022,10,2022-23,influenza,0.23,49.21
NH,202242,2022,10,2022-23,influenza,0.26,49.21
NH,202243,2022,10,2022-23,influenza,0.3,49.21
NH,202244,2022,10,2022-23,influenza,0.44,49.21
NH,202245,2022,11,2022-23,influenza,0.72,40.33
NH,202246,2022,11,2022-23,influenza,0.95,40.33
NH,202247,2022,11,2022-23,influenza,1.5,40.33
NH,202248,2022,11,2022-23,influenza,2.36,40.33
NH,202249,2022,12,2022-23,influenza,3.63,29.02
NH,202250,2022,12,2022-23,influenza,5.33,29.02
NH,202251,2022,12,2022-23,influenza,6.61,29.02
NH,202252,2022,12,2022-23,influenza,7.03,29.02
NH,202301,2023,1,2022-23,influenza,5.54,29.939999999999998
NH,202302,2023,1,2022-23,influenza,3.81,29.939999999999998
NH,202303,2023,1,2022-23,influenza,2.05,29.939999999999998
NH,202304,2023,1,2022-23,influenza,1.23,29.939999999999998
NH,202305,2023,1,2022-23,influenza,0.72,29.939999999999998
NH,202306,2023,2,2022-23,influenza,0.42,25.29
NH,202307,2023,2,2022-23,influenza,0.24,25.29
NH,202308,2023,2,2022-23,influenza,0.21,25.29
NH,202309,2023,2,2022-23,influenza,0.17,25.29
NH,202310,2023,3,2022-23,influenza,0.15,33.22
NH,202311,2023,3,2022-23,influenza,0.15,33.22
NH,202312,2023,3,2022-23,influenza,0.16,33.22
NH,202313,2023,3,2022-23,influenza,0.12,33.22
NH,202314,2023,4,2022-23,influenza,0.07,45.82
NH,202315,2023,4,2022-23,influenza,0.05,45.82
NH,202316,2023,4,2022-23,influenza,0.08,45.82
NH,202317,2023,4,2022-23,influenza,0.08,45.82
NH,202318,2023,4,2022-23,influenza,0.08,45.82
NH,202319,2023,5,2022-23,influenza,0.05,53.67999999999999
NH,202320,2023,5,2022-23,influenza,0.07,53.67999999999999
NH,202321,2023,5,,influenza,0.08,53.67999999999999
NH,202322,2023,5,,influenza,0.08,53.67999999999999
NH,202323,2023,6,,influenza,0.1,62.529999999999994
NH,202324,2023,6,,influenza,0.08,62.529999999999994
NH,202325,2023,6,,influenza,0.09,62.529999999999994
NH,202326,2023,6,,influenza,0.07,62.529999999999994
NH,202327,2023,7,,influenza,0.07,71.21000000000001
NH,202328,2023,7,,influenza,0.05,71.21000000000001
NH,202329,2023,7,,influenza,0.05,71.21000000000001
NH,202330,2023,7,,influenza,0.06,71.21000000000001
NH,202331,2023,7,,influenza,0.05,71.21000000000001
NH,202332,2023,8,,influenza,0.04,65.27000000000001
NH,202333,2023,8,,influenza,0.03,65.27000000000001
NH,202334,2023,8,,influenza,0.03,65.27000000000001
NH,202335,2023,8,,influenza,0.06,65.27000000000001
NH,202336,2023,9,,influenza,0.07,62.239999999999995
NH,202337,2023,9,,influenza,0.07,62.239999999999995
NH,202338,2023,9,,influenza,0.08,62.239999999999995
NH,202339,2023,9,,influenza,0.11,62.239999999999995
NH,202340,2023,10,2023-24,influenza,0.17,53.010000000000005
NH,202341,2023,10,2023-24,influenza,0.17,53.010000000000005
NH,202342,2023,10,2023-24,influenza,0.12,53.010000000000005
NH,202343,2023,10,2023-24,influenza,0.07,53.010000000000005
NH,202344,2023,10,2023-24,influenza,0.08,53.010000000000005
NH,202345,2023,11,2023-24,influenza,0.15,34.43
NH,202346,2023,11,2023-24,influenza,0.19,34.43
NH,202347,2023,11,2023-24,influenza,0.26,34.43
NH,202348,2023,11,2023-24,influenza,0.39,34.43
NH,202349,2023,12,2023-24,influenza,0.67,33.339999999999996
NH,202350,2023,12,2023-24,influenza,1.11,33.339999999999996
NH,202351,2023,12,2023-24,influenza,1.88,33.339999999999996
NH,202352,2023,12,2023-24,influenza,2.72,33.339999999999996
NH,202401,2023,12,2023-24,influenza,2.93,33.339999999999996
NH,202402,2024,1,2023-24,influenza,2.85,25.57
NH,202403,2024,1,2023-24,influenza,2.46,25.57
NH,202404,2024,1,2023-24,influenza,2.45,25.57
NH,202405,2024,1,2023-24,influenza,2.45,25.57
NH,202406,2024,2,2023-24,influenza,2.31,28.310000000000002
NH,202407,2024,2,2023-24,influenza,2.27,28.310000000000002
NH,202408,2024,2,2023-24,influenza,2.03,28.310000000000002
NH,202409,2024,2,2023-24,influenza,2.06,28.310000000000002
NH,202410,2024,3,2023-24,influenza,2.01,36.08
NH,202411,2024,3,2023-24,influenza,1.92,36.08
NH,202412,2024,3,2023-24,influenza,1.64,36.08
NH,202413,2024,3,2023-24,influenza,1.49,36.08
NH,202414,2024,3,2023-24,influenza,1.28,36.08
NH,202415,2024,4,2023-24,influenza,1.2,43.79
NH,202416,2024,4,2023-24,influenza,0.91,43.79
NH,202417,2024,4,2023-24,influenza,0.9,43.79
NH,202418,2024,4,2023-24,influenza,0.73,43.79
NH,202419,2024,5,2023-24,influenza,0.59,58.04
NH,202420,2024,5,2023-24,influenza,0.36,58.04
NH,202421,2024,5,,influenza,0.22,58.04
NH,202422,2024,5,,influenza,0.15,58.04
NH,202423,2024,6,,influenza,0.16,66.37
NH,202424,2024,6,,influenza,0.19,66.37
NH,202425,2024,6,,influenza,0.14,66.37
NH,202426,2024,6,,influenza,0.12,66.37
NH,202427,2024,6,,influenza,0.09,66.37
NH,202428,2024,7,,influenza,0.11,72.32
NH,202429,2024,7,,influenza,0.09,72.32
NH,202430,2024,7,,influenza,0.1,72.32
NH,202431,2024,7,,influenza,0.09,72.32
NH,202432,2024,8,,influenza,0.09,66.6
NH,202433,2024,8,,influenza,0.1,66.6
NH,202434,2024,8,,influenza,0.11,66.6
NH,202435,2024,8,,influenza,0.1,66.6
NH,202436,2024,9,,influenza,0.13,60.39
NH,202437,2024,9,,influenza,0.11,60.39
NH,202438,2024,9,,influenza,0.14,60.39
NH,202439,2024,9,,influenza,0.12,60.39
NH,202440,2024,9,2024-25,influenza,0.14,60.39
NH,202441,2024,10,2024-25,influenza,0.15,48.94
NH,202442,2024,10,2024-25,influenza,0.16,48.94
NH,202443,2024,10,2024-25,influenza,0.17,48.94
NH,202444,2024,10,2024-25,influenza,0.16,48.94
NH,202445,2024,11,2024-25,influenza,0.21,40.68
NH,202446,2024,11,2024-25,influenza,0.25,40.68
NH,202447,2024,11,2024-25,influenza,0.39,40.68
NH,202448,2024,11,2024-25,influenza,0.49,40.68
NH,202449,2024,12,2024-25,influenza,0.58,25.630000000000003
NH,202450,2024,12,2024-25,influenza,0.74,25.630000000000003
NH,202451,2024,12,2024-25,influenza,1.54,25.630000000000003
NH,202452,2024,12,2024-25,influenza,2.81,25.630000000000003
NH,202501,2024,12,2024-25,influenza,3.91,25.630000000000003
NH,202502,2025,1,2024-25,influenza,4.35,19.509999999999998
NH,202503,2025,1,2024-25,influenza,4.69,19.509999999999998
NH,202504,2025,1,2024-25,influenza,5.62,19.509999999999998
NH,202505,2025,1,2024-25,influenza,7.25,19.509999999999998
NH,202506,2025,2,2024-25,influenza,8.81,20.21
NH,202507,2025,2,2024-25,influenza,9.64,20.21
NH,202508,2025,2,2024-25,influenza,9.63,20.21
NH,202509,2025,2,2024-25,influenza,8.49,20.21
NH,202510,2025,3,2024-25,influenza,7.03,34.63
NH,202511,2025,3,2024-25,influenza,5.31,34.63
NH,202512,2025,3,2024-25,influenza,4.14,34.63
NH,202513,2025,3,2024-25,influenza,3.08,34.63
NH,202514,2025,3,2024-25,influenza,2.33,34.63
NH,202515,2025,4,2024-25,influenza,1.73,44.559999999999995
NH,202516,2025,4,2024-25,influenza,1.41,44.559999999999995
NH,202517,2025,4,2024-25,influenza,1.22,44.559999999999995
NH,202518,2025,4,2024-25,influenza,0.99,44.559999999999995
NH,202519,2025,5,2024-25,influenza,0.75,55.46
NH,202520,2025,5,2024-25,influenza,0.47,55.46
NH,202521,2025,5,,influenza,0.36,55.46
NH,202522,2025,5,,influenza,0.25,55.46
NH,202523,2025,6,,influenza,0.19,65.05
NH,202524,2025,6,,influenza,0.14,65.05
NH,202525,2025,6,,influenza,0.1,65.05
NH,202526,2025,6,,influenza,0.1,65.05
NH,202527,2025,6,,influenza,0.09,65.05
NH,202528,2025,7,,influenza,0.09,71.22
NH,202529,2025,7,,influenza,0.08,71.22
NH,202530,2025,7,,influenza,0.06,71.22
NH,202531,2025,7,,influenza,0.06,71.22
NH,202532,2025,8,,influenza,0.06,66.19
NH,202533,2025,8,,influenza,0.07,66.19
NH,202534,2025,8,,influenza,0.06,66.19
NH,202535,2025,8,,influenza,0.08,66.19
NH,202536,2025,8,,influenza,0.08,66.19
NH,202537,2025,9,,influenza,0.09,60.52
NH,202538,2025,9,,influenza,0.09,60.52
NH,202539,2025,9,,influenza,0.12,60.52
NH,202540,2025,9,2025-26,influenza,0.14,60.52
NH,202541,2025,10,2025-26,influenza,0.16,49.64
NH,202542,2025,10,2025-26,influenza,0.12,49.64
NH,202543,2025,10,2025-26,influenza,0.12,49.64
NH,202544,2025,10,2025-26,influenza,0.13,49.64
NH,202545,2025,11,2025-26,influenza,0.17,35.61
NH,202546,2025,11,2025-26,influenza,0.21,35.61
NH,202547,2025,11,2025-26,influenza,0.29,35.61
NH,202548,2025,11,2025-26,influenza,0.46,35.61
NH,202549,2025,11,2025-26,influenza,0.72,35.61
NH,202550,2025,12,2025-26,influenza,1.23,21.35
NH,202551,2025,12,2025-26,influenza,2.73,21.35
NH,202552,2025,12,2025-26,influenza,5.61,21.35
NH,202553,2025,12,2025-26,influenza,7.6,21.35
NH,202601,2026,1,2025-26,influenza,8.05,18.32
NH,202602,2026,1,2025-26,influenza,6.54,18.32
NH,202603,2026,1,2025-26,influenza,5.11,18.32
NH,202604,2026,1,2025-26,influenza,3.99,18.32
NH,202605,2026,2,2025-26,influenza,3.23,19.09
NH,202606,2026,2,2025-26,influenza,2.76,19.09
NH,202607,2026,2,2025-26,influenza,2.71,19.09
NH,202608,2026,2,2025-26,influenza,2.57,19.09
NH,202609,2026,3,2025-26,influenza,2.31,33.78
NH,202610,2026,3,2025-26,influenza,1.98,33.78
NH,202611,2026,3,2025-26,influenza,1.72,33.78
NH,202612,2026,3,2025-26,influenza,1.55,33.78
NH,202613,2026,3,2025-26,influenza,1.45,33.78
NH,202614,2026,4,2025-26,influenza,1.32,45.12
NH,202615,2026,4,2025-26,influenza,1.07,45.12
NH,202616,2026,4,2025-26,influenza,0.74,45.12
NH,202617,2026,4,2025-26,influenza,0.48,45.12
NH,202618,2026,5,2025-26,influenza,0.33,53.98
NH,202619,2026,5,2025-26,influenza,0.29,53.98
NH,202620,2026,5,2025-26,influenza,0.24,53.98
NH,202621,2026,5,,influenza,0.19,53.98
NH,202622,2026,5,,influenza,0.13,53.98
NH,202623,2026,6,,influenza,0.09,65.39
NH,202624,2026,6,,influenza,0.06,65.39
NH,202625,2026,6,,influenza,0.05,65.39
NH,202626,2026,6,,influenza,0.06,65.39
NH,202627,2026,7,,influenza,0.05,68.99
NH,202628,2026,7,,influenza,0.04,68.99
NH,202629,2026,7,,influenza,0.04,68.99
NH,202630,2026,7,,influenza,0.06,68.99
NH,202631,2026,8,,influenza,0.09,68.39
NH,202632,2026,8,,influenza,0.07,68.39
NH,202633,2026,8,,influenza,0.06,68.39
NH,202634,2026,8,,influenza,0.05,68.39
NH,202635,2026,8,,influenza,0.08,68.39
NH,202636,2026,9,,influenza,0.1,
NH,202239,2022,9,,rsv,0.15,58.870000000000005
NH,202240,2022,10,2022-23,rsv,0.23,49.21
NH,202241,2022,10,2022-23,rsv,0.32,49.21
NH,202242,2022,10,2022-23,rsv,0.45,49.21
NH,202243,2022,10,2022-23,rsv,0.71,49.21
NH,202244,2022,10,2022-23,rsv,1.06,49.21
NH,202245,2022,11,2022-23,rsv,1.37,40.33
NH,202246,2022,11,2022-23,rsv,1.47,40.33
NH,202247,2022,11,2022-23,rsv,1.47,40.33
NH,202248,2022,11,2022-23,rsv,1.29,40.33
NH,202249,2022,12,2022-23,rsv,1.06,29.02
NH,202250,2022,12,2022-23,rsv,0.76,29.02
NH,202251,2022,12,2022-23,rsv,0.53,29.02
NH,202252,2022,12,2022-23,rsv,0.42,29.02
NH,202301,2023,1,2022-23,rsv,0.36,29.939999999999998
NH,202302,2023,1,2022-23,rsv,0.28,29.939999999999998
NH,202303,2023,1,2022-23,rsv,0.19,29.939999999999998
NH,202304,2023,1,2022-23,rsv,0.13,29.939999999999998
NH,202305,2023,1,2022-23,rsv,0.14,29.939999999999998
NH,202306,2023,2,2022-23,rsv,0.13,25.29
NH,202307,2023,2,2022-23,rsv,0.1,25.29
NH,202308,2023,2,2022-23,rsv,0.07,25.29
NH,202309,2023,2,2022-23,rsv,0.06,25.29
NH,202310,2023,3,2022-23,rsv,0.07,33.22
NH,202311,2023,3,2022-23,rsv,0.08,33.22
NH,202312,2023,3,2022-23,rsv,0.07,33.22
NH,202313,2023,3,2022-23,rsv,0.08,33.22
NH,202314,2023,4,2022-23,rsv,0.05,45.82
NH,202315,2023,4,2022-23,rsv,0.05,45.82
NH,202316,2023,4,2022-23,rsv,0.03,45.82
NH,202317,2023,4,2022-23,rsv,0.02,45.82
NH,202318,2023,4,2022-23,rsv,0.02,45.82
NH,202319,2023,5,2022-23,rsv,0.03,53.67999999999999
NH,202320,2023,5,2022-23,rsv,0.04,53.67999999999999
NH,202321,2023,5,,rsv,0.04,53.67999999999999
NH,202322,2023,5,,rsv,0.02,53.67999999999999
NH,202323,2023,6,,rsv,0.01,62.529999999999994
NH,202324,2023,6,,rsv,0.0,62.529999999999994
NH,202325,2023,6,,rsv,0.0,62.529999999999994
NH,202326,2023,6,,rsv,0.0,62.529999999999994
NH,202327,2023,7,,rsv,0.01,71.21000000000001
NH,202328,2023,7,,rsv,0.01,71.21000000000001
NH,202329,2023,7,,rsv,0.01,71.21000000000001
NH,202330,2023,7,,rsv,0.01,71.21000000000001
NH,202331,2023,7,,rsv,0.01,71.21000000000001
NH,202332,2023,8,,rsv,0.01,65.27000000000001
NH,202333,2023,8,,rsv,0.0,65.27000000000001
NH,202334,2023,8,,rsv,0.0,65.27000000000001
NH,202335,2023,8,,rsv,0.01,65.27000000000001
NH,202336,2023,9,,rsv,0.02,62.239999999999995
NH,202337,2023,9,,rsv,0.03,62.239999999999995
NH,202338,2023,9,,rsv,0.05,62.239999999999995
NH,202339,2023,9,,rsv,0.05,62.239999999999995
NH,202340,2023,10,2023-24,rsv,0.07,53.010000000000005
NH,202341,2023,10,2023-24,rsv,0.07,53.010000000000005
NH,202342,2023,10,2023-24,rsv,0.07,53.010000000000005
NH,202343,2023,10,2023-24,rsv,0.12,53.010000000000005
NH,202344,2023,10,2023-24,rsv,0.19,53.010000000000005
NH,202345,2023,11,2023-24,rsv,0.3,34.43
NH,202346,2023,11,2023-24,rsv,0.39,34.43
NH,202347,2023,11,2023-24,rsv,0.59,34.43
NH,202348,2023,11,2023-24,rsv,0.75,34.43
NH,202349,2023,12,2023-24,rsv,1.02,33.339999999999996
NH,202350,2023,12,2023-24,rsv,1.26,33.339999999999996
NH,202351,2023,12,2023-24,rsv,1.32,33.339999999999996
NH,202352,2023,12,2023-24,rsv,1.33,33.339999999999996
NH,202401,2023,12,2023-24,rsv,1.07,33.339999999999996
NH,202402,2024,1,2023-24,rsv,0.94,25.57
NH,202403,2024,1,2023-24,rsv,0.68,25.57
NH,202404,2024,1,2023-24,rsv,0.62,25.57
NH,202405,2024,1,2023-24,rsv,0.55,25.57
NH,202406,2024,2,2023-24,rsv,0.46,28.310000000000002
NH,202407,2024,2,2023-24,rsv,0.32,28.310000000000002
NH,202408,2024,2,2023-24,rsv,0.22,28.310000000000002
NH,202409,2024,2,2023-24,rsv,0.24,28.310000000000002
NH,202410,2024,3,2023-24,rsv,0.23,36.08
NH,202411,2024,3,2023-24,rsv,0.25,36.08
NH,202412,2024,3,2023-24,rsv,0.17,36.08
NH,202413,2024,3,2023-24,rsv,0.13,36.08
NH,202414,2024,3,2023-24,rsv,0.09,36.08
NH,202415,2024,4,2023-24,rsv,0.08,43.79
NH,202416,2024,4,2023-24,rsv,0.09,43.79
NH,202417,2024,4,2023-24,rsv,0.08,43.79
NH,202418,2024,4,2023-24,rsv,0.06,43.79
NH,202419,2024,5,2023-24,rsv,0.01,58.04
NH,202420,2024,5,2023-24,rsv,0.02,58.04
NH,202421,2024,5,,rsv,0.01,58.04
NH,202422,2024,5,,rsv,0.01,58.04
NH,202423,2024,6,,rsv,0.0,66.37
NH,202424,2024,6,,rsv,0.0,66.37
NH,202425,2024,6,,rsv,0.0,66.37
NH,202426,2024,6,,rsv,0.0,66.37
NH,202427,2024,6,,rsv,0.0,66.37
NH,202428,2024,7,,rsv,0.0,72.32
NH,202429,2024,7,,rsv,0.0,72.32
NH,202430,2024,7,,rsv,0.0,72.32
NH,202431,2024,7,,rsv,0.0,72.32
NH,202432,2024,8,,rsv,0.0,66.6
NH,202433,2024,8,,rsv,0.0,66.6
NH,202434,2024,8,,rsv,0.0,66.6
NH,202435,2024,8,,rsv,0.01,66.6
NH,202436,2024,9,,rsv,0.01,60.39
NH,202437,2024,9,,rsv,0.01,60.39
NH,202438,2024,9,,rsv,0.01,60.39
NH,202439,2024,9,,rsv,0.01,60.39
NH,202440,2024,9,2024-25,rsv,0.01,60.39
NH,202441,2024,10,2024-25,rsv,0.01,48.94
NH,202442,2024,10,2024-25,rsv,0.02,48.94
NH,202443,2024,10,2024-25,rsv,0.03,48.94
NH,202444,2024,10,2024-25,rsv,0.04,48.94
NH,202445,2024,11,2024-25,rsv,0.04,40.68
NH,202446,2024,11,2024-25,rsv,0.09,40.68
NH,202447,2024,11,2024-25,rsv,0.14,40.68
NH,202448,2024,11,2024-25,rsv,0.23,40.68
NH,202449,2024,12,2024-25,rsv,0.39,25.630000000000003
NH,202450,2024,12,2024-25,rsv,0.67,25.630000000000003
NH,202451,2024,12,2024-25,rsv,1.06,25.630000000000003
NH,202452,2024,12,2024-25,rsv,1.46,25.630000000000003
NH,202501,2024,12,2024-25,rsv,1.56,25.630000000000003
NH,202502,2025,1,2024-25,rsv,1.48,19.509999999999998
NH,202503,2025,1,2024-25,rsv,1.24,19.509999999999998
NH,202504,2025,1,2024-25,rsv,1.11,19.509999999999998
NH,202505,2025,1,2024-25,rsv,1.03,19.509999999999998
NH,202506,2025,2,2024-25,rsv,0.91,20.21
NH,202507,2025,2,2024-25,rsv,0.81,20.21
NH,202508,2025,2,2024-25,rsv,0.63,20.21
NH,202509,2025,2,2024-25,rsv,0.52,20.21
NH,202510,2025,3,2024-25,rsv,0.47,34.63
NH,202511,2025,3,2024-25,rsv,0.47,34.63
NH,202512,2025,3,2024-25,rsv,0.41,34.63
NH,202513,2025,3,2024-25,rsv,0.3,34.63
NH,202514,2025,3,2024-25,rsv,0.21,34.63
NH,202515,2025,4,2024-25,rsv,0.19,44.559999999999995
NH,202516,2025,4,2024-25,rsv,0.21,44.559999999999995
NH,202517,2025,4,2024-25,rsv,0.17,44.559999999999995
NH,202518,2025,4,2024-25,rsv,0.12,44.559999999999995
NH,202519,2025,5,2024-25,rsv,0.11,55.46
NH,202520,2025,5,2024-25,rsv,0.09,55.46
NH,202521,2025,5,,rsv,0.06,55.46
NH,202522,2025,5,,rsv,0.02,55.46
NH,202523,2025,6,,rsv,0.0,65.05
NH,202524,2025,6,,rsv,0.01,65.05
NH,202525,2025,6,,rsv,0.0,65.05
NH,202526,2025,6,,rsv,0.0,65.05
NH,202527,2025,6,,rsv,0.0,65.05
NH,202528,2025,7,,rsv,0.0,71.22
NH,202529,2025,7,,rsv,0.0,71.22
NH,202530,2025,7,,rsv,0.0,71.22
NH,202531,2025,7,,rsv,0.01,71.22
NH,202532,2025,8,,rsv,0.0,66.19
NH,202533,2025,8,,rsv,0.0,66.19
NH,202534,2025,8,,rsv,0.0,66.19
NH,202535,2025,8,,rsv,0.01,66.19
NH,202536,2025,8,,rsv,0.01,66.19
NH,202537,2025,9,,rsv,0.01,60.52
NH,202538,2025,9,,rsv,0.01,60.52
NH,202539,2025,9,,rsv,0.0,60.52
NH,202540,2025,9,2025-26,rsv,0.01,60.52
NH,202541,2025,10,2025-26,rsv,0.01,49.64
NH,202542,2025,10,2025-26,rsv,0.02,49.64
NH,202543,2025,10,2025-26,rsv,0.02,49.64
NH,202544,2025,10,2025-26,rsv,0.02,49.64
NH,202545,2025,11,2025-26,rsv,0.02,35.61
NH,202546,2025,11,2025-26,rsv,0.03,35.61
NH,202547,2025,11,2025-26,rsv,0.06,35.61
NH,202548,2025,11,2025-26,rsv,0.09,35.61
NH,202549,2025,11,2025-26,rsv,0.13,35.61
NH,202550,2025,12,2025-26,rsv,0.17,21.35
NH,202551,2025,12,2025-26,rsv,0.25,21.35
NH,202552,2025,12,2025-26,rsv,0.33,21.35
NH,202553,2025,12,2025-26,rsv,0.39,21.35
NH,202601,2026,1,2025-26,rsv,0.44,18.32
NH,202602,2026,1,2025-26,rsv,0.5,18.32
NH,202603,2026,1,2025-26,rsv,0.59,18.32
NH,202604,2026,1,2025-26,rsv,0.7,18.32
NH,202605,2026,2,2025-26,rsv,0.69,19.09
NH,202606,2026,2,2025-26,rsv,0.78,19.09
NH,202607,2026,2,2025-26,rsv,0.85,19.09
NH,202608,2026,2,2025-26,rsv,1.0,19.09
NH,202609,2026,3,2025-26,rsv,0.92,33.78
NH,202610,2026,3,2025-26,rsv,0.83,33.78
NH,202611,2026,3,2025-26,rsv,0.72,33.78
NH,202612,2026,3,2025-26,rsv,0.66,33.78
NH,202613,2026,3,2025-26,rsv,0.58,33.78
NH,202614,2026,4,2025-26,rsv,0.51,45.12
NH,202615,2026,4,2025-26,rsv,0.43,45.12
NH,202616,2026,4,2025-26,rsv,0.35,45.12
NH,202617,2026,4,2025-26,rsv,0.26,45.12
NH,202618,2026,5,2025-26,rsv,0.18,53.98
NH,202619,2026,5,2025-26,rsv,0.11,53.98
NH,202620,2026,5,2025-26,rsv,0.07,53.98
NH,202621,2026,5,,rsv,0.06,53.98
NH,202622,2026,5,,rsv,0.05,53.98
NH,202623,2026,6,,rsv,0.04,65.39
NH,202624,2026,6,,rsv,0.02,65.39
NH,202625,2026,6,,rsv,0.01,65.39
NH,202626,2026,6,,rsv,0.0,65.39
NH,202627,2026,7,,rsv,0.0,68.99
NH,202628,2026,7,,rsv,0.01,68.99
NH,202629,2026,7,,rsv,0.01,68.99
NH,202630,2026,7,,rsv,0.01,68.99
NH,202631,2026,8,,rsv,0.0,68.39
NH,202632,2026,8,,rsv,0.01,68.39
NH,202633,2026,8,,rsv,0.01,68.39
NH,202634,2026,8,,rsv,0.01,68.39
NH,202635,2026,8,,rsv,0.0,68.39
NH,202636,2026,9,,rsv,0.0,
NJ,202239,2022,9,,covid,2.72,67.69047619047619
NJ,202240,2022,10,2022-23,covid,2.72,54.08095238095238
NJ,202241,2022,10,2022-23,covid,2.6,54.08095238095238
NJ,202242,2022,10,2022-23,covid,2.46,54.08095238095238
NJ,202243,2022,10,2022-23,covid,2.39,54.08095238095238
NJ,202244,2022,10,2022-23,covid,2.33,54.08095238095238
NJ,202245,2022,11,2022-23,covid,2.27,47.67619047619048
NJ,202246,2022,11,2022-23,covid,2.14,47.67619047619048
NJ,202247,2022,11,2022-23,covid,2.11,47.67619047619048
NJ,202248,2022,11,2022-23,covid,2.29,47.67619047619048
NJ,202249,2022,12,2022-23,covid,2.63,35.542857142857144
NJ,202250,2022,12,2022-23,covid,2.93,35.542857142857144
NJ,202251,2022,12,2022-23,covid,3.25,35.542857142857144
NJ,202252,2022,12,2022-23,covid,3.7,35.542857142857144
NJ,202301,2023,1,2022-23,covid,3.99,41.28095238095238
NJ,202302,2023,1,2022-23,covid,3.9,41.28095238095238
NJ,202303,2023,1,2022-23,covid,3.46,41.28095238095238
NJ,202304,2023,1,2022-23,covid,3.05,41.28095238095238
NJ,202305,2023,1,2022-23,covid,2.77,41.28095238095238
NJ,202306,2023,2,2022-23,covid,2.43,39.03809523809524
NJ,202307,2023,2,2022-23,covid,2.05,39.03809523809524
NJ,202308,2023,2,2022-23,covid,1.67,39.03809523809524
NJ,202309,2023,2,2022-23,covid,1.37,39.03809523809524
NJ,202310,2023,3,2022-23,covid,1.12,42.32857142857143
NJ,202311,2023,3,2022-23,covid,0.93,42.32857142857143
NJ,202312,2023,3,2022-23,covid,0.77,42.32857142857143
NJ,202313,2023,3,2022-23,covid,0.64,42.32857142857143
NJ,202314,2023,4,2022-23,covid,0.54,55.46190476190476
NJ,202315,2023,4,2022-23,covid,0.47,55.46190476190476
NJ,202316,2023,4,2022-23,covid,0.4,55.46190476190476
NJ,202317,2023,4,2022-23,covid,0.35,55.46190476190476
NJ,202318,2023,4,2022-23,covid,0.31,55.46190476190476
NJ,202319,2023,5,2022-23,covid,0.3,59.58095238095238
NJ,202320,2023,5,2022-23,covid,0.31,59.58095238095238
NJ,202321,2023,5,,covid,0.32,59.58095238095238
NJ,202322,2023,5,,covid,0.35,59.58095238095238
NJ,202323,2023,6,,covid,0.35,67.9857142857143
NJ,202324,2023,6,,covid,0.33,67.9857142857143
NJ,202325,2023,6,,covid,0.32,67.9857142857143
NJ,202326,2023,6,,covid,0.32,67.9857142857143
NJ,202327,2023,7,,covid,0.34,77.33809523809524
NJ,202328,2023,7,,covid,0.37,77.33809523809524
NJ,202329,2023,7,,covid,0.44,77.33809523809524
NJ,202330,2023,7,,covid,0.54,77.33809523809524
NJ,202331,2023,7,,covid,0.65,77.33809523809524
NJ,202332,2023,8,,covid,0.78,73.28095238095239
NJ,202333,2023,8,,covid,0.95,73.28095238095239
NJ,202334,2023,8,,covid,1.11,73.28095238095239
NJ,202335,2023,8,,covid,1.31,73.28095238095239
NJ,202336,2023,9,,covid,1.55,68.1047619047619
NJ,202337,2023,9,,covid,1.74,68.1047619047619
NJ,202338,2023,9,,covid,1.88,68.1047619047619
NJ,202339,2023,9,,covid,1.84,68.1047619047619
NJ,202340,2023,10,2023-24,covid,1.72,58.56666666666667
NJ,202341,2023,10,2023-24,covid,1.5,58.56666666666667
NJ,202342,2023,10,2023-24,covid,1.28,58.56666666666667
NJ,202343,2023,10,2023-24,covid,1.09,58.56666666666667
NJ,202344,2023,10,2023-24,covid,0.97,58.56666666666667
NJ,202345,2023,11,2023-24,covid,0.97,43.45238095238095
NJ,202346,2023,11,2023-24,covid,1.0,43.45238095238095
NJ,202347,2023,11,2023-24,covid,1.15,43.45238095238095
NJ,202348,2023,11,2023-24,covid,1.35,43.45238095238095
NJ,202349,2023,12,2023-24,covid,1.61,41.62857142857143
NJ,202350,2023,12,2023-24,covid,1.98,41.62857142857143
NJ,202351,2023,12,2023-24,covid,2.48,41.62857142857143
NJ,202352,2023,12,2023-24,covid,3.28,41.62857142857143
NJ,202401,2023,12,2023-24,covid,3.7,41.62857142857143
NJ,202402,2024,1,2023-24,covid,3.74,34.785714285714285
NJ,202403,2024,1,2023-24,covid,3.27,34.785714285714285
NJ,202404,2024,1,2023-24,covid,2.75,34.785714285714285
NJ,202405,2024,1,2023-24,covid,2.32,34.785714285714285
NJ,202406,2024,2,2023-24,covid,1.97,37.46666666666666
NJ,202407,2024,2,2023-24,covid,1.73,37.46666666666666
NJ,202408,2024,2,2023-24,covid,1.47,37.46666666666666
NJ,202409,2024,2,2023-24,covid,1.26,37.46666666666666
NJ,202410,2024,3,2023-24,covid,1.03,46.07142857142857
NJ,202411,2024,3,2023-24,covid,0.84,46.07142857142857
NJ,202412,2024,3,2023-24,covid,0.65,46.07142857142857
NJ,202413,2024,3,2023-24,covid,0.56,46.07142857142857
NJ,202414,2024,3,2023-24,covid,0.5,46.07142857142857
NJ,202415,2024,4,2023-24,covid,0.46,52.75238095238095
NJ,202416,2024,4,2023-24,covid,0.4,52.75238095238095
NJ,202417,2024,4,2023-24,covid,0.36,52.75238095238095
NJ,202418,2024,4,2023-24,covid,0.34,52.75238095238095
NJ,202419,2024,5,2023-24,covid,0.34,63.88571428571428
NJ,202420,2024,5,2023-24,covid,0.37,63.88571428571428
NJ,202421,2024,5,,covid,0.41,63.88571428571428
NJ,202422,2024,5,,covid,0.44,63.88571428571428
NJ,202423,2024,6,,covid,0.49,73.57619047619048
NJ,202424,2024,6,,covid,0.56,73.57619047619048
NJ,202425,2024,6,,covid,0.66,73.57619047619048
NJ,202426,2024,6,,covid,0.74,73.57619047619048
NJ,202427,2024,6,,covid,0.85,73.57619047619048
NJ,202428,2024,7,,covid,1.02,78.07619047619048
NJ,202429,2024,7,,covid,1.21,78.07619047619048
NJ,202430,2024,7,,covid,1.48,78.07619047619048
NJ,202431,2024,7,,covid,1.68,78.07619047619048
NJ,202432,2024,8,,covid,1.8,74.0142857142857
NJ,202433,2024,8,,covid,1.81,74.0142857142857
NJ,202434,2024,8,,covid,1.76,74.0142857142857
NJ,202435,2024,8,,covid,1.69,74.0142857142857
NJ,202436,2024,9,,covid,1.56,66.96190476190476
NJ,202437,2024,9,,covid,1.4,66.96190476190476
NJ,202438,2024,9,,covid,1.32,66.96190476190476
NJ,202439,2024,9,,covid,1.19,66.96190476190476
NJ,202440,2024,9,2024-25,covid,1.03,66.96190476190476
NJ,202441,2024,10,2024-25,covid,0.77,57.68095238095238
NJ,202442,2024,10,2024-25,covid,0.59,57.68095238095238
NJ,202443,2024,10,2024-25,covid,0.5,57.68095238095238
NJ,202444,2024,10,2024-25,covid,0.46,57.68095238095238
NJ,202445,2024,11,2024-25,covid,0.45,49.12857142857143
NJ,202446,2024,11,2024-25,covid,0.41,49.12857142857143
NJ,202447,2024,11,2024-25,covid,0.4,49.12857142857143
NJ,202448,2024,11,2024-25,covid,0.41,49.12857142857143
NJ,202449,2024,12,2024-25,covid,0.48,35.08571428571428
NJ,202450,2024,12,2024-25,covid,0.58,35.08571428571428
NJ,202451,2024,12,2024-25,covid,0.71,35.08571428571428
NJ,202452,2024,12,2024-25,covid,0.96,35.08571428571428
NJ,202501,2024,12,2024-25,covid,1.18,35.08571428571428
NJ,202502,2025,1,2024-25,covid,1.31,28.538095238095234
NJ,202503,2025,1,2024-25,covid,1.29,28.538095238095234
NJ,202504,2025,1,2024-25,covid,1.23,28.538095238095234
NJ,202505,2025,1,2024-25,covid,1.24,28.538095238095234
NJ,202506,2025,2,2024-25,covid,1.27,33.74285714285715
NJ,202507,2025,2,2024-25,covid,1.25,33.74285714285715
NJ,202508,2025,2,2024-25,covid,1.16,33.74285714285715
NJ,202509,2025,2,2024-25,covid,1.04,33.74285714285715
NJ,202510,2025,3,2024-25,covid,1.01,45.91904761904762
NJ,202511,2025,3,2024-25,covid,0.98,45.91904761904762
NJ,202512,2025,3,2024-25,covid,0.97,45.91904761904762
NJ,202513,2025,3,2024-25,covid,0.92,45.91904761904762
NJ,202514,2025,3,2024-25,covid,0.88,45.91904761904762
NJ,202515,2025,4,2024-25,covid,0.82,53.476190476190474
NJ,202516,2025,4,2024-25,covid,0.76,53.476190476190474
NJ,202517,2025,4,2024-25,covid,0.69,53.476190476190474
NJ,202518,2025,4,2024-25,covid,0.6,53.476190476190474
NJ,202519,2025,5,2024-25,covid,0.5,62.095238095238095
NJ,202520,2025,5,2024-25,covid,0.42,62.095238095238095
NJ,202521,2025,5,,covid,0.37,62.095238095238095
NJ,202522,2025,5,,covid,0.37,62.095238095238095
NJ,202523,2025,6,,covid,0.38,72.07142857142857
NJ,202524,2025,6,,covid,0.37,72.07142857142857
NJ,202525,2025,6,,covid,0.35,72.07142857142857
NJ,202526,2025,6,,covid,0.34,72.07142857142857
NJ,202527,2025,6,,covid,0.35,72.07142857142857
NJ,202528,2025,7,,covid,0.37,78.47619047619048
NJ,202529,2025,7,,covid,0.4,78.47619047619048
NJ,202530,2025,7,,covid,0.43,78.47619047619048
NJ,202531,2025,7,,covid,0.51,78.47619047619048
NJ,202532,2025,8,,covid,0.61,71.02380952380952
NJ,202533,2025,8,,covid,0.74,71.02380952380952
NJ,202534,2025,8,,covid,0.82,71.02380952380952
NJ,202535,2025,8,,covid,0.91,71.02380952380952
NJ,202536,2025,8,,covid,0.99,71.02380952380952
NJ,202537,2025,9,,covid,1.04,68.26666666666667
NJ,202538,2025,9,,covid,1.06,68.26666666666667
NJ,202539,2025,9,,covid,0.97,68.26666666666667
NJ,202540,2025,9,2025-26,covid,0.82,68.26666666666667
NJ,202541,2025,10,2025-26,covid,0.62,56.209523809523816
NJ,202542,2025,10,2025-26,covid,0.49,56.209523809523816
NJ,202543,2025,10,2025-26,covid,0.39,56.209523809523816
NJ,202544,2025,10,2025-26,covid,0.33,56.209523809523816
NJ,202545,2025,11,2025-26,covid,0.32,44.74285714285715
NJ,202546,2025,11,2025-26,covid,0.33,44.74285714285715
NJ,202547,2025,11,2025-26,covid,0.34,44.74285714285715
NJ,202548,2025,11,2025-26,covid,0.36,44.74285714285715
NJ,202549,2025,11,2025-26,covid,0.41,44.74285714285715
NJ,202550,2025,12,2025-26,covid,0.46,31.847619047619045
NJ,202551,2025,12,2025-26,covid,0.53,31.847619047619045
NJ,202552,2025,12,2025-26,covid,0.63,31.847619047619045
NJ,202553,2025,12,2025-26,covid,0.76,31.847619047619045
NJ,202601,2026,1,2025-26,covid,0.81,27.776190476190475
NJ,202602,2026,1,2025-26,covid,0.77,27.776190476190475
NJ,202603,2026,1,2025-26,covid,0.71,27.776190476190475
NJ,202604,2026,1,2025-26,covid,0.68,27.776190476190475
NJ,202605,2026,2,2025-26,covid,0.65,29.35238095238095
NJ,202606,2026,2,2025-26,covid,0.63,29.35238095238095
NJ,202607,2026,2,2025-26,covid,0.64,29.35238095238095
NJ,202608,2026,2,2025-26,covid,0.63,29.35238095238095
NJ,202609,2026,3,2025-26,covid,0.61,45.214285714285715
NJ,202610,2026,3,2025-26,covid,0.56,45.214285714285715
NJ,202611,2026,3,2025-26,covid,0.52,45.214285714285715
NJ,202612,2026,3,2025-26,covid,0.52,45.214285714285715
NJ,202613,2026,3,2025-26,covid,0.52,45.214285714285715
NJ,202614,2026,4,2025-26,covid,0.49,54.471428571428575
NJ,202615,2026,4,2025-26,covid,0.4,54.471428571428575
NJ,202616,2026,4,2025-26,covid,0.3,54.471428571428575
NJ,202617,2026,4,2025-26,covid,0.25,54.471428571428575
NJ,202618,2026,5,2025-26,covid,0.2,61.86190476190476
NJ,202619,2026,5,2025-26,covid,0.17,61.86190476190476
NJ,202620,2026,5,2025-26,covid,0.15,61.86190476190476
NJ,202621,2026,5,,covid,0.13,61.86190476190476
NJ,202622,2026,5,,covid,0.11,61.86190476190476
NJ,202623,2026,6,,covid,0.1,72.05714285714286
NJ,202624,2026,6,,covid,0.09,72.05714285714286
NJ,202625,2026,6,,covid,0.09,72.05714285714286
NJ,202626,2026,6,,covid,0.09,72.05714285714286
NJ,202627,2026,7,,covid,0.1,75.85238095238095
NJ,202628,2026,7,,covid,0.11,75.85238095238095
NJ,202629,2026,7,,covid,0.12,75.85238095238095
NJ,202630,2026,7,,covid,0.15,75.85238095238095
NJ,202631,2026,8,,covid,0.17,74.94761904761906
NJ,202632,2026,8,,covid,0.2,74.94761904761906
NJ,202633,2026,8,,covid,0.25,74.94761904761906
NJ,202634,2026,8,,covid,0.3,74.94761904761906
NJ,202635,2026,8,,covid,0.36,74.94761904761906
NJ,202636,2026,9,,covid,0.42,
NJ,202239,2022,9,,influenza,0.14,67.69047619047619
NJ,202240,2022,10,2022-23,influenza,0.2,54.08095238095238
NJ,202241,2022,10,2022-23,influenza,0.3,54.08095238095238
NJ,202242,2022,10,2022-23,influenza,0.46,54.08095238095238
NJ,202243,2022,10,2022-23,influenza,0.88,54.08095238095238
NJ,202244,2022,10,2022-23,influenza,1.89,54.08095238095238
NJ,202245,2022,11,2022-23,influenza,2.99,47.67619047619048
NJ,202246,2022,11,2022-23,influenza,3.77,47.67619047619048
NJ,202247,2022,11,2022-23,influenza,5.05,47.67619047619048
NJ,202248,2022,11,2022-23,influenza,6.27,47.67619047619048
NJ,202249,2022,12,2022-23,influenza,7.06,35.542857142857144
NJ,202250,2022,12,2022-23,influenza,6.28,35.542857142857144
NJ,202251,2022,12,2022-23,influenza,5.11,35.542857142857144
NJ,202252,2022,12,2022-23,influenza,3.95,35.542857142857144
NJ,202301,2023,1,2022-23,influenza,2.89,41.28095238095238
NJ,202302,2023,1,2022-23,influenza,1.87,41.28095238095238
NJ,202303,2023,1,2022-23,influenza,1.03,41.28095238095238
NJ,202304,2023,1,2022-23,influenza,0.57,41.28095238095238
NJ,202305,2023,1,2022-23,influenza,0.42,41.28095238095238
NJ,202306,2023,2,2022-23,influenza,0.36,39.03809523809524
NJ,202307,2023,2,2022-23,influenza,0.34,39.03809523809524
NJ,202308,2023,2,2022-23,influenza,0.33,39.03809523809524
NJ,202309,2023,2,2022-23,influenza,0.31,39.03809523809524
NJ,202310,2023,3,2022-23,influenza,0.3,42.32857142857143
NJ,202311,2023,3,2022-23,influenza,0.33,42.32857142857143
NJ,202312,2023,3,2022-23,influenza,0.39,42.32857142857143
NJ,202313,2023,3,2022-23,influenza,0.46,42.32857142857143
NJ,202314,2023,4,2022-23,influenza,0.49,55.46190476190476
NJ,202315,2023,4,2022-23,influenza,0.48,55.46190476190476
NJ,202316,2023,4,2022-23,influenza,0.41,55.46190476190476
NJ,202317,2023,4,2022-23,influenza,0.32,55.46190476190476
NJ,202318,2023,4,2022-23,influenza,0.27,55.46190476190476
NJ,202319,2023,5,2022-23,influenza,0.25,59.58095238095238
NJ,202320,2023,5,2022-23,influenza,0.24,59.58095238095238
NJ,202321,2023,5,,influenza,0.23,59.58095238095238
NJ,202322,2023,5,,influenza,0.2,59.58095238095238
NJ,202323,2023,6,,influenza,0.19,67.9857142857143
NJ,202324,2023,6,,influenza,0.17,67.9857142857143
NJ,202325,2023,6,,influenza,0.15,67.9857142857143
NJ,202326,2023,6,,influenza,0.12,67.9857142857143
NJ,202327,2023,7,,influenza,0.1,77.33809523809524
NJ,202328,2023,7,,influenza,0.08,77.33809523809524
NJ,202329,2023,7,,influenza,0.07,77.33809523809524
NJ,202330,2023,7,,influenza,0.07,77.33809523809524
NJ,202331,2023,7,,influenza,0.08,77.33809523809524
NJ,202332,2023,8,,influenza,0.09,73.28095238095239
NJ,202333,2023,8,,influenza,0.09,73.28095238095239
NJ,202334,2023,8,,influenza,0.09,73.28095238095239
NJ,202335,2023,8,,influenza,0.09,73.28095238095239
NJ,202336,2023,9,,influenza,0.1,68.1047619047619
NJ,202337,2023,9,,influenza,0.12,68.1047619047619
NJ,202338,2023,9,,influenza,0.13,68.1047619047619
NJ,202339,2023,9,,influenza,0.14,68.1047619047619
NJ,202340,2023,10,2023-24,influenza,0.13,58.56666666666667
NJ,202341,2023,10,2023-24,influenza,0.14,58.56666666666667
NJ,202342,2023,10,2023-24,influenza,0.17,58.56666666666667
NJ,202343,2023,10,2023-24,influenza,0.21,58.56666666666667
NJ,202344,2023,10,2023-24,influenza,0.27,58.56666666666667
NJ,202345,2023,11,2023-24,influenza,0.34,43.45238095238095
NJ,202346,2023,11,2023-24,influenza,0.44,43.45238095238095
NJ,202347,2023,11,2023-24,influenza,0.61,43.45238095238095
NJ,202348,2023,11,2023-24,influenza,0.84,43.45238095238095
NJ,202349,2023,12,2023-24,influenza,1.28,41.62857142857143
NJ,202350,2023,12,2023-24,influenza,2.05,41.62857142857143
NJ,202351,2023,12,2023-24,influenza,3.18,41.62857142857143
NJ,202352,2023,12,2023-24,influenza,4.56,41.62857142857143
NJ,202401,2023,12,2023-24,influenza,4.88,41.62857142857143
NJ,202402,2024,1,2023-24,influenza,4.54,34.785714285714285
NJ,202403,2024,1,2023-24,influenza,3.55,34.785714285714285
NJ,202404,2024,1,2023-24,influenza,3.12,34.785714285714285
NJ,202405,2024,1,2023-24,influenza,2.82,34.785714285714285
NJ,202406,2024,2,2023-24,influenza,2.75,37.46666666666666
NJ,202407,2024,2,2023-24,influenza,2.8,37.46666666666666
NJ,202408,2024,2,2023-24,influenza,2.97,37.46666666666666
NJ,202409,2024,2,2023-24,influenza,3.08,37.46666666666666
NJ,202410,2024,3,2023-24,influenza,3.01,46.07142857142857
NJ,202411,2024,3,2023-24,influenza,2.6,46.07142857142857
NJ,202412,2024,3,2023-24,influenza,2.18,46.07142857142857
NJ,202413,2024,3,2023-24,influenza,1.86,46.07142857142857
NJ,202414,2024,3,2023-24,influenza,1.71,46.07142857142857
NJ,202415,2024,4,2023-24,influenza,1.46,52.75238095238095
NJ,202416,2024,4,2023-24,influenza,1.07,52.75238095238095
NJ,202417,2024,4,2023-24,influenza,0.75,52.75238095238095
NJ,202418,2024,4,2023-24,influenza,0.58,52.75238095238095
NJ,202419,2024,5,2023-24,influenza,0.47,63.88571428571428
NJ,202420,2024,5,2023-24,influenza,0.38,63.88571428571428
NJ,202421,2024,5,,influenza,0.27,63.88571428571428
NJ,202422,2024,5,,influenza,0.21,63.88571428571428
NJ,202423,2024,6,,influenza,0.18,73.57619047619048
NJ,202424,2024,6,,influenza,0.15,73.57619047619048
NJ,202425,2024,6,,influenza,0.14,73.57619047619048
NJ,202426,2024,6,,influenza,0.13,73.57619047619048
NJ,202427,2024,6,,influenza,0.12,73.57619047619048
NJ,202428,2024,7,,influenza,0.12,78.07619047619048
NJ,202429,2024,7,,influenza,0.12,78.07619047619048
NJ,202430,2024,7,,influenza,0.12,78.07619047619048
NJ,202431,2024,7,,influenza,0.11,78.07619047619048
NJ,202432,2024,8,,influenza,0.1,74.0142857142857
NJ,202433,2024,8,,influenza,0.09,74.0142857142857
NJ,202434,2024,8,,influenza,0.09,74.0142857142857
NJ,202435,2024,8,,influenza,0.09,74.0142857142857
NJ,202436,2024,9,,influenza,0.08,66.96190476190476
NJ,202437,2024,9,,influenza,0.08,66.96190476190476
NJ,202438,2024,9,,influenza,0.11,66.96190476190476
NJ,202439,2024,9,,influenza,0.13,66.96190476190476
NJ,202440,2024,9,2024-25,influenza,0.15,66.96190476190476
NJ,202441,2024,10,2024-25,influenza,0.15,57.68095238095238
NJ,202442,2024,10,2024-25,influenza,0.14,57.68095238095238
NJ,202443,2024,10,2024-25,influenza,0.14,57.68095238095238
NJ,202444,2024,10,2024-25,influenza,0.16,57.68095238095238
NJ,202445,2024,11,2024-25,influenza,0.18,49.12857142857143
NJ,202446,2024,11,2024-25,influenza,0.21,49.12857142857143
NJ,202447,2024,11,2024-25,influenza,0.25,49.12857142857143
NJ,202448,2024,11,2024-25,influenza,0.33,49.12857142857143
NJ,202449,2024,12,2024-25,influenza,0.51,35.08571428571428
NJ,202450,2024,12,2024-25,influenza,0.89,35.08571428571428
NJ,202451,2024,12,2024-25,influenza,1.6,35.08571428571428
NJ,202452,2024,12,2024-25,influenza,3.02,35.08571428571428
NJ,202501,2024,12,2024-25,influenza,4.51,35.08571428571428
NJ,202502,2025,1,2024-25,influenza,5.67,28.538095238095234
NJ,202503,2025,1,2024-25,influenza,6.71,28.538095238095234
NJ,202504,2025,1,2024-25,influenza,7.89,28.538095238095234
NJ,202505,2025,1,2024-25,influenza,9.08,28.538095238095234
NJ,202506,2025,2,2024-25,influenza,9.35,33.74285714285715
NJ,202507,2025,2,2024-25,influenza,8.64,33.74285714285715
NJ,202508,2025,2,2024-25,influenza,7.18,33.74285714285715
NJ,202509,2025,2,2024-25,influenza,5.49,33.74285714285715
NJ,202510,2025,3,2024-25,influenza,4.24,45.91904761904762
NJ,202511,2025,3,2024-25,influenza,3.38,45.91904761904762
NJ,202512,2025,3,2024-25,influenza,2.72,45.91904761904762
NJ,202513,2025,3,2024-25,influenza,2.18,45.91904761904762
NJ,202514,2025,3,2024-25,influenza,1.72,45.91904761904762
NJ,202515,2025,4,2024-25,influenza,1.34,53.476190476190474
NJ,202516,2025,4,2024-25,influenza,1.05,53.476190476190474
NJ,202517,2025,4,2024-25,influenza,0.79,53.476190476190474
NJ,202518,2025,4,2024-25,influenza,0.6,53.476190476190474
NJ,202519,2025,5,2024-25,influenza,0.42,62.095238095238095
NJ,202520,2025,5,2024-25,influenza,0.3,62.095238095238095
NJ,202521,2025,5,,influenza,0.22,62.095238095238095
NJ,202522,2025,5,,influenza,0.19,62.095238095238095
NJ,202523,2025,6,,influenza,0.17,72.07142857142857
NJ,202524,2025,6,,influenza,0.15,72.07142857142857
NJ,202525,2025,6,,influenza,0.13,72.07142857142857
NJ,202526,2025,6,,influenza,0.12,72.07142857142857
NJ,202527,2025,6,,influenza,0.11,72.07142857142857
NJ,202528,2025,7,,influenza,0.1,78.47619047619048
NJ,202529,2025,7,,influenza,0.09,78.47619047619048
NJ,202530,2025,7,,influenza,0.08,78.47619047619048
NJ,202531,2025,7,,influenza,0.06,78.47619047619048
NJ,202532,2025,8,,influenza,0.06,71.02380952380952
NJ,202533,2025,8,,influenza,0.07,71.02380952380952
NJ,202534,2025,8,,influenza,0.08,71.02380952380952
NJ,202535,2025,8,,influenza,0.09,71.02380952380952
NJ,202536,2025,8,,influenza,0.09,71.02380952380952
NJ,202537,2025,9,,influenza,0.1,68.26666666666667
NJ,202538,2025,9,,influenza,0.11,68.26666666666667
NJ,202539,2025,9,,influenza,0.12,68.26666666666667
NJ,202540,2025,9,2025-26,influenza,0.13,68.26666666666667
NJ,202541,2025,10,2025-26,influenza,0.14,56.209523809523816
NJ,202542,2025,10,2025-26,influenza,0.16,56.209523809523816
NJ,202543,2025,10,2025-26,influenza,0.18,56.209523809523816
NJ,202544,2025,10,2025-26,influenza,0.22,56.209523809523816
NJ,202545,2025,11,2025-26,influenza,0.29,44.74285714285715
NJ,202546,2025,11,2025-26,influenza,0.39,44.74285714285715
NJ,202547,2025,11,2025-26,influenza,0.58,44.74285714285715
NJ,202548,2025,11,2025-26,influenza,1.07,44.74285714285715
NJ,202549,2025,11,2025-26,influenza,1.85,44.74285714285715
NJ,202550,2025,12,2025-26,influenza,3.35,31.847619047619045
NJ,202551,2025,12,2025-26,influenza,5.71,31.847619047619045
NJ,202552,2025,12,2025-26,influenza,8.41,31.847619047619045
NJ,202553,2025,12,2025-26,influenza,9.47,31.847619047619045
NJ,202601,2026,1,2025-26,influenza,8.3,27.776190476190475
NJ,202602,2026,1,2025-26,influenza,5.67,27.776190476190475
NJ,202603,2026,1,2025-26,influenza,3.52,27.776190476190475
NJ,202604,2026,1,2025-26,influenza,2.33,27.776190476190475
NJ,202605,2026,2,2025-26,influenza,1.72,29.35238095238095
NJ,202606,2026,2,2025-26,influenza,1.65,29.35238095238095
NJ,202607,2026,2,2025-26,influenza,1.89,29.35238095238095
NJ,202608,2026,2,2025-26,influenza,2.16,29.35238095238095
NJ,202609,2026,3,2025-26,influenza,2.23,45.214285714285715
NJ,202610,2026,3,2025-26,influenza,2.16,45.214285714285715
NJ,202611,2026,3,2025-26,influenza,2.04,45.214285714285715
NJ,202612,2026,3,2025-26,influenza,2.03,45.214285714285715
NJ,202613,2026,3,2025-26,influenza,1.9,45.214285714285715
NJ,202614,2026,4,2025-26,influenza,1.63,54.471428571428575
NJ,202615,2026,4,2025-26,influenza,1.15,54.471428571428575
NJ,202616,2026,4,2025-26,influenza,0.7,54.471428571428575
NJ,202617,2026,4,2025-26,influenza,0.47,54.471428571428575
NJ,202618,2026,5,2025-26,influenza,0.34,61.86190476190476
NJ,202619,2026,5,2025-26,influenza,0.3,61.86190476190476
NJ,202620,2026,5,2025-26,influenza,0.24,61.86190476190476
NJ,202621,2026,5,,influenza,0.19,61.86190476190476
NJ,202622,2026,5,,influenza,0.14,61.86190476190476
NJ,202623,2026,6,,influenza,0.11,72.05714285714286
NJ,202624,2026,6,,influenza,0.09,72.05714285714286
NJ,202625,2026,6,,influenza,0.07,72.05714285714286
NJ,202626,2026,6,,influenza,0.07,72.05714285714286
NJ,202627,2026,7,,influenza,0.05,75.85238095238095
NJ,202628,2026,7,,influenza,0.05,75.85238095238095
NJ,202629,2026,7,,influenza,0.05,75.85238095238095
NJ,202630,2026,7,,influenza,0.06,75.85238095238095
NJ,202631,2026,8,,influenza,0.06,74.94761904761906
NJ,202632,2026,8,,influenza,0.07,74.94761904761906
NJ,202633,2026,8,,influenza,0.08,74.94761904761906
NJ,202634,2026,8,,influenza,0.1,74.94761904761906
NJ,202635,2026,8,,influenza,0.11,74.94761904761906
NJ,202636,2026,9,,influenza,0.13,
NJ,202239,2022,9,,rsv,0.23,67.69047619047619
NJ,202240,2022,10,2022-23,rsv,0.29,54.08095238095238
NJ,202241,2022,10,2022-23,rsv,0.4,54.08095238095238
NJ,202242,2022,10,2022-23,rsv,0.53,54.08095238095238
NJ,202243,2022,10,2022-23,rsv,0.7,54.08095238095238
NJ,202244,2022,10,2022-23,rsv,0.91,54.08095238095238
NJ,202245,2022,11,2022-23,rsv,1.06,47.67619047619048
NJ,202246,2022,11,2022-23,rsv,1.12,47.67619047619048
NJ,202247,2022,11,2022-23,rsv,0.98,47.67619047619048
NJ,202248,2022,11,2022-23,rsv,0.78,47.67619047619048
NJ,202249,2022,12,2022-23,rsv,0.59,35.542857142857144
NJ,202250,2022,12,2022-23,rsv,0.46,35.542857142857144
NJ,202251,2022,12,2022-23,rsv,0.36,35.542857142857144
NJ,202252,2022,12,2022-23,rsv,0.3,35.542857142857144
NJ,202301,2023,1,2022-23,rsv,0.25,41.28095238095238
NJ,202302,2023,1,2022-23,rsv,0.23,41.28095238095238
NJ,202303,2023,1,2022-23,rsv,0.18,41.28095238095238
NJ,202304,2023,1,2022-23,rsv,0.15,41.28095238095238
NJ,202305,2023,1,2022-23,rsv,0.12,41.28095238095238
NJ,202306,2023,2,2022-23,rsv,0.11,39.03809523809524
NJ,202307,2023,2,2022-23,rsv,0.1,39.03809523809524
NJ,202308,2023,2,2022-23,rsv,0.08,39.03809523809524
NJ,202309,2023,2,2022-23,rsv,0.06,39.03809523809524
NJ,202310,2023,3,2022-23,rsv,0.06,42.32857142857143
NJ,202311,2023,3,2022-23,rsv,0.05,42.32857142857143
NJ,202312,2023,3,2022-23,rsv,0.04,42.32857142857143
NJ,202313,2023,3,2022-23,rsv,0.03,42.32857142857143
NJ,202314,2023,4,2022-23,rsv,0.02,55.46190476190476
NJ,202315,2023,4,2022-23,rsv,0.03,55.46190476190476
NJ,202316,2023,4,2022-23,rsv,0.03,55.46190476190476
NJ,202317,2023,4,2022-23,rsv,0.02,55.46190476190476
NJ,202318,2023,4,2022-23,rsv,0.02,55.46190476190476
NJ,202319,2023,5,2022-23,rsv,0.02,59.58095238095238
NJ,202320,2023,5,2022-23,rsv,0.01,59.58095238095238
NJ,202321,2023,5,,rsv,0.01,59.58095238095238
NJ,202322,2023,5,,rsv,0.01,59.58095238095238
NJ,202323,2023,6,,rsv,0.01,67.9857142857143
NJ,202324,2023,6,,rsv,0.01,67.9857142857143
NJ,202325,2023,6,,rsv,0.01,67.9857142857143
NJ,202326,2023,6,,rsv,0.01,67.9857142857143
NJ,202327,2023,7,,rsv,0.01,77.33809523809524
NJ,202328,2023,7,,rsv,0.01,77.33809523809524
NJ,202329,2023,7,,rsv,0.01,77.33809523809524
NJ,202330,2023,7,,rsv,0.01,77.33809523809524
NJ,202331,2023,7,,rsv,0.02,77.33809523809524
NJ,202332,2023,8,,rsv,0.02,73.28095238095239
NJ,202333,2023,8,,rsv,0.02,73.28095238095239
NJ,202334,2023,8,,rsv,0.02,73.28095238095239
NJ,202335,2023,8,,rsv,0.03,73.28095238095239
NJ,202336,2023,9,,rsv,0.03,68.1047619047619
NJ,202337,2023,9,,rsv,0.04,68.1047619047619
NJ,202338,2023,9,,rsv,0.05,68.1047619047619
NJ,202339,2023,9,,rsv,0.07,68.1047619047619
NJ,202340,2023,10,2023-24,rsv,0.1,58.56666666666667
NJ,202341,2023,10,2023-24,rsv,0.15,58.56666666666667
NJ,202342,2023,10,2023-24,rsv,0.22,58.56666666666667
NJ,202343,2023,10,2023-24,rsv,0.31,58.56666666666667
NJ,202344,2023,10,2023-24,rsv,0.4,58.56666666666667
NJ,202345,2023,11,2023-24,rsv,0.56,43.45238095238095
NJ,202346,2023,11,2023-24,rsv,0.69,43.45238095238095
NJ,202347,2023,11,2023-24,rsv,0.81,43.45238095238095
NJ,202348,2023,11,2023-24,rsv,0.86,43.45238095238095
NJ,202349,2023,12,2023-24,rsv,0.86,41.62857142857143
NJ,202350,2023,12,2023-24,rsv,0.84,41.62857142857143
NJ,202351,2023,12,2023-24,rsv,0.79,41.62857142857143
NJ,202352,2023,12,2023-24,rsv,0.74,41.62857142857143
NJ,202401,2023,12,2023-24,rsv,0.63,41.62857142857143
NJ,202402,2024,1,2023-24,rsv,0.51,34.785714285714285
NJ,202403,2024,1,2023-24,rsv,0.38,34.785714285714285
NJ,202404,2024,1,2023-24,rsv,0.28,34.785714285714285
NJ,202405,2024,1,2023-24,rsv,0.22,34.785714285714285
NJ,202406,2024,2,2023-24,rsv,0.18,37.46666666666666
NJ,202407,2024,2,2023-24,rsv,0.14,37.46666666666666
NJ,202408,2024,2,2023-24,rsv,0.12,37.46666666666666
NJ,202409,2024,2,2023-24,rsv,0.1,37.46666666666666
NJ,202410,2024,3,2023-24,rsv,0.09,46.07142857142857
NJ,202411,2024,3,2023-24,rsv,0.08,46.07142857142857
NJ,202412,2024,3,2023-24,rsv,0.07,46.07142857142857
NJ,202413,2024,3,2023-24,rsv,0.06,46.07142857142857
NJ,202414,2024,3,2023-24,rsv,0.05,46.07142857142857
NJ,202415,2024,4,2023-24,rsv,0.04,52.75238095238095
NJ,202416,2024,4,2023-24,rsv,0.04,52.75238095238095
NJ,202417,2024,4,2023-24,rsv,0.03,52.75238095238095
NJ,202418,2024,4,2023-24,rsv,0.02,52.75238095238095
NJ,202419,2024,5,2023-24,rsv,0.01,63.88571428571428
NJ,202420,2024,5,2023-24,rsv,0.01,63.88571428571428
NJ,202421,2024,5,,rsv,0.01,63.88571428571428
NJ,202422,2024,5,,rsv,0.01,63.88571428571428
NJ,202423,2024,6,,rsv,0.01,73.57619047619048
NJ,202424,2024,6,,rsv,0.01,73.57619047619048
NJ,202425,2024,6,,rsv,0.01,73.57619047619048
NJ,202426,2024,6,,rsv,0.02,73.57619047619048
NJ,202427,2024,6,,rsv,0.01,73.57619047619048
NJ,202428,2024,7,,rsv,0.01,78.07619047619048
NJ,202429,2024,7,,rsv,0.01,78.07619047619048
NJ,202430,2024,7,,rsv,0.01,78.07619047619048
NJ,202431,2024,7,,rsv,0.01,78.07619047619048
NJ,202432,2024,8,,rsv,0.01,74.0142857142857
NJ,202433,2024,8,,rsv,0.02,74.0142857142857
NJ,202434,2024,8,,rsv,0.02,74.0142857142857
NJ,202435,2024,8,,rsv,0.02,74.0142857142857
NJ,202436,2024,9,,rsv,0.02,66.96190476190476
NJ,202437,2024,9,,rsv,0.02,66.96190476190476
NJ,202438,2024,9,,rsv,0.03,66.96190476190476
NJ,202439,2024,9,,rsv,0.03,66.96190476190476
NJ,202440,2024,9,2024-25,rsv,0.04,66.96190476190476
NJ,202441,2024,10,2024-25,rsv,0.06,57.68095238095238
NJ,202442,2024,10,2024-25,rsv,0.08,57.68095238095238
NJ,202443,2024,10,2024-25,rsv,0.11,57.68095238095238
NJ,202444,2024,10,2024-25,rsv,0.14,57.68095238095238
NJ,202445,2024,11,2024-25,rsv,0.21,49.12857142857143
NJ,202446,2024,11,2024-25,rsv,0.3,49.12857142857143
NJ,202447,2024,11,2024-25,rsv,0.42,49.12857142857143
NJ,202448,2024,11,2024-25,rsv,0.55,49.12857142857143
NJ,202449,2024,12,2024-25,rsv,0.73,35.08571428571428
NJ,202450,2024,12,2024-25,rsv,0.94,35.08571428571428
NJ,202451,2024,12,2024-25,rsv,1.08,35.08571428571428
NJ,202452,2024,12,2024-25,rsv,1.17,35.08571428571428
NJ,202501,2024,12,2024-25,rsv,1.14,35.08571428571428
NJ,202502,2025,1,2024-25,rsv,1.01,28.538095238095234
NJ,202503,2025,1,2024-25,rsv,0.77,28.538095238095234
NJ,202504,2025,1,2024-25,rsv,0.59,28.538095238095234
NJ,202505,2025,1,2024-25,rsv,0.46,28.538095238095234
NJ,202506,2025,2,2024-25,rsv,0.39,33.74285714285715
NJ,202507,2025,2,2024-25,rsv,0.32,33.74285714285715
NJ,202508,2025,2,2024-25,rsv,0.26,33.74285714285715
NJ,202509,2025,2,2024-25,rsv,0.23,33.74285714285715
NJ,202510,2025,3,2024-25,rsv,0.2,45.91904761904762
NJ,202511,2025,3,2024-25,rsv,0.16,45.91904761904762
NJ,202512,2025,3,2024-25,rsv,0.14,45.91904761904762
NJ,202513,2025,3,2024-25,rsv,0.13,45.91904761904762
NJ,202514,2025,3,2024-25,rsv,0.11,45.91904761904762
NJ,202515,2025,4,2024-25,rsv,0.09,53.476190476190474
NJ,202516,2025,4,2024-25,rsv,0.08,53.476190476190474
NJ,202517,2025,4,2024-25,rsv,0.06,53.476190476190474
NJ,202518,2025,4,2024-25,rsv,0.04,53.476190476190474
NJ,202519,2025,5,2024-25,rsv,0.04,62.095238095238095
NJ,202520,2025,5,2024-25,rsv,0.03,62.095238095238095
NJ,202521,2025,5,,rsv,0.02,62.095238095238095
NJ,202522,2025,5,,rsv,0.03,62.095238095238095
NJ,202523,2025,6,,rsv,0.02,72.07142857142857
NJ,202524,2025,6,,rsv,0.02,72.07142857142857
NJ,202525,2025,6,,rsv,0.02,72.07142857142857
NJ,202526,2025,6,,rsv,0.02,72.07142857142857
NJ,202527,2025,6,,rsv,0.02,72.07142857142857
NJ,202528,2025,7,,rsv,0.01,78.47619047619048
NJ,202529,2025,7,,rsv,0.01,78.47619047619048
NJ,202530,2025,7,,rsv,0.01,78.47619047619048
NJ,202531,2025,7,,rsv,0.01,78.47619047619048
NJ,202532,2025,8,,rsv,0.01,71.02380952380952
NJ,202533,2025,8,,rsv,0.01,71.02380952380952
NJ,202534,2025,8,,rsv,0.01,71.02380952380952
NJ,202535,2025,8,,rsv,0.02,71.02380952380952
NJ,202536,2025,8,,rsv,0.02,71.02380952380952
NJ,202537,2025,9,,rsv,0.02,68.26666666666667
NJ,202538,2025,9,,rsv,0.02,68.26666666666667
NJ,202539,2025,9,,rsv,0.03,68.26666666666667
NJ,202540,2025,9,2025-26,rsv,0.03,68.26666666666667
NJ,202541,2025,10,2025-26,rsv,0.04,56.209523809523816
NJ,202542,2025,10,2025-26,rsv,0.04,56.209523809523816
NJ,202543,2025,10,2025-26,rsv,0.05,56.209523809523816
NJ,202544,2025,10,2025-26,rsv,0.07,56.209523809523816
NJ,202545,2025,11,2025-26,rsv,0.09,44.74285714285715
NJ,202546,2025,11,2025-26,rsv,0.11,44.74285714285715
NJ,202547,2025,11,2025-26,rsv,0.14,44.74285714285715
NJ,202548,2025,11,2025-26,rsv,0.19,44.74285714285715
NJ,202549,2025,11,2025-26,rsv,0.26,44.74285714285715
NJ,202550,2025,12,2025-26,rsv,0.32,31.847619047619045
NJ,202551,2025,12,2025-26,rsv,0.41,31.847619047619045
NJ,202552,2025,12,2025-26,rsv,0.53,31.847619047619045
NJ,202553,2025,12,2025-26,rsv,0.63,31.847619047619045
NJ,202601,2026,1,2025-26,rsv,0.65,27.776190476190475
NJ,202602,2026,1,2025-26,rsv,0.65,27.776190476190475
NJ,202603,2026,1,2025-26,rsv,0.66,27.776190476190475
NJ,202604,2026,1,2025-26,rsv,0.7,27.776190476190475
NJ,202605,2026,2,2025-26,rsv,0.67,29.35238095238095
NJ,202606,2026,2,2025-26,rsv,0.63,29.35238095238095
NJ,202607,2026,2,2025-26,rsv,0.62,29.35238095238095
NJ,202608,2026,2,2025-26,rsv,0.64,29.35238095238095
NJ,202609,2026,3,2025-26,rsv,0.61,45.214285714285715
NJ,202610,2026,3,2025-26,rsv,0.55,45.214285714285715
NJ,202611,2026,3,2025-26,rsv,0.48,45.214285714285715
NJ,202612,2026,3,2025-26,rsv,0.42,45.214285714285715
NJ,202613,2026,3,2025-26,rsv,0.36,45.214285714285715
NJ,202614,2026,4,2025-26,rsv,0.3,54.471428571428575
NJ,202615,2026,4,2025-26,rsv,0.23,54.471428571428575
NJ,202616,2026,4,2025-26,rsv,0.18,54.471428571428575
NJ,202617,2026,4,2025-26,rsv,0.13,54.471428571428575
NJ,202618,2026,5,2025-26,rsv,0.1,61.86190476190476
NJ,202619,2026,5,2025-26,rsv,0.08,61.86190476190476
NJ,202620,2026,5,2025-26,rsv,0.06,61.86190476190476
NJ,202621,2026,5,,rsv,0.04,61.86190476190476
NJ,202622,2026,5,,rsv,0.03,61.86190476190476
NJ,202623,2026,6,,rsv,0.03,72.05714285714286
NJ,202624,2026,6,,rsv,0.03,72.05714285714286
NJ,202625,2026,6,,rsv,0.02,72.05714285714286
NJ,202626,2026,6,,rsv,0.02,72.05714285714286
NJ,202627,2026,7,,rsv,0.02,75.85238095238095
NJ,202628,2026,7,,rsv,0.02,75.85238095238095
NJ,202629,2026,7,,rsv,0.02,75.85238095238095
NJ,202630,2026,7,,rsv,0.02,75.85238095238095
NJ,202631,2026,8,,rsv,0.02,74.94761904761906
NJ,202632,2026,8,,rsv,0.02,74.94761904761906
NJ,202633,2026,8,,rsv,0.02,74.94761904761906
NJ,202634,2026,8,,rsv,0.03,74.94761904761906
NJ,202635,2026,8,,rsv,0.03,74.94761904761906
NJ,202636,2026,9,,rsv,0.03,
NY,202239,2022,9,,covid,2.22,61.86290322580645
NY,202240,2022,10,2022-23,covid,2.24,50.0758064516129
NY,202241,2022,10,2022-23,covid,2.27,50.0758064516129
NY,202242,2022,10,2022-23,covid,2.2,50.0758064516129
NY,202243,2022,10,2022-23,covid,2.18,50.0758064516129
NY,202244,2022,10,2022-23,covid,2.09,50.0758064516129
NY,202245,2022,11,2022-23,covid,2.1,42.35645161290322
NY,202246,2022,11,2022-23,covid,2.07,42.35645161290322
NY,202247,2022,11,2022-23,covid,2.17,42.35645161290322
NY,202248,2022,11,2022-23,covid,2.38,42.35645161290322
NY,202249,2022,12,2022-23,covid,2.63,30.219354838709677
NY,202250,2022,12,2022-23,covid,2.76,30.219354838709677
NY,202251,2022,12,2022-23,covid,2.91,30.219354838709677
NY,202252,2022,12,2022-23,covid,3.15,30.219354838709677
NY,202301,2023,1,2022-23,covid,3.27,32.593548387096774
NY,202302,2023,1,2022-23,covid,3.07,32.593548387096774
NY,202303,2023,1,2022-23,covid,2.67,32.593548387096774
NY,202304,2023,1,2022-23,covid,2.25,32.593548387096774
NY,202305,2023,1,2022-23,covid,2.01,32.593548387096774
NY,202306,2023,2,2022-23,covid,1.76,30.287096774193547
NY,202307,2023,2,2022-23,covid,1.56,30.287096774193547
NY,202308,2023,2,2022-23,covid,1.41,30.287096774193547
NY,202309,2023,2,2022-23,covid,1.27,30.287096774193547
NY,202310,2023,3,2022-23,covid,1.08,34.380645161290325
NY,202311,2023,3,2022-23,covid,0.89,34.380645161290325
NY,202312,2023,3,2022-23,covid,0.77,34.380645161290325
NY,202313,2023,3,2022-23,covid,0.7,34.380645161290325
NY,202314,2023,4,2022-23,covid,0.63,49.36612903225806
NY,202315,2023,4,2022-23,covid,0.58,49.36612903225806
NY,202316,2023,4,2022-23,covid,0.51,49.36612903225806
NY,202317,2023,4,2022-23,covid,0.44,49.36612903225806
NY,202318,2023,4,2022-23,covid,0.39,49.36612903225806
NY,202319,2023,5,2022-23,covid,0.36,54.97096774193548
NY,202320,2023,5,2022-23,covid,0.37,54.97096774193548
NY,202321,2023,5,,covid,0.37,54.97096774193548
NY,202322,2023,5,,covid,0.39,54.97096774193548
NY,202323,2023,6,,covid,0.38,64.13064516129032
NY,202324,2023,6,,covid,0.37,64.13064516129032
NY,202325,2023,6,,covid,0.34,64.13064516129032
NY,202326,2023,6,,covid,0.33,64.13064516129032
NY,202327,2023,7,,covid,0.33,71.96774193548387
NY,202328,2023,7,,covid,0.36,71.96774193548387
NY,202329,2023,7,,covid,0.42,71.96774193548387
NY,202330,2023,7,,covid,0.53,71.96774193548387
NY,202331,2023,7,,covid,0.66,71.96774193548387
NY,202332,2023,8,,covid,0.85,67.10483870967742
NY,202333,2023,8,,covid,1.02,67.10483870967742
NY,202334,2023,8,,covid,1.24,67.10483870967742
NY,202335,2023,8,,covid,1.4,67.10483870967742
NY,202336,2023,9,,covid,1.63,62.803225806451614
NY,202337,2023,9,,covid,1.77,62.803225806451614
NY,202338,2023,9,,covid,1.89,62.803225806451614
NY,202339,2023,9,,covid,1.9,62.803225806451614
NY,202340,2023,10,2023-24,covid,1.8,54.148387096774194
NY,202341,2023,10,2023-24,covid,1.56,54.148387096774194
NY,202342,2023,10,2023-24,covid,1.29,54.148387096774194
NY,202343,2023,10,2023-24,covid,1.13,54.148387096774194
NY,202344,2023,10,2023-24,covid,1.05,54.148387096774194
NY,202345,2023,11,2023-24,covid,1.02,37.7
NY,202346,2023,11,2023-24,covid,1.05,37.7
NY,202347,2023,11,2023-24,covid,1.22,37.7
NY,202348,2023,11,2023-24,covid,1.47,37.7
NY,202349,2023,12,2023-24,covid,1.69,36.45322580645161
NY,202350,2023,12,2023-24,covid,1.93,36.45322580645161
NY,202351,2023,12,2023-24,covid,2.26,36.45322580645161
NY,202352,2023,12,2023-24,covid,2.91,36.45322580645161
NY,202401,2023,12,2023-24,covid,3.31,36.45322580645161
NY,202402,2024,1,2023-24,covid,3.37,28.188709677419357
NY,202403,2024,1,2023-24,covid,2.9,28.188709677419357
NY,202404,2024,1,2023-24,covid,2.38,28.188709677419357
NY,202405,2024,1,2023-24,covid,1.92,28.188709677419357
NY,202406,2024,2,2023-24,covid,1.67,31.875806451612902
NY,202407,2024,2,2023-24,covid,1.45,31.875806451612902
NY,202408,2024,2,2023-24,covid,1.28,31.875806451612902
NY,202409,2024,2,2023-24,covid,1.04,31.875806451612902
NY,202410,2024,3,2023-24,covid,0.84,39.016129032258064
NY,202411,2024,3,2023-24,covid,0.65,39.016129032258064
NY,202412,2024,3,2023-24,covid,0.55,39.016129032258064
NY,202413,2024,3,2023-24,covid,0.49,39.016129032258064
NY,202414,2024,3,2023-24,covid,0.46,39.016129032258064
NY,202415,2024,4,2023-24,covid,0.42,47.06612903225806
NY,202416,2024,4,2023-24,covid,0.39,47.06612903225806
NY,202417,2024,4,2023-24,covid,0.35,47.06612903225806
NY,202418,2024,4,2023-24,covid,0.34,47.06612903225806
NY,202419,2024,5,2023-24,covid,0.35,60.858064516129026
NY,202420,2024,5,2023-24,covid,0.38,60.858064516129026
NY,202421,2024,5,,covid,0.43,60.858064516129026
NY,202422,2024,5,,covid,0.48,60.858064516129026
NY,202423,2024,6,,covid,0.54,67.88548387096773
NY,202424,2024,6,,covid,0.6,67.88548387096773
NY,202425,2024,6,,covid,0.72,67.88548387096773
NY,202426,2024,6,,covid,0.83,67.88548387096773
NY,202427,2024,6,,covid,0.98,67.88548387096773
NY,202428,2024,7,,covid,1.08,72.38225806451612
NY,202429,2024,7,,covid,1.18,72.38225806451612
NY,202430,2024,7,,covid,1.27,72.38225806451612
NY,202431,2024,7,,covid,1.41,72.38225806451612
NY,202432,2024,8,,covid,1.47,68.49677419354839
NY,202433,2024,8,,covid,1.51,68.49677419354839
NY,202434,2024,8,,covid,1.48,68.49677419354839
NY,202435,2024,8,,covid,1.48,68.49677419354839
NY,202436,2024,9,,covid,1.46,63.21451612903226
NY,202437,2024,9,,covid,1.45,63.21451612903226
NY,202438,2024,9,,covid,1.41,63.21451612903226
NY,202439,2024,9,,covid,1.32,63.21451612903226
NY,202440,2024,9,2024-25,covid,1.13,63.21451612903226
NY,202441,2024,10,2024-25,covid,0.9,52.01774193548387
NY,202442,2024,10,2024-25,covid,0.71,52.01774193548387
NY,202443,2024,10,2024-25,covid,0.58,52.01774193548387
NY,202444,2024,10,2024-25,covid,0.51,52.01774193548387
NY,202445,2024,11,2024-25,covid,0.45,43.061290322580646
NY,202446,2024,11,2024-25,covid,0.39,43.061290322580646
NY,202447,2024,11,2024-25,covid,0.36,43.061290322580646
NY,202448,2024,11,2024-25,covid,0.36,43.061290322580646
NY,202449,2024,12,2024-25,covid,0.4,28.70967741935484
NY,202450,2024,12,2024-25,covid,0.45,28.70967741935484
NY,202451,2024,12,2024-25,covid,0.54,28.70967741935484
NY,202452,2024,12,2024-25,covid,0.68,28.70967741935484
NY,202501,2024,12,2024-25,covid,0.89,28.70967741935484
NY,202502,2025,1,2024-25,covid,0.99,21.99516129032258
NY,202503,2025,1,2024-25,covid,0.97,21.99516129032258
NY,202504,2025,1,2024-25,covid,0.91,21.99516129032258
NY,202505,2025,1,2024-25,covid,0.91,21.99516129032258
NY,202506,2025,2,2024-25,covid,0.93,24.559677419354838
NY,202507,2025,2,2024-25,covid,0.9,24.559677419354838
NY,202508,2025,2,2024-25,covid,0.86,24.559677419354838
NY,202509,2025,2,2024-25,covid,0.81,24.559677419354838
NY,202510,2025,3,2024-25,covid,0.77,38.77258064516129
NY,202511,2025,3,2024-25,covid,0.77,38.77258064516129
NY,202512,2025,3,2024-25,covid,0.79,38.77258064516129
NY,202513,2025,3,2024-25,covid,0.84,38.77258064516129
NY,202514,2025,3,2024-25,covid,0.84,38.77258064516129
NY,202515,2025,4,2024-25,covid,0.82,46.70967741935484
NY,202516,2025,4,2024-25,covid,0.77,46.70967741935484
NY,202517,2025,4,2024-25,covid,0.72,46.70967741935484
NY,202518,2025,4,2024-25,covid,0.61,46.70967741935484
NY,202519,2025,5,2024-25,covid,0.5,56.31935483870968
NY,202520,2025,5,2024-25,covid,0.41,56.31935483870968
NY,202521,2025,5,,covid,0.36,56.31935483870968
NY,202522,2025,5,,covid,0.36,56.31935483870968
NY,202523,2025,6,,covid,0.35,67.68387096774192
NY,202524,2025,6,,covid,0.35,67.68387096774192
NY,202525,2025,6,,covid,0.33,67.68387096774192
NY,202526,2025,6,,covid,0.32,67.68387096774192
NY,202527,2025,6,,covid,0.3,67.68387096774192
NY,202528,2025,7,,covid,0.31,73.30322580645162
NY,202529,2025,7,,covid,0.32,73.30322580645162
NY,202530,2025,7,,covid,0.36,73.30322580645162
NY,202531,2025,7,,covid,0.41,73.30322580645162
NY,202532,2025,8,,covid,0.47,67.20967741935483
NY,202533,2025,8,,covid,0.55,67.20967741935483
NY,202534,2025,8,,covid,0.6,67.20967741935483
NY,202535,2025,8,,covid,0.64,67.20967741935483
NY,202536,2025,8,,covid,0.7,67.20967741935483
NY,202537,2025,9,,covid,0.75,62.645161290322584
NY,202538,2025,9,,covid,0.8,62.645161290322584
NY,202539,2025,9,,covid,0.78,62.645161290322584
NY,202540,2025,9,2025-26,covid,0.69,62.645161290322584
NY,202541,2025,10,2025-26,covid,0.56,51.23548387096774
NY,202542,2025,10,2025-26,covid,0.42,51.23548387096774
NY,202543,2025,10,2025-26,covid,0.35,51.23548387096774
NY,202544,2025,10,2025-26,covid,0.3,51.23548387096774
NY,202545,2025,11,2025-26,covid,0.3,37.980645161290326
NY,202546,2025,11,2025-26,covid,0.3,37.980645161290326
NY,202547,2025,11,2025-26,covid,0.31,37.980645161290326
NY,202548,2025,11,2025-26,covid,0.33,37.980645161290326
NY,202549,2025,11,2025-26,covid,0.38,37.980645161290326
NY,202550,2025,12,2025-26,covid,0.44,24.65967741935484
NY,202551,2025,12,2025-26,covid,0.48,24.65967741935484
NY,202552,2025,12,2025-26,covid,0.55,24.65967741935484
NY,202553,2025,12,2025-26,covid,0.63,24.65967741935484
NY,202601,2026,1,2025-26,covid,0.68,20.825806451612905
NY,202602,2026,1,2025-26,covid,0.63,20.825806451612905
NY,202603,2026,1,2025-26,covid,0.57,20.825806451612905
NY,202604,2026,1,2025-26,covid,0.53,20.825806451612905
NY,202605,2026,2,2025-26,covid,0.52,22.056451612903224
NY,202606,2026,2,2025-26,covid,0.52,22.056451612903224
NY,202607,2026,2,2025-26,covid,0.54,22.056451612903224
NY,202608,2026,2,2025-26,covid,0.53,22.056451612903224
NY,202609,2026,3,2025-26,covid,0.5,37.369354838709675
NY,202610,2026,3,2025-26,covid,0.45,37.369354838709675
NY,202611,2026,3,2025-26,covid,0.41,37.369354838709675
NY,202612,2026,3,2025-26,covid,0.41,37.369354838709675
NY,202613,2026,3,2025-26,covid,0.4,37.369354838709675
NY,202614,2026,4,2025-26,covid,0.37,48.987096774193546
NY,202615,2026,4,2025-26,covid,0.32,48.987096774193546
NY,202616,2026,4,2025-26,covid,0.24,48.987096774193546
NY,202617,2026,4,2025-26,covid,0.19,48.987096774193546
NY,202618,2026,5,2025-26,covid,0.16,55.07258064516129
NY,202619,2026,5,2025-26,covid,0.15,55.07258064516129
NY,202620,2026,5,2025-26,covid,0.13,55.07258064516129
NY,202621,2026,5,,covid,0.1,55.07258064516129
NY,202622,2026,5,,covid,0.09,55.07258064516129
NY,202623,2026,6,,covid,0.08,66.29354838709678
NY,202624,2026,6,,covid,0.07,66.29354838709678
NY,202625,2026,6,,covid,0.06,66.29354838709678
NY,202626,2026,6,,covid,0.07,66.29354838709678
NY,202627,2026,7,,covid,0.08,70.91612903225807
NY,202628,2026,7,,covid,0.1,70.91612903225807
NY,202629,2026,7,,covid,0.11,70.91612903225807
NY,202630,2026,7,,covid,0.14,70.91612903225807
NY,202631,2026,8,,covid,0.17,68.83548387096775
NY,202632,2026,8,,covid,0.2,68.83548387096775
NY,202633,2026,8,,covid,0.23,68.83548387096775
NY,202634,2026,8,,covid,0.27,68.83548387096775
NY,202635,2026,8,,covid,0.33,68.83548387096775
NY,202636,2026,9,,covid,0.4,
NY,202239,2022,9,,influenza,0.06,61.86290322580645
NY,202240,2022,10,2022-23,influenza,0.07,50.0758064516129
NY,202241,2022,10,2022-23,influenza,0.1,50.0758064516129
NY,202242,2022,10,2022-23,influenza,0.15,50.0758064516129
NY,202243,2022,10,2022-23,influenza,0.29,50.0758064516129
NY,202244,2022,10,2022-23,influenza,0.64,50.0758064516129
NY,202245,2022,11,2022-23,influenza,1.09,42.35645161290322
NY,202246,2022,11,2022-23,influenza,1.64,42.35645161290322
NY,202247,2022,11,2022-23,influenza,2.63,42.35645161290322
NY,202248,2022,11,2022-23,influenza,3.79,42.35645161290322
NY,202249,2022,12,2022-23,influenza,4.8,30.219354838709677
NY,202250,2022,12,2022-23,influenza,5.09,30.219354838709677
NY,202251,2022,12,2022-23,influenza,4.87,30.219354838709677
NY,202252,2022,12,2022-23,influenza,4.22,30.219354838709677
NY,202301,2023,1,2022-23,influenza,3.05,32.593548387096774
NY,202302,2023,1,2022-23,influenza,1.95,32.593548387096774
NY,202303,2023,1,2022-23,influenza,1.0,32.593548387096774
NY,202304,2023,1,2022-23,influenza,0.52,32.593548387096774
NY,202305,2023,1,2022-23,influenza,0.34,32.593548387096774
NY,202306,2023,2,2022-23,influenza,0.26,30.287096774193547
NY,202307,2023,2,2022-23,influenza,0.23,30.287096774193547
NY,202308,2023,2,2022-23,influenza,0.22,30.287096774193547
NY,202309,2023,2,2022-23,influenza,0.21,30.287096774193547
NY,202310,2023,3,2022-23,influenza,0.2,34.380645161290325
NY,202311,2023,3,2022-23,influenza,0.22,34.380645161290325
NY,202312,2023,3,2022-23,influenza,0.25,34.380645161290325
NY,202313,2023,3,2022-23,influenza,0.28,34.380645161290325
NY,202314,2023,4,2022-23,influenza,0.31,49.36612903225806
NY,202315,2023,4,2022-23,influenza,0.31,49.36612903225806
NY,202316,2023,4,2022-23,influenza,0.27,49.36612903225806
NY,202317,2023,4,2022-23,influenza,0.23,49.36612903225806
NY,202318,2023,4,2022-23,influenza,0.21,49.36612903225806
NY,202319,2023,5,2022-23,influenza,0.2,54.97096774193548
NY,202320,2023,5,2022-23,influenza,0.2,54.97096774193548
NY,202321,2023,5,,influenza,0.2,54.97096774193548
NY,202322,2023,5,,influenza,0.2,54.97096774193548
NY,202323,2023,6,,influenza,0.18,64.13064516129032
NY,202324,2023,6,,influenza,0.16,64.13064516129032
NY,202325,2023,6,,influenza,0.12,64.13064516129032
NY,202326,2023,6,,influenza,0.11,64.13064516129032
NY,202327,2023,7,,influenza,0.08,71.96774193548387
NY,202328,2023,7,,influenza,0.08,71.96774193548387
NY,202329,2023,7,,influenza,0.07,71.96774193548387
NY,202330,2023,7,,influenza,0.06,71.96774193548387
NY,202331,2023,7,,influenza,0.06,71.96774193548387
NY,202332,2023,8,,influenza,0.06,67.10483870967742
NY,202333,2023,8,,influenza,0.06,67.10483870967742
NY,202334,2023,8,,influenza,0.07,67.10483870967742
NY,202335,2023,8,,influenza,0.07,67.10483870967742
NY,202336,2023,9,,influenza,0.07,62.803225806451614
NY,202337,2023,9,,influenza,0.08,62.803225806451614
NY,202338,2023,9,,influenza,0.09,62.803225806451614
NY,202339,2023,9,,influenza,0.1,62.803225806451614
NY,202340,2023,10,2023-24,influenza,0.11,54.148387096774194
NY,202341,2023,10,2023-24,influenza,0.11,54.148387096774194
NY,202342,2023,10,2023-24,influenza,0.12,54.148387096774194
NY,202343,2023,10,2023-24,influenza,0.13,54.148387096774194
NY,202344,2023,10,2023-24,influenza,0.15,54.148387096774194
NY,202345,2023,11,2023-24,influenza,0.21,37.7
NY,202346,2023,11,2023-24,influenza,0.32,37.7
NY,202347,2023,11,2023-24,influenza,0.52,37.7
NY,202348,2023,11,2023-24,influenza,0.82,37.7
NY,202349,2023,12,2023-24,influenza,1.21,36.45322580645161
NY,202350,2023,12,2023-24,influenza,1.79,36.45322580645161
NY,202351,2023,12,2023-24,influenza,2.6,36.45322580645161
NY,202352,2023,12,2023-24,influenza,3.6,36.45322580645161
NY,202401,2023,12,2023-24,influenza,3.79,36.45322580645161
NY,202402,2024,1,2023-24,influenza,3.54,28.188709677419357
NY,202403,2024,1,2023-24,influenza,2.88,28.188709677419357
NY,202404,2024,1,2023-24,influenza,2.68,28.188709677419357
NY,202405,2024,1,2023-24,influenza,2.56,28.188709677419357
NY,202406,2024,2,2023-24,influenza,2.51,31.875806451612902
NY,202407,2024,2,2023-24,influenza,2.52,31.875806451612902
NY,202408,2024,2,2023-24,influenza,2.62,31.875806451612902
NY,202409,2024,2,2023-24,influenza,2.63,31.875806451612902
NY,202410,2024,3,2023-24,influenza,2.47,39.016129032258064
NY,202411,2024,3,2023-24,influenza,2.1,39.016129032258064
NY,202412,2024,3,2023-24,influenza,1.77,39.016129032258064
NY,202413,2024,3,2023-24,influenza,1.57,39.016129032258064
NY,202414,2024,3,2023-24,influenza,1.5,39.016129032258064
NY,202415,2024,4,2023-24,influenza,1.36,47.06612903225806
NY,202416,2024,4,2023-24,influenza,1.06,47.06612903225806
NY,202417,2024,4,2023-24,influenza,0.77,47.06612903225806
NY,202418,2024,4,2023-24,influenza,0.56,47.06612903225806
NY,202419,2024,5,2023-24,influenza,0.44,60.858064516129026
NY,202420,2024,5,2023-24,influenza,0.32,60.858064516129026
NY,202421,2024,5,,influenza,0.22,60.858064516129026
NY,202422,2024,5,,influenza,0.16,60.858064516129026
NY,202423,2024,6,,influenza,0.13,67.88548387096773
NY,202424,2024,6,,influenza,0.1,67.88548387096773
NY,202425,2024,6,,influenza,0.1,67.88548387096773
NY,202426,2024,6,,influenza,0.09,67.88548387096773
NY,202427,2024,6,,influenza,0.08,67.88548387096773
NY,202428,2024,7,,influenza,0.07,72.38225806451612
NY,202429,2024,7,,influenza,0.07,72.38225806451612
NY,202430,2024,7,,influenza,0.07,72.38225806451612
NY,202431,2024,7,,influenza,0.07,72.38225806451612
NY,202432,2024,8,,influenza,0.06,68.49677419354839
NY,202433,2024,8,,influenza,0.05,68.49677419354839
NY,202434,2024,8,,influenza,0.05,68.49677419354839
NY,202435,2024,8,,influenza,0.05,68.49677419354839
NY,202436,2024,9,,influenza,0.05,63.21451612903226
NY,202437,2024,9,,influenza,0.05,63.21451612903226
NY,202438,2024,9,,influenza,0.06,63.21451612903226
NY,202439,2024,9,,influenza,0.06,63.21451612903226
NY,202440,2024,9,2024-25,influenza,0.05,63.21451612903226
NY,202441,2024,10,2024-25,influenza,0.05,52.01774193548387
NY,202442,2024,10,2024-25,influenza,0.05,52.01774193548387
NY,202443,2024,10,2024-25,influenza,0.06,52.01774193548387
NY,202444,2024,10,2024-25,influenza,0.08,52.01774193548387
NY,202445,2024,11,2024-25,influenza,0.1,43.061290322580646
NY,202446,2024,11,2024-25,influenza,0.11,43.061290322580646
NY,202447,2024,11,2024-25,influenza,0.15,43.061290322580646
NY,202448,2024,11,2024-25,influenza,0.23,43.061290322580646
NY,202449,2024,12,2024-25,influenza,0.36,28.70967741935484
NY,202450,2024,12,2024-25,influenza,0.65,28.70967741935484
NY,202451,2024,12,2024-25,influenza,1.15,28.70967741935484
NY,202452,2024,12,2024-25,influenza,2.26,28.70967741935484
NY,202501,2024,12,2024-25,influenza,3.49,28.70967741935484
NY,202502,2025,1,2024-25,influenza,4.31,21.99516129032258
NY,202503,2025,1,2024-25,influenza,4.83,21.99516129032258
NY,202504,2025,1,2024-25,influenza,5.37,21.99516129032258
NY,202505,2025,1,2024-25,influenza,5.99,21.99516129032258
NY,202506,2025,2,2024-25,influenza,6.03,24.559677419354838
NY,202507,2025,2,2024-25,influenza,5.65,24.559677419354838
NY,202508,2025,2,2024-25,influenza,4.99,24.559677419354838
NY,202509,2025,2,2024-25,influenza,4.09,24.559677419354838
NY,202510,2025,3,2024-25,influenza,3.24,38.77258064516129
NY,202511,2025,3,2024-25,influenza,2.61,38.77258064516129
NY,202512,2025,3,2024-25,influenza,2.25,38.77258064516129
NY,202513,2025,3,2024-25,influenza,1.89,38.77258064516129
NY,202514,2025,3,2024-25,influenza,1.58,38.77258064516129
NY,202515,2025,4,2024-25,influenza,1.3,46.70967741935484
NY,202516,2025,4,2024-25,influenza,1.09,46.70967741935484
NY,202517,2025,4,2024-25,influenza,0.83,46.70967741935484
NY,202518,2025,4,2024-25,influenza,0.59,46.70967741935484
NY,202519,2025,5,2024-25,influenza,0.39,56.31935483870968
NY,202520,2025,5,2024-25,influenza,0.26,56.31935483870968
NY,202521,2025,5,,influenza,0.19,56.31935483870968
NY,202522,2025,5,,influenza,0.14,56.31935483870968
NY,202523,2025,6,,influenza,0.1,67.68387096774192
NY,202524,2025,6,,influenza,0.08,67.68387096774192
NY,202525,2025,6,,influenza,0.07,67.68387096774192
NY,202526,2025,6,,influenza,0.06,67.68387096774192
NY,202527,2025,6,,influenza,0.05,67.68387096774192
NY,202528,2025,7,,influenza,0.05,73.30322580645162
NY,202529,2025,7,,influenza,0.05,73.30322580645162
NY,202530,2025,7,,influenza,0.05,73.30322580645162
NY,202531,2025,7,,influenza,0.04,73.30322580645162
NY,202532,2025,8,,influenza,0.04,67.20967741935483
NY,202533,2025,8,,influenza,0.04,67.20967741935483
NY,202534,2025,8,,influenza,0.04,67.20967741935483
NY,202535,2025,8,,influenza,0.04,67.20967741935483
NY,202536,2025,8,,influenza,0.05,67.20967741935483
NY,202537,2025,9,,influenza,0.05,62.645161290322584
NY,202538,2025,9,,influenza,0.05,62.645161290322584
NY,202539,2025,9,,influenza,0.06,62.645161290322584
NY,202540,2025,9,2025-26,influenza,0.06,62.645161290322584
NY,202541,2025,10,2025-26,influenza,0.06,51.23548387096774
NY,202542,2025,10,2025-26,influenza,0.06,51.23548387096774
NY,202543,2025,10,2025-26,influenza,0.08,51.23548387096774
NY,202544,2025,10,2025-26,influenza,0.12,51.23548387096774
NY,202545,2025,11,2025-26,influenza,0.21,37.980645161290326
NY,202546,2025,11,2025-26,influenza,0.36,37.980645161290326
NY,202547,2025,11,2025-26,influenza,0.71,37.980645161290326
NY,202548,2025,11,2025-26,influenza,1.48,37.980645161290326
NY,202549,2025,11,2025-26,influenza,2.46,37.980645161290326
NY,202550,2025,12,2025-26,influenza,4.03,24.65967741935484
NY,202551,2025,12,2025-26,influenza,5.98,24.65967741935484
NY,202552,2025,12,2025-26,influenza,7.88,24.65967741935484
NY,202553,2025,12,2025-26,influenza,8.15,24.65967741935484
NY,202601,2026,1,2025-26,influenza,6.44,20.825806451612905
NY,202602,2026,1,2025-26,influenza,3.98,20.825806451612905
NY,202603,2026,1,2025-26,influenza,2.23,20.825806451612905
NY,202604,2026,1,2025-26,influenza,1.4,20.825806451612905
NY,202605,2026,2,2025-26,influenza,0.99,22.056451612903224
NY,202606,2026,2,2025-26,influenza,0.86,22.056451612903224
NY,202607,2026,2,2025-26,influenza,0.91,22.056451612903224
NY,202608,2026,2,2025-26,influenza,0.97,22.056451612903224
NY,202609,2026,3,2025-26,influenza,0.98,37.369354838709675
NY,202610,2026,3,2025-26,influenza,0.98,37.369354838709675
NY,202611,2026,3,2025-26,influenza,1.03,37.369354838709675
NY,202612,2026,3,2025-26,influenza,1.11,37.369354838709675
NY,202613,2026,3,2025-26,influenza,1.14,37.369354838709675
NY,202614,2026,4,2025-26,influenza,1.06,48.987096774193546
NY,202615,2026,4,2025-26,influenza,0.83,48.987096774193546
NY,202616,2026,4,2025-26,influenza,0.55,48.987096774193546
NY,202617,2026,4,2025-26,influenza,0.37,48.987096774193546
NY,202618,2026,5,2025-26,influenza,0.28,55.07258064516129
NY,202619,2026,5,2025-26,influenza,0.25,55.07258064516129
NY,202620,2026,5,2025-26,influenza,0.22,55.07258064516129
NY,202621,2026,5,,influenza,0.17,55.07258064516129
NY,202622,2026,5,,influenza,0.13,55.07258064516129
NY,202623,2026,6,,influenza,0.09,66.29354838709678
NY,202624,2026,6,,influenza,0.07,66.29354838709678
NY,202625,2026,6,,influenza,0.06,66.29354838709678
NY,202626,2026,6,,influenza,0.04,66.29354838709678
NY,202627,2026,7,,influenza,0.03,70.91612903225807
NY,202628,2026,7,,influenza,0.04,70.91612903225807
NY,202629,2026,7,,influenza,0.03,70.91612903225807
NY,202630,2026,7,,influenza,0.04,70.91612903225807
NY,202631,2026,8,,influenza,0.04,68.83548387096775
NY,202632,2026,8,,influenza,0.04,68.83548387096775
NY,202633,2026,8,,influenza,0.04,68.83548387096775
NY,202634,2026,8,,influenza,0.04,68.83548387096775
NY,202635,2026,8,,influenza,0.06,68.83548387096775
NY,202636,2026,9,,influenza,0.08,
NY,202239,2022,9,,rsv,0.12,61.86290322580645
NY,202240,2022,10,2022-23,rsv,0.16,50.0758064516129
NY,202241,2022,10,2022-23,rsv,0.25,50.0758064516129
NY,202242,2022,10,2022-23,rsv,0.36,50.0758064516129
NY,202243,2022,10,2022-23,rsv,0.52,50.0758064516129
NY,202244,2022,10,2022-23,rsv,0.72,50.0758064516129
NY,202245,2022,11,2022-23,rsv,0.92,42.35645161290322
NY,202246,2022,11,2022-23,rsv,1.02,42.35645161290322
NY,202247,2022,11,2022-23,rsv,0.98,42.35645161290322
NY,202248,2022,11,2022-23,rsv,0.79,42.35645161290322
NY,202249,2022,12,2022-23,rsv,0.6,30.219354838709677
NY,202250,2022,12,2022-23,rsv,0.43,30.219354838709677
NY,202251,2022,12,2022-23,rsv,0.32,30.219354838709677
NY,202252,2022,12,2022-23,rsv,0.24,30.219354838709677
NY,202301,2023,1,2022-23,rsv,0.19,32.593548387096774
NY,202302,2023,1,2022-23,rsv,0.16,32.593548387096774
NY,202303,2023,1,2022-23,rsv,0.13,32.593548387096774
NY,202304,2023,1,2022-23,rsv,0.11,32.593548387096774
NY,202305,2023,1,2022-23,rsv,0.1,32.593548387096774
NY,202306,2023,2,2022-23,rsv,0.08,30.287096774193547
NY,202307,2023,2,2022-23,rsv,0.06,30.287096774193547
NY,202308,2023,2,2022-23,rsv,0.05,30.287096774193547
NY,202309,2023,2,2022-23,rsv,0.05,30.287096774193547
NY,202310,2023,3,2022-23,rsv,0.04,34.380645161290325
NY,202311,2023,3,2022-23,rsv,0.04,34.380645161290325
NY,202312,2023,3,2022-23,rsv,0.03,34.380645161290325
NY,202313,2023,3,2022-23,rsv,0.03,34.380645161290325
NY,202314,2023,4,2022-23,rsv,0.02,49.36612903225806
NY,202315,2023,4,2022-23,rsv,0.02,49.36612903225806
NY,202316,2023,4,2022-23,rsv,0.02,49.36612903225806
NY,202317,2023,4,2022-23,rsv,0.02,49.36612903225806
NY,202318,2023,4,2022-23,rsv,0.02,49.36612903225806
NY,202319,2023,5,2022-23,rsv,0.02,54.97096774193548
NY,202320,2023,5,2022-23,rsv,0.01,54.97096774193548
NY,202321,2023,5,,rsv,0.01,54.97096774193548
NY,202322,2023,5,,rsv,0.01,54.97096774193548
NY,202323,2023,6,,rsv,0.01,64.13064516129032
NY,202324,2023,6,,rsv,0.0,64.13064516129032
NY,202325,2023,6,,rsv,0.01,64.13064516129032
NY,202326,2023,6,,rsv,0.01,64.13064516129032
NY,202327,2023,7,,rsv,0.01,71.96774193548387
NY,202328,2023,7,,rsv,0.01,71.96774193548387
NY,202329,2023,7,,rsv,0.01,71.96774193548387
NY,202330,2023,7,,rsv,0.01,71.96774193548387
NY,202331,2023,7,,rsv,0.01,71.96774193548387
NY,202332,2023,8,,rsv,0.01,67.10483870967742
NY,202333,2023,8,,rsv,0.01,67.10483870967742
NY,202334,2023,8,,rsv,0.01,67.10483870967742
NY,202335,2023,8,,rsv,0.01,67.10483870967742
NY,202336,2023,9,,rsv,0.02,62.803225806451614
NY,202337,2023,9,,rsv,0.02,62.803225806451614
NY,202338,2023,9,,rsv,0.03,62.803225806451614
NY,202339,2023,9,,rsv,0.04,62.803225806451614
NY,202340,2023,10,2023-24,rsv,0.06,54.148387096774194
NY,202341,2023,10,2023-24,rsv,0.09,54.148387096774194
NY,202342,2023,10,2023-24,rsv,0.13,54.148387096774194
NY,202343,2023,10,2023-24,rsv,0.2,54.148387096774194
NY,202344,2023,10,2023-24,rsv,0.29,54.148387096774194
NY,202345,2023,11,2023-24,rsv,0.4,37.7
NY,202346,2023,11,2023-24,rsv,0.54,37.7
NY,202347,2023,11,2023-24,rsv,0.67,37.7
NY,202348,2023,11,2023-24,rsv,0.8,37.7
NY,202349,2023,12,2023-24,rsv,0.86,36.45322580645161
NY,202350,2023,12,2023-24,rsv,0.89,36.45322580645161
NY,202351,2023,12,2023-24,rsv,0.87,36.45322580645161
NY,202352,2023,12,2023-24,rsv,0.86,36.45322580645161
NY,202401,2023,12,2023-24,rsv,0.8,36.45322580645161
NY,202402,2024,1,2023-24,rsv,0.68,28.188709677419357
NY,202403,2024,1,2023-24,rsv,0.52,28.188709677419357
NY,202404,2024,1,2023-24,rsv,0.36,28.188709677419357
NY,202405,2024,1,2023-24,rsv,0.3,28.188709677419357
NY,202406,2024,2,2023-24,rsv,0.24,31.875806451612902
NY,202407,2024,2,2023-24,rsv,0.2,31.875806451612902
NY,202408,2024,2,2023-24,rsv,0.17,31.875806451612902
NY,202409,2024,2,2023-24,rsv,0.14,31.875806451612902
NY,202410,2024,3,2023-24,rsv,0.12,39.016129032258064
NY,202411,2024,3,2023-24,rsv,0.09,39.016129032258064
NY,202412,2024,3,2023-24,rsv,0.07,39.016129032258064
NY,202413,2024,3,2023-24,rsv,0.06,39.016129032258064
NY,202414,2024,3,2023-24,rsv,0.05,39.016129032258064
NY,202415,2024,4,2023-24,rsv,0.04,47.06612903225806
NY,202416,2024,4,2023-24,rsv,0.04,47.06612903225806
NY,202417,2024,4,2023-24,rsv,0.03,47.06612903225806
NY,202418,2024,4,2023-24,rsv,0.02,47.06612903225806
NY,202419,2024,5,2023-24,rsv,0.02,60.858064516129026
NY,202420,2024,5,2023-24,rsv,0.02,60.858064516129026
NY,202421,2024,5,,rsv,0.02,60.858064516129026
NY,202422,2024,5,,rsv,0.01,60.858064516129026
NY,202423,2024,6,,rsv,0.01,67.88548387096773
NY,202424,2024,6,,rsv,0.01,67.88548387096773
NY,202425,2024,6,,rsv,0.01,67.88548387096773
NY,202426,2024,6,,rsv,0.01,67.88548387096773
NY,202427,2024,6,,rsv,0.01,67.88548387096773
NY,202428,2024,7,,rsv,0.01,72.38225806451612
NY,202429,2024,7,,rsv,0.01,72.38225806451612
NY,202430,2024,7,,rsv,0.01,72.38225806451612
NY,202431,2024,7,,rsv,0.01,72.38225806451612
NY,202432,2024,8,,rsv,0.01,68.49677419354839
NY,202433,2024,8,,rsv,0.01,68.49677419354839
NY,202434,2024,8,,rsv,0.01,68.49677419354839
NY,202435,2024,8,,rsv,0.01,68.49677419354839
NY,202436,2024,9,,rsv,0.01,63.21451612903226
NY,202437,2024,9,,rsv,0.02,63.21451612903226
NY,202438,2024,9,,rsv,0.02,63.21451612903226
NY,202439,2024,9,,rsv,0.02,63.21451612903226
NY,202440,2024,9,2024-25,rsv,0.03,63.21451612903226
NY,202441,2024,10,2024-25,rsv,0.04,52.01774193548387
NY,202442,2024,10,2024-25,rsv,0.05,52.01774193548387
NY,202443,2024,10,2024-25,rsv,0.07,52.01774193548387
NY,202444,2024,10,2024-25,rsv,0.09,52.01774193548387
NY,202445,2024,11,2024-25,rsv,0.14,43.061290322580646
NY,202446,2024,11,2024-25,rsv,0.2,43.061290322580646
NY,202447,2024,11,2024-25,rsv,0.27,43.061290322580646
NY,202448,2024,11,2024-25,rsv,0.38,43.061290322580646
NY,202449,2024,12,2024-25,rsv,0.49,28.70967741935484
NY,202450,2024,12,2024-25,rsv,0.61,28.70967741935484
NY,202451,2024,12,2024-25,rsv,0.72,28.70967741935484
NY,202452,2024,12,2024-25,rsv,0.81,28.70967741935484
NY,202501,2024,12,2024-25,rsv,0.85,28.70967741935484
NY,202502,2025,1,2024-25,rsv,0.76,21.99516129032258
NY,202503,2025,1,2024-25,rsv,0.62,21.99516129032258
NY,202504,2025,1,2024-25,rsv,0.5,21.99516129032258
NY,202505,2025,1,2024-25,rsv,0.42,21.99516129032258
NY,202506,2025,2,2024-25,rsv,0.37,24.559677419354838
NY,202507,2025,2,2024-25,rsv,0.31,24.559677419354838
NY,202508,2025,2,2024-25,rsv,0.27,24.559677419354838
NY,202509,2025,2,2024-25,rsv,0.23,24.559677419354838
NY,202510,2025,3,2024-25,rsv,0.2,38.77258064516129
NY,202511,2025,3,2024-25,rsv,0.16,38.77258064516129
NY,202512,2025,3,2024-25,rsv,0.14,38.77258064516129
NY,202513,2025,3,2024-25,rsv,0.12,38.77258064516129
NY,202514,2025,3,2024-25,rsv,0.11,38.77258064516129
NY,202515,2025,4,2024-25,rsv,0.1,46.70967741935484
NY,202516,2025,4,2024-25,rsv,0.08,46.70967741935484
NY,202517,2025,4,2024-25,rsv,0.06,46.70967741935484
NY,202518,2025,4,2024-25,rsv,0.04,46.70967741935484
NY,202519,2025,5,2024-25,rsv,0.03,56.31935483870968
NY,202520,2025,5,2024-25,rsv,0.02,56.31935483870968
NY,202521,2025,5,,rsv,0.02,56.31935483870968
NY,202522,2025,5,,rsv,0.02,56.31935483870968
NY,202523,2025,6,,rsv,0.02,67.68387096774192
NY,202524,2025,6,,rsv,0.02,67.68387096774192
NY,202525,2025,6,,rsv,0.01,67.68387096774192
NY,202526,2025,6,,rsv,0.01,67.68387096774192
NY,202527,2025,6,,rsv,0.01,67.68387096774192
NY,202528,2025,7,,rsv,0.01,73.30322580645162
NY,202529,2025,7,,rsv,0.01,73.30322580645162
NY,202530,2025,7,,rsv,0.01,73.30322580645162
NY,202531,2025,7,,rsv,0.01,73.30322580645162
NY,202532,2025,8,,rsv,0.01,67.20967741935483
NY,202533,2025,8,,rsv,0.01,67.20967741935483
NY,202534,2025,8,,rsv,0.01,67.20967741935483
NY,202535,2025,8,,rsv,0.01,67.20967741935483
NY,202536,2025,8,,rsv,0.01,67.20967741935483
NY,202537,2025,9,,rsv,0.02,62.645161290322584
NY,202538,2025,9,,rsv,0.02,62.645161290322584
NY,202539,2025,9,,rsv,0.02,62.645161290322584
NY,202540,2025,9,2025-26,rsv,0.02,62.645161290322584
NY,202541,2025,10,2025-26,rsv,0.02,51.23548387096774
NY,202542,2025,10,2025-26,rsv,0.03,51.23548387096774
NY,202543,2025,10,2025-26,rsv,0.04,51.23548387096774
NY,202544,2025,10,2025-26,rsv,0.05,51.23548387096774
NY,202545,2025,11,2025-26,rsv,0.06,37.980645161290326
NY,202546,2025,11,2025-26,rsv,0.07,37.980645161290326
NY,202547,2025,11,2025-26,rsv,0.1,37.980645161290326
NY,202548,2025,11,2025-26,rsv,0.14,37.980645161290326
NY,202549,2025,11,2025-26,rsv,0.19,37.980645161290326
NY,202550,2025,12,2025-26,rsv,0.24,24.65967741935484
NY,202551,2025,12,2025-26,rsv,0.29,24.65967741935484
NY,202552,2025,12,2025-26,rsv,0.34,24.65967741935484
NY,202553,2025,12,2025-26,rsv,0.4,24.65967741935484
NY,202601,2026,1,2025-26,rsv,0.42,20.825806451612905
NY,202602,2026,1,2025-26,rsv,0.42,20.825806451612905
NY,202603,2026,1,2025-26,rsv,0.42,20.825806451612905
NY,202604,2026,1,2025-26,rsv,0.46,20.825806451612905
NY,202605,2026,2,2025-26,rsv,0.47,22.056451612903224
NY,202606,2026,2,2025-26,rsv,0.5,22.056451612903224
NY,202607,2026,2,2025-26,rsv,0.52,22.056451612903224
NY,202608,2026,2,2025-26,rsv,0.55,22.056451612903224
NY,202609,2026,3,2025-26,rsv,0.53,37.369354838709675
NY,202610,2026,3,2025-26,rsv,0.48,37.369354838709675
NY,202611,2026,3,2025-26,rsv,0.43,37.369354838709675
NY,202612,2026,3,2025-26,rsv,0.38,37.369354838709675
NY,202613,2026,3,2025-26,rsv,0.33,37.369354838709675
NY,202614,2026,4,2025-26,rsv,0.28,48.987096774193546
NY,202615,2026,4,2025-26,rsv,0.23,48.987096774193546
NY,202616,2026,4,2025-26,rsv,0.18,48.987096774193546
NY,202617,2026,4,2025-26,rsv,0.13,48.987096774193546
NY,202618,2026,5,2025-26,rsv,0.09,55.07258064516129
NY,202619,2026,5,2025-26,rsv,0.07,55.07258064516129
NY,202620,2026,5,2025-26,rsv,0.05,55.07258064516129
NY,202621,2026,5,,rsv,0.04,55.07258064516129
NY,202622,2026,5,,rsv,0.03,55.07258064516129
NY,202623,2026,6,,rsv,0.02,66.29354838709678
NY,202624,2026,6,,rsv,0.02,66.29354838709678
NY,202625,2026,6,,rsv,0.01,66.29354838709678
NY,202626,2026,6,,rsv,0.01,66.29354838709678
NY,202627,2026,7,,rsv,0.01,70.91612903225807
NY,202628,2026,7,,rsv,0.01,70.91612903225807
NY,202629,2026,7,,rsv,0.01,70.91612903225807
NY,202630,2026,7,,rsv,0.01,70.91612903225807
NY,202631,2026,8,,rsv,0.01,68.83548387096775
NY,202632,2026,8,,rsv,0.01,68.83548387096775
NY,202633,2026,8,,rsv,0.01,68.83548387096775
NY,202634,2026,8,,rsv,0.01,68.83548387096775
NY,202635,2026,8,,rsv,0.01,68.83548387096775
NY,202636,2026,9,,rsv,0.01,
PA,202239,2022,9,,covid,2.39,63.30746268656717
PA,202240,2022,10,2022-23,covid,2.18,49.72089552238806
PA,202241,2022,10,2022-23,covid,2.02,49.72089552238806
PA,202242,2022,10,2022-23,covid,1.94,49.72089552238806
PA,202243,2022,10,2022-23,covid,1.92,49.72089552238806
PA,202244,2022,10,2022-23,covid,1.96,49.72089552238806
PA,202245,2022,11,2022-23,covid,1.93,43.12089552238806
PA,202246,2022,11,2022-23,covid,1.81,43.12089552238806
PA,202247,2022,11,2022-23,covid,1.76,43.12089552238806
PA,202248,2022,11,2022-23,covid,1.86,43.12089552238806
PA,202249,2022,12,2022-23,covid,2.09,30.870149253731345
PA,202250,2022,12,2022-23,covid,2.29,30.870149253731345
PA,202251,2022,12,2022-23,covid,2.47,30.870149253731345
PA,202252,2022,12,2022-23,covid,2.77,30.870149253731345
PA,202301,2023,1,2022-23,covid,2.86,36.210447761194025
PA,202302,2023,1,2022-23,covid,2.75,36.210447761194025
PA,202303,2023,1,2022-23,covid,2.43,36.210447761194025
PA,202304,2023,1,2022-23,covid,2.18,36.210447761194025
PA,202305,2023,1,2022-23,covid,2.05,36.210447761194025
PA,202306,2023,2,2022-23,covid,1.96,36.02238805970149
PA,202307,2023,2,2022-23,covid,1.9,36.02238805970149
PA,202308,2023,2,2022-23,covid,1.81,36.02238805970149
PA,202309,2023,2,2022-23,covid,1.62,36.02238805970149
PA,202310,2023,3,2022-23,covid,1.41,38.14179104477612
PA,202311,2023,3,2022-23,covid,1.18,38.14179104477612
PA,202312,2023,3,2022-23,covid,1.03,38.14179104477612
PA,202313,2023,3,2022-23,covid,0.89,38.14179104477612
PA,202314,2023,4,2022-23,covid,0.8,52.03283582089552
PA,202315,2023,4,2022-23,covid,0.67,52.03283582089552
PA,202316,2023,4,2022-23,covid,0.54,52.03283582089552
PA,202317,2023,4,2022-23,covid,0.42,52.03283582089552
PA,202318,2023,4,2022-23,covid,0.37,52.03283582089552
PA,202319,2023,5,2022-23,covid,0.33,56.4865671641791
PA,202320,2023,5,2022-23,covid,0.31,56.4865671641791
PA,202321,2023,5,,covid,0.29,56.4865671641791
PA,202322,2023,5,,covid,0.28,56.4865671641791
PA,202323,2023,6,,covid,0.27,64.76268656716418
PA,202324,2023,6,,covid,0.27,64.76268656716418
PA,202325,2023,6,,covid,0.27,64.76268656716418
PA,202326,2023,6,,covid,0.29,64.76268656716418
PA,202327,2023,7,,covid,0.3,72.66716417910447
PA,202328,2023,7,,covid,0.32,72.66716417910447
PA,202329,2023,7,,covid,0.32,72.66716417910447
PA,202330,2023,7,,covid,0.39,72.66716417910447
PA,202331,2023,7,,covid,0.47,72.66716417910447
PA,202332,2023,8,,covid,0.62,69.2179104477612
PA,202333,2023,8,,covid,0.76,69.2179104477612
PA,202334,2023,8,,covid,0.93,69.2179104477612
PA,202335,2023,8,,covid,1.13,69.2179104477612
PA,202336,2023,9,,covid,1.4,63.93134328358209
PA,202337,2023,9,,covid,1.56,63.93134328358209
PA,202338,2023,9,,covid,1.64,63.93134328358209
PA,202339,2023,9,,covid,1.59,63.93134328358209
PA,202340,2023,10,2023-24,covid,1.54,54.471641791044775
PA,202341,2023,10,2023-24,covid,1.38,54.471641791044775
PA,202342,2023,10,2023-24,covid,1.27,54.471641791044775
PA,202343,2023,10,2023-24,covid,1.21,54.471641791044775
PA,202344,2023,10,2023-24,covid,1.22,54.471641791044775
PA,202345,2023,11,2023-24,covid,1.28,39.819402985074625
PA,202346,2023,11,2023-24,covid,1.41,39.819402985074625
PA,202347,2023,11,2023-24,covid,1.64,39.819402985074625
PA,202348,2023,11,2023-24,covid,1.93,39.819402985074625
PA,202349,2023,12,2023-24,covid,2.12,38.1044776119403
PA,202350,2023,12,2023-24,covid,2.32,38.1044776119403
PA,202351,2023,12,2023-24,covid,2.58,38.1044776119403
PA,202352,2023,12,2023-24,covid,3.1,38.1044776119403
PA,202401,2023,12,2023-24,covid,3.34,38.1044776119403
PA,202402,2024,1,2023-24,covid,3.21,30.353731343283584
PA,202403,2024,1,2023-24,covid,2.67,30.353731343283584
PA,202404,2024,1,2023-24,covid,2.13,30.353731343283584
PA,202405,2024,1,2023-24,covid,1.79,30.353731343283584
PA,202406,2024,2,2023-24,covid,1.62,35.29402985074626
PA,202407,2024,2,2023-24,covid,1.5,35.29402985074626
PA,202408,2024,2,2023-24,covid,1.37,35.29402985074626
PA,202409,2024,2,2023-24,covid,1.21,35.29402985074626
PA,202410,2024,3,2023-24,covid,1.0,42.42089552238806
PA,202411,2024,3,2023-24,covid,0.8,42.42089552238806
PA,202412,2024,3,2023-24,covid,0.64,42.42089552238806
PA,202413,2024,3,2023-24,covid,0.52,42.42089552238806
PA,202414,2024,3,2023-24,covid,0.48,42.42089552238806
PA,202415,2024,4,2023-24,covid,0.4,51.04328358208955
PA,202416,2024,4,2023-24,covid,0.35,51.04328358208955
PA,202417,2024,4,2023-24,covid,0.28,51.04328358208955
PA,202418,2024,4,2023-24,covid,0.26,51.04328358208955
PA,202419,2024,5,2023-24,covid,0.24,62.516417910447764
PA,202420,2024,5,2023-24,covid,0.23,62.516417910447764
PA,202421,2024,5,,covid,0.21,62.516417910447764
PA,202422,2024,5,,covid,0.22,62.516417910447764
PA,202423,2024,6,,covid,0.23,69.5089552238806
PA,202424,2024,6,,covid,0.28,69.5089552238806
PA,202425,2024,6,,covid,0.35,69.5089552238806
PA,202426,2024,6,,covid,0.42,69.5089552238806
PA,202427,2024,6,,covid,0.51,69.5089552238806
PA,202428,2024,7,,covid,0.62,73.75223880597014
PA,202429,2024,7,,covid,0.78,73.75223880597014
PA,202430,2024,7,,covid,0.99,73.75223880597014
PA,202431,2024,7,,covid,1.22,73.75223880597014
PA,202432,2024,8,,covid,1.43,69.95671641791046
PA,202433,2024,8,,covid,1.59,69.95671641791046
PA,202434,2024,8,,covid,1.74,69.95671641791046
PA,202435,2024,8,,covid,1.85,69.95671641791046
PA,202436,2024,9,,covid,1.94,64.24925373134329
PA,202437,2024,9,,covid,1.96,64.24925373134329
PA,202438,2024,9,,covid,1.87,64.24925373134329
PA,202439,2024,9,,covid,1.66,64.24925373134329
PA,202440,2024,9,2024-25,covid,1.31,64.24925373134329
PA,202441,2024,10,2024-25,covid,0.98,53.374626865671644
PA,202442,2024,10,2024-25,covid,0.77,53.374626865671644
PA,202443,2024,10,2024-25,covid,0.69,53.374626865671644
PA,202444,2024,10,2024-25,covid,0.63,53.374626865671644
PA,202445,2024,11,2024-25,covid,0.59,44.71492537313433
PA,202446,2024,11,2024-25,covid,0.53,44.71492537313433
PA,202447,2024,11,2024-25,covid,0.53,44.71492537313433
PA,202448,2024,11,2024-25,covid,0.53,44.71492537313433
PA,202449,2024,12,2024-25,covid,0.63,31.21641791044776
PA,202450,2024,12,2024-25,covid,0.72,31.21641791044776
PA,202451,2024,12,2024-25,covid,0.87,31.21641791044776
PA,202452,2024,12,2024-25,covid,1.12,31.21641791044776
PA,202501,2024,12,2024-25,covid,1.42,31.21641791044776
PA,202502,2025,1,2024-25,covid,1.54,22.661194029850744
PA,202503,2025,1,2024-25,covid,1.41,22.661194029850744
PA,202504,2025,1,2024-25,covid,1.19,22.661194029850744
PA,202505,2025,1,2024-25,covid,1.08,22.661194029850744
PA,202506,2025,2,2024-25,covid,1.06,28.865671641791046
PA,202507,2025,2,2024-25,covid,1.03,28.865671641791046
PA,202508,2025,2,2024-25,covid,0.95,28.865671641791046
PA,202509,2025,2,2024-25,covid,0.85,28.865671641791046
PA,202510,2025,3,2024-25,covid,0.73,42.85671641791045
PA,202511,2025,3,2024-25,covid,0.64,42.85671641791045
PA,202512,2025,3,2024-25,covid,0.59,42.85671641791045
PA,202513,2025,3,2024-25,covid,0.52,42.85671641791045
PA,202514,2025,3,2024-25,covid,0.48,42.85671641791045
PA,202515,2025,4,2024-25,covid,0.42,50.47611940298508
PA,202516,2025,4,2024-25,covid,0.39,50.47611940298508
PA,202517,2025,4,2024-25,covid,0.34,50.47611940298508
PA,202518,2025,4,2024-25,covid,0.3,50.47611940298508
PA,202519,2025,5,2024-25,covid,0.24,58.4089552238806
PA,202520,2025,5,2024-25,covid,0.19,58.4089552238806
PA,202521,2025,5,,covid,0.17,58.4089552238806
PA,202522,2025,5,,covid,0.17,58.4089552238806
PA,202523,2025,6,,covid,0.17,69.35522388059702
PA,202524,2025,6,,covid,0.16,69.35522388059702
PA,202525,2025,6,,covid,0.14,69.35522388059702
PA,202526,2025,6,,covid,0.14,69.35522388059702
PA,202527,2025,6,,covid,0.15,69.35522388059702
PA,202528,2025,7,,covid,0.17,74.78955223880597
PA,202529,2025,7,,covid,0.2,74.78955223880597
PA,202530,2025,7,,covid,0.24,74.78955223880597
PA,202531,2025,7,,covid,0.29,74.78955223880597
PA,202532,2025,8,,covid,0.36,67.69253731343284
PA,202533,2025,8,,covid,0.44,67.69253731343284
PA,202534,2025,8,,covid,0.51,67.69253731343284
PA,202535,2025,8,,covid,0.57,67.69253731343284
PA,202536,2025,8,,covid,0.68,67.69253731343284
PA,202537,2025,9,,covid,0.78,64.54328358208954
PA,202538,2025,9,,covid,0.81,64.54328358208954
PA,202539,2025,9,,covid,0.72,64.54328358208954
PA,202540,2025,9,2025-26,covid,0.58,64.54328358208954
PA,202541,2025,10,2025-26,covid,0.44,52.156716417910445
PA,202542,2025,10,2025-26,covid,0.36,52.156716417910445
PA,202543,2025,10,2025-26,covid,0.3,52.156716417910445
PA,202544,2025,10,2025-26,covid,0.29,52.156716417910445
PA,202545,2025,11,2025-26,covid,0.29,40.24925373134328
PA,202546,2025,11,2025-26,covid,0.33,40.24925373134328
PA,202547,2025,11,2025-26,covid,0.37,40.24925373134328
PA,202548,2025,11,2025-26,covid,0.44,40.24925373134328
PA,202549,2025,11,2025-26,covid,0.5,40.24925373134328
PA,202550,2025,12,2025-26,covid,0.58,27.465671641791044
PA,202551,2025,12,2025-26,covid,0.68,27.465671641791044
PA,202552,2025,12,2025-26,covid,0.92,27.465671641791044
PA,202553,2025,12,2025-26,covid,1.19,27.465671641791044
PA,202601,2026,1,2025-26,covid,1.32,22.419402985074626
PA,202602,2026,1,2025-26,covid,1.26,22.419402985074626
PA,202603,2026,1,2025-26,covid,1.1,22.419402985074626
PA,202604,2026,1,2025-26,covid,0.98,22.419402985074626
PA,202605,2026,2,2025-26,covid,0.84,26.4089552238806
PA,202606,2026,2,2025-26,covid,0.73,26.4089552238806
PA,202607,2026,2,2025-26,covid,0.7,26.4089552238806
PA,202608,2026,2,2025-26,covid,0.68,26.4089552238806
PA,202609,2026,3,2025-26,covid,0.63,42.65522388059701
PA,202610,2026,3,2025-26,covid,0.54,42.65522388059701
PA,202611,2026,3,2025-26,covid,0.46,42.65522388059701
PA,202612,2026,3,2025-26,covid,0.41,42.65522388059701
PA,202613,2026,3,2025-26,covid,0.36,42.65522388059701
PA,202614,2026,4,2025-26,covid,0.3,53.65074626865672
PA,202615,2026,4,2025-26,covid,0.23,53.65074626865672
PA,202616,2026,4,2025-26,covid,0.17,53.65074626865672
PA,202617,2026,4,2025-26,covid,0.13,53.65074626865672
PA,202618,2026,5,2025-26,covid,0.1,56.811940298507466
PA,202619,2026,5,2025-26,covid,0.09,56.811940298507466
PA,202620,2026,5,2025-26,covid,0.09,56.811940298507466
PA,202621,2026,5,,covid,0.08,56.811940298507466
PA,202622,2026,5,,covid,0.07,56.811940298507466
PA,202623,2026,6,,covid,0.06,67.55671641791045
PA,202624,2026,6,,covid,0.05,67.55671641791045
PA,202625,2026,6,,covid,0.04,67.55671641791045
PA,202626,2026,6,,covid,0.04,67.55671641791045
PA,202627,2026,7,,covid,0.04,72.75074626865671
PA,202628,2026,7,,covid,0.05,72.75074626865671
PA,202629,2026,7,,covid,0.05,72.75074626865671
PA,202630,2026,7,,covid,0.06,72.75074626865671
PA,202631,2026,8,,covid,0.07,70.04925373134328
PA,202632,2026,8,,covid,0.08,70.04925373134328
PA,202633,2026,8,,covid,0.1,70.04925373134328
PA,202634,2026,8,,covid,0.12,70.04925373134328
PA,202635,2026,8,,covid,0.15,70.04925373134328
PA,202636,2026,9,,covid,0.19,
PA,202239,2022,9,,influenza,0.08,63.30746268656717
PA,202240,2022,10,2022-23,influenza,0.09,49.72089552238806
PA,202241,2022,10,2022-23,influenza,0.14,49.72089552238806
PA,202242,2022,10,2022-23,influenza,0.21,49.72089552238806
PA,202243,2022,10,2022-23,influenza,0.44,49.72089552238806
PA,202244,2022,10,2022-23,influenza,0.92,49.72089552238806
PA,202245,2022,11,2022-23,influenza,1.48,43.12089552238806
PA,202246,2022,11,2022-23,influenza,2.16,43.12089552238806
PA,202247,2022,11,2022-23,influenza,3.52,43.12089552238806
PA,202248,2022,11,2022-23,influenza,5.0,43.12089552238806
PA,202249,2022,12,2022-23,influenza,5.89,30.870149253731345
PA,202250,2022,12,2022-23,influenza,5.73,30.870149253731345
PA,202251,2022,12,2022-23,influenza,5.21,30.870149253731345
PA,202252,2022,12,2022-23,influenza,4.63,30.870149253731345
PA,202301,2023,1,2022-23,influenza,3.49,36.210447761194025
PA,202302,2023,1,2022-23,influenza,2.24,36.210447761194025
PA,202303,2023,1,2022-23,influenza,1.09,36.210447761194025
PA,202304,2023,1,2022-23,influenza,0.53,36.210447761194025
PA,202305,2023,1,2022-23,influenza,0.34,36.210447761194025
PA,202306,2023,2,2022-23,influenza,0.26,36.02238805970149
PA,202307,2023,2,2022-23,influenza,0.22,36.02238805970149
PA,202308,2023,2,2022-23,influenza,0.2,36.02238805970149
PA,202309,2023,2,2022-23,influenza,0.17,36.02238805970149
PA,202310,2023,3,2022-23,influenza,0.16,38.14179104477612
PA,202311,2023,3,2022-23,influenza,0.15,38.14179104477612
PA,202312,2023,3,2022-23,influenza,0.15,38.14179104477612
PA,202313,2023,3,2022-23,influenza,0.16,38.14179104477612
PA,202314,2023,4,2022-23,influenza,0.16,52.03283582089552
PA,202315,2023,4,2022-23,influenza,0.14,52.03283582089552
PA,202316,2023,4,2022-23,influenza,0.13,52.03283582089552
PA,202317,2023,4,2022-23,influenza,0.12,52.03283582089552
PA,202318,2023,4,2022-23,influenza,0.12,52.03283582089552
PA,202319,2023,5,2022-23,influenza,0.1,56.4865671641791
PA,202320,2023,5,2022-23,influenza,0.1,56.4865671641791
PA,202321,2023,5,,influenza,0.09,56.4865671641791
PA,202322,2023,5,,influenza,0.09,56.4865671641791
PA,202323,2023,6,,influenza,0.08,64.76268656716418
PA,202324,2023,6,,influenza,0.08,64.76268656716418
PA,202325,2023,6,,influenza,0.07,64.76268656716418
PA,202326,2023,6,,influenza,0.06,64.76268656716418
PA,202327,2023,7,,influenza,0.05,72.66716417910447
PA,202328,2023,7,,influenza,0.05,72.66716417910447
PA,202329,2023,7,,influenza,0.04,72.66716417910447
PA,202330,2023,7,,influenza,0.05,72.66716417910447
PA,202331,2023,7,,influenza,0.05,72.66716417910447
PA,202332,2023,8,,influenza,0.05,69.2179104477612
PA,202333,2023,8,,influenza,0.04,69.2179104477612
PA,202334,2023,8,,influenza,0.04,69.2179104477612
PA,202335,2023,8,,influenza,0.05,69.2179104477612
PA,202336,2023,9,,influenza,0.06,63.93134328358209
PA,202337,2023,9,,influenza,0.07,63.93134328358209
PA,202338,2023,9,,influenza,0.08,63.93134328358209
PA,202339,2023,9,,influenza,0.08,63.93134328358209
PA,202340,2023,10,2023-24,influenza,0.07,54.471641791044775
PA,202341,2023,10,2023-24,influenza,0.07,54.471641791044775
PA,202342,2023,10,2023-24,influenza,0.08,54.471641791044775
PA,202343,2023,10,2023-24,influenza,0.11,54.471641791044775
PA,202344,2023,10,2023-24,influenza,0.13,54.471641791044775
PA,202345,2023,11,2023-24,influenza,0.18,39.819402985074625
PA,202346,2023,11,2023-24,influenza,0.26,39.819402985074625
PA,202347,2023,11,2023-24,influenza,0.43,39.819402985074625
PA,202348,2023,11,2023-24,influenza,0.68,39.819402985074625
PA,202349,2023,12,2023-24,influenza,1.09,38.1044776119403
PA,202350,2023,12,2023-24,influenza,1.68,38.1044776119403
PA,202351,2023,12,2023-24,influenza,2.63,38.1044776119403
PA,202352,2023,12,2023-24,influenza,3.85,38.1044776119403
PA,202401,2023,12,2023-24,influenza,4.17,38.1044776119403
PA,202402,2024,1,2023-24,influenza,3.82,30.353731343283584
PA,202403,2024,1,2023-24,influenza,2.92,30.353731343283584
PA,202404,2024,1,2023-24,influenza,2.54,30.353731343283584
PA,202405,2024,1,2023-24,influenza,2.42,30.353731343283584
PA,202406,2024,2,2023-24,influenza,2.56,35.29402985074626
PA,202407,2024,2,2023-24,influenza,2.75,35.29402985074626
PA,202408,2024,2,2023-24,influenza,3.08,35.29402985074626
PA,202409,2024,2,2023-24,influenza,3.26,35.29402985074626
PA,202410,2024,3,2023-24,influenza,3.27,42.42089552238806
PA,202411,2024,3,2023-24,influenza,2.89,42.42089552238806
PA,202412,2024,3,2023-24,influenza,2.34,42.42089552238806
PA,202413,2024,3,2023-24,influenza,1.85,42.42089552238806
PA,202414,2024,3,2023-24,influenza,1.55,42.42089552238806
PA,202415,2024,4,2023-24,influenza,1.24,51.04328358208955
PA,202416,2024,4,2023-24,influenza,0.88,51.04328358208955
PA,202417,2024,4,2023-24,influenza,0.56,51.04328358208955
PA,202418,2024,4,2023-24,influenza,0.38,51.04328358208955
PA,202419,2024,5,2023-24,influenza,0.26,62.516417910447764
PA,202420,2024,5,2023-24,influenza,0.2,62.516417910447764
PA,202421,2024,5,,influenza,0.12,62.516417910447764
PA,202422,2024,5,,influenza,0.1,62.516417910447764
PA,202423,2024,6,,influenza,0.07,69.5089552238806
PA,202424,2024,6,,influenza,0.07,69.5089552238806
PA,202425,2024,6,,influenza,0.06,69.5089552238806
PA,202426,2024,6,,influenza,0.05,69.5089552238806
PA,202427,2024,6,,influenza,0.05,69.5089552238806
PA,202428,2024,7,,influenza,0.04,73.75223880597014
PA,202429,2024,7,,influenza,0.04,73.75223880597014
PA,202430,2024,7,,influenza,0.04,73.75223880597014
PA,202431,2024,7,,influenza,0.04,73.75223880597014
PA,202432,2024,8,,influenza,0.04,69.95671641791046
PA,202433,2024,8,,influenza,0.04,69.95671641791046
PA,202434,2024,8,,influenza,0.04,69.95671641791046
PA,202435,2024,8,,influenza,0.04,69.95671641791046
PA,202436,2024,9,,influenza,0.04,64.24925373134329
PA,202437,2024,9,,influenza,0.05,64.24925373134329
PA,202438,2024,9,,influenza,0.05,64.24925373134329
PA,202439,2024,9,,influenza,0.06,64.24925373134329
PA,202440,2024,9,2024-25,influenza,0.06,64.24925373134329
PA,202441,2024,10,2024-25,influenza,0.06,53.374626865671644
PA,202442,2024,10,2024-25,influenza,0.07,53.374626865671644
PA,202443,2024,10,2024-25,influenza,0.09,53.374626865671644
PA,202444,2024,10,2024-25,influenza,0.12,53.374626865671644
PA,202445,2024,11,2024-25,influenza,0.16,44.71492537313433
PA,202446,2024,11,2024-25,influenza,0.17,44.71492537313433
PA,202447,2024,11,2024-25,influenza,0.21,44.71492537313433
PA,202448,2024,11,2024-25,influenza,0.26,44.71492537313433
PA,202449,2024,12,2024-25,influenza,0.39,31.21641791044776
PA,202450,2024,12,2024-25,influenza,0.61,31.21641791044776
PA,202451,2024,12,2024-25,influenza,1.09,31.21641791044776
PA,202452,2024,12,2024-25,influenza,2.22,31.21641791044776
PA,202501,2024,12,2024-25,influenza,3.3,31.21641791044776
PA,202502,2025,1,2024-25,influenza,3.82,22.661194029850744
PA,202503,2025,1,2024-25,influenza,4.01,22.661194029850744
PA,202504,2025,1,2024-25,influenza,4.55,22.661194029850744
PA,202505,2025,1,2024-25,influenza,5.79,22.661194029850744
PA,202506,2025,2,2024-25,influenza,7.01,28.865671641791046
PA,202507,2025,2,2024-25,influenza,7.55,28.865671641791046
PA,202508,2025,2,2024-25,influenza,7.14,28.865671641791046
PA,202509,2025,2,2024-25,influenza,5.87,28.865671641791046
PA,202510,2025,3,2024-25,influenza,4.45,42.85671641791045
PA,202511,2025,3,2024-25,influenza,3.32,42.85671641791045
PA,202512,2025,3,2024-25,influenza,2.43,42.85671641791045
PA,202513,2025,3,2024-25,influenza,1.83,42.85671641791045
PA,202514,2025,3,2024-25,influenza,1.41,42.85671641791045
PA,202515,2025,4,2024-25,influenza,1.1,50.47611940298508
PA,202516,2025,4,2024-25,influenza,0.91,50.47611940298508
PA,202517,2025,4,2024-25,influenza,0.71,50.47611940298508
PA,202518,2025,4,2024-25,influenza,0.58,50.47611940298508
PA,202519,2025,5,2024-25,influenza,0.43,58.4089552238806
PA,202520,2025,5,2024-25,influenza,0.29,58.4089552238806
PA,202521,2025,5,,influenza,0.21,58.4089552238806
PA,202522,2025,5,,influenza,0.16,58.4089552238806
PA,202523,2025,6,,influenza,0.12,69.35522388059702
PA,202524,2025,6,,influenza,0.11,69.35522388059702
PA,202525,2025,6,,influenza,0.08,69.35522388059702
PA,202526,2025,6,,influenza,0.07,69.35522388059702
PA,202527,2025,6,,influenza,0.05,69.35522388059702
PA,202528,2025,7,,influenza,0.04,74.78955223880597
PA,202529,2025,7,,influenza,0.03,74.78955223880597
PA,202530,2025,7,,influenza,0.03,74.78955223880597
PA,202531,2025,7,,influenza,0.03,74.78955223880597
PA,202532,2025,8,,influenza,0.03,67.69253731343284
PA,202533,2025,8,,influenza,0.03,67.69253731343284
PA,202534,2025,8,,influenza,0.03,67.69253731343284
PA,202535,2025,8,,influenza,0.03,67.69253731343284
PA,202536,2025,8,,influenza,0.04,67.69253731343284
PA,202537,2025,9,,influenza,0.06,64.54328358208954
PA,202538,2025,9,,influenza,0.07,64.54328358208954
PA,202539,2025,9,,influenza,0.07,64.54328358208954
PA,202540,2025,9,2025-26,influenza,0.07,64.54328358208954
PA,202541,2025,10,2025-26,influenza,0.07,52.156716417910445
PA,202542,2025,10,2025-26,influenza,0.07,52.156716417910445
PA,202543,2025,10,2025-26,influenza,0.07,52.156716417910445
PA,202544,2025,10,2025-26,influenza,0.08,52.156716417910445
PA,202545,2025,11,2025-26,influenza,0.11,40.24925373134328
PA,202546,2025,11,2025-26,influenza,0.18,40.24925373134328
PA,202547,2025,11,2025-26,influenza,0.32,40.24925373134328
PA,202548,2025,11,2025-26,influenza,0.55,40.24925373134328
PA,202549,2025,11,2025-26,influenza,0.85,40.24925373134328
PA,202550,2025,12,2025-26,influenza,1.3,27.465671641791044
PA,202551,2025,12,2025-26,influenza,2.22,27.465671641791044
PA,202552,2025,12,2025-26,influenza,4.14,27.465671641791044
PA,202553,2025,12,2025-26,influenza,5.64,27.465671641791044
PA,202601,2026,1,2025-26,influenza,5.8,22.419402985074626
PA,202602,2026,1,2025-26,influenza,4.64,22.419402985074626
PA,202603,2026,1,2025-26,influenza,3.43,22.419402985074626
PA,202604,2026,1,2025-26,influenza,2.76,22.419402985074626
PA,202605,2026,2,2025-26,influenza,2.14,26.4089552238806
PA,202606,2026,2,2025-26,influenza,1.81,26.4089552238806
PA,202607,2026,2,2025-26,influenza,1.84,26.4089552238806
PA,202608,2026,2,2025-26,influenza,2.01,26.4089552238806
PA,202609,2026,3,2025-26,influenza,2.1,42.65522388059701
PA,202610,2026,3,2025-26,influenza,2.04,42.65522388059701
PA,202611,2026,3,2025-26,influenza,1.92,42.65522388059701
PA,202612,2026,3,2025-26,influenza,1.72,42.65522388059701
PA,202613,2026,3,2025-26,influenza,1.47,42.65522388059701
PA,202614,2026,4,2025-26,influenza,1.19,53.65074626865672
PA,202615,2026,4,2025-26,influenza,0.83,53.65074626865672
PA,202616,2026,4,2025-26,influenza,0.5,53.65074626865672
PA,202617,2026,4,2025-26,influenza,0.3,53.65074626865672
PA,202618,2026,5,2025-26,influenza,0.21,56.811940298507466
PA,202619,2026,5,2025-26,influenza,0.17,56.811940298507466
PA,202620,2026,5,2025-26,influenza,0.14,56.811940298507466
PA,202621,2026,5,,influenza,0.12,56.811940298507466
PA,202622,2026,5,,influenza,0.09,56.811940298507466
PA,202623,2026,6,,influenza,0.08,67.55671641791045
PA,202624,2026,6,,influenza,0.06,67.55671641791045
PA,202625,2026,6,,influenza,0.05,67.55671641791045
PA,202626,2026,6,,influenza,0.04,67.55671641791045
PA,202627,2026,7,,influenza,0.04,72.75074626865671
PA,202628,2026,7,,influenza,0.04,72.75074626865671
PA,202629,2026,7,,influenza,0.04,72.75074626865671
PA,202630,2026,7,,influenza,0.03,72.75074626865671
PA,202631,2026,8,,influenza,0.03,70.04925373134328
PA,202632,2026,8,,influenza,0.04,70.04925373134328
PA,202633,2026,8,,influenza,0.05,70.04925373134328
PA,202634,2026,8,,influenza,0.06,70.04925373134328
PA,202635,2026,8,,influenza,0.07,70.04925373134328
PA,202636,2026,9,,influenza,0.08,
PA,202239,2022,9,,rsv,0.27,63.30746268656717
PA,202240,2022,10,2022-23,rsv,0.36,49.72089552238806
PA,202241,2022,10,2022-23,rsv,0.52,49.72089552238806
PA,202242,2022,10,2022-23,rsv,0.71,49.72089552238806
PA,202243,2022,10,2022-23,rsv,0.96,49.72089552238806
PA,202244,2022,10,2022-23,rsv,1.22,49.72089552238806
PA,202245,2022,11,2022-23,rsv,1.39,43.12089552238806
PA,202246,2022,11,2022-23,rsv,1.36,43.12089552238806
PA,202247,2022,11,2022-23,rsv,1.14,43.12089552238806
PA,202248,2022,11,2022-23,rsv,0.86,43.12089552238806
PA,202249,2022,12,2022-23,rsv,0.63,30.870149253731345
PA,202250,2022,12,2022-23,rsv,0.47,30.870149253731345
PA,202251,2022,12,2022-23,rsv,0.36,30.870149253731345
PA,202252,2022,12,2022-23,rsv,0.3,30.870149253731345
PA,202301,2023,1,2022-23,rsv,0.25,36.210447761194025
PA,202302,2023,1,2022-23,rsv,0.2,36.210447761194025
PA,202303,2023,1,2022-23,rsv,0.15,36.210447761194025
PA,202304,2023,1,2022-23,rsv,0.12,36.210447761194025
PA,202305,2023,1,2022-23,rsv,0.1,36.210447761194025
PA,202306,2023,2,2022-23,rsv,0.08,36.02238805970149
PA,202307,2023,2,2022-23,rsv,0.07,36.02238805970149
PA,202308,2023,2,2022-23,rsv,0.06,36.02238805970149
PA,202309,2023,2,2022-23,rsv,0.05,36.02238805970149
PA,202310,2023,3,2022-23,rsv,0.05,38.14179104477612
PA,202311,2023,3,2022-23,rsv,0.04,38.14179104477612
PA,202312,2023,3,2022-23,rsv,0.03,38.14179104477612
PA,202313,2023,3,2022-23,rsv,0.03,38.14179104477612
PA,202314,2023,4,2022-23,rsv,0.03,52.03283582089552
PA,202315,2023,4,2022-23,rsv,0.02,52.03283582089552
PA,202316,2023,4,2022-23,rsv,0.02,52.03283582089552
PA,202317,2023,4,2022-23,rsv,0.01,52.03283582089552
PA,202318,2023,4,2022-23,rsv,0.01,52.03283582089552
PA,202319,2023,5,2022-23,rsv,0.01,56.4865671641791
PA,202320,2023,5,2022-23,rsv,0.01,56.4865671641791
PA,202321,2023,5,,rsv,0.01,56.4865671641791
PA,202322,2023,5,,rsv,0.01,56.4865671641791
PA,202323,2023,6,,rsv,0.0,64.76268656716418
PA,202324,2023,6,,rsv,0.0,64.76268656716418
PA,202325,2023,6,,rsv,0.0,64.76268656716418
PA,202326,2023,6,,rsv,0.0,64.76268656716418
PA,202327,2023,7,,rsv,0.01,72.66716417910447
PA,202328,2023,7,,rsv,0.01,72.66716417910447
PA,202329,2023,7,,rsv,0.0,72.66716417910447
PA,202330,2023,7,,rsv,0.01,72.66716417910447
PA,202331,2023,7,,rsv,0.01,72.66716417910447
PA,202332,2023,8,,rsv,0.01,69.2179104477612
PA,202333,2023,8,,rsv,0.01,69.2179104477612
PA,202334,2023,8,,rsv,0.01,69.2179104477612
PA,202335,2023,8,,rsv,0.01,69.2179104477612
PA,202336,2023,9,,rsv,0.01,63.93134328358209
PA,202337,2023,9,,rsv,0.02,63.93134328358209
PA,202338,2023,9,,rsv,0.02,63.93134328358209
PA,202339,2023,9,,rsv,0.03,63.93134328358209
PA,202340,2023,10,2023-24,rsv,0.04,54.471641791044775
PA,202341,2023,10,2023-24,rsv,0.06,54.471641791044775
PA,202342,2023,10,2023-24,rsv,0.1,54.471641791044775
PA,202343,2023,10,2023-24,rsv,0.16,54.471641791044775
PA,202344,2023,10,2023-24,rsv,0.24,54.471641791044775
PA,202345,2023,11,2023-24,rsv,0.36,39.819402985074625
PA,202346,2023,11,2023-24,rsv,0.53,39.819402985074625
PA,202347,2023,11,2023-24,rsv,0.73,39.819402985074625
PA,202348,2023,11,2023-24,rsv,0.91,39.819402985074625
PA,202349,2023,12,2023-24,rsv,1.02,38.1044776119403
PA,202350,2023,12,2023-24,rsv,1.05,38.1044776119403
PA,202351,2023,12,2023-24,rsv,1.09,38.1044776119403
PA,202352,2023,12,2023-24,rsv,1.08,38.1044776119403
PA,202401,2023,12,2023-24,rsv,1.03,38.1044776119403
PA,202402,2024,1,2023-24,rsv,0.86,30.353731343283584
PA,202403,2024,1,2023-24,rsv,0.68,30.353731343283584
PA,202404,2024,1,2023-24,rsv,0.46,30.353731343283584
PA,202405,2024,1,2023-24,rsv,0.35,30.353731343283584
PA,202406,2024,2,2023-24,rsv,0.27,35.29402985074626
PA,202407,2024,2,2023-24,rsv,0.23,35.29402985074626
PA,202408,2024,2,2023-24,rsv,0.19,35.29402985074626
PA,202409,2024,2,2023-24,rsv,0.16,35.29402985074626
PA,202410,2024,3,2023-24,rsv,0.14,42.42089552238806
PA,202411,2024,3,2023-24,rsv,0.12,42.42089552238806
PA,202412,2024,3,2023-24,rsv,0.09,42.42089552238806
PA,202413,2024,3,2023-24,rsv,0.07,42.42089552238806
PA,202414,2024,3,2023-24,rsv,0.05,42.42089552238806
PA,202415,2024,4,2023-24,rsv,0.04,51.04328358208955
PA,202416,2024,4,2023-24,rsv,0.03,51.04328358208955
PA,202417,2024,4,2023-24,rsv,0.03,51.04328358208955
PA,202418,2024,4,2023-24,rsv,0.02,51.04328358208955
PA,202419,2024,5,2023-24,rsv,0.02,62.516417910447764
PA,202420,2024,5,2023-24,rsv,0.02,62.516417910447764
PA,202421,2024,5,,rsv,0.01,62.516417910447764
PA,202422,2024,5,,rsv,0.01,62.516417910447764
PA,202423,2024,6,,rsv,0.01,69.5089552238806
PA,202424,2024,6,,rsv,0.01,69.5089552238806
PA,202425,2024,6,,rsv,0.01,69.5089552238806
PA,202426,2024,6,,rsv,0.01,69.5089552238806
PA,202427,2024,6,,rsv,0.0,69.5089552238806
PA,202428,2024,7,,rsv,0.0,73.75223880597014
PA,202429,2024,7,,rsv,0.0,73.75223880597014
PA,202430,2024,7,,rsv,0.0,73.75223880597014
PA,202431,2024,7,,rsv,0.0,73.75223880597014
PA,202432,2024,8,,rsv,0.0,69.95671641791046
PA,202433,2024,8,,rsv,0.0,69.95671641791046
PA,202434,2024,8,,rsv,0.01,69.95671641791046
PA,202435,2024,8,,rsv,0.01,69.95671641791046
PA,202436,2024,9,,rsv,0.01,64.24925373134329
PA,202437,2024,9,,rsv,0.01,64.24925373134329
PA,202438,2024,9,,rsv,0.01,64.24925373134329
PA,202439,2024,9,,rsv,0.01,64.24925373134329
PA,202440,2024,9,2024-25,rsv,0.02,64.24925373134329
PA,202441,2024,10,2024-25,rsv,0.03,53.374626865671644
PA,202442,2024,10,2024-25,rsv,0.03,53.374626865671644
PA,202443,2024,10,2024-25,rsv,0.04,53.374626865671644
PA,202444,2024,10,2024-25,rsv,0.05,53.374626865671644
PA,202445,2024,11,2024-25,rsv,0.07,44.71492537313433
PA,202446,2024,11,2024-25,rsv,0.12,44.71492537313433
PA,202447,2024,11,2024-25,rsv,0.18,44.71492537313433
PA,202448,2024,11,2024-25,rsv,0.28,44.71492537313433
PA,202449,2024,12,2024-25,rsv,0.39,31.21641791044776
PA,202450,2024,12,2024-25,rsv,0.52,31.21641791044776
PA,202451,2024,12,2024-25,rsv,0.68,31.21641791044776
PA,202452,2024,12,2024-25,rsv,0.86,31.21641791044776
PA,202501,2024,12,2024-25,rsv,1.02,31.21641791044776
PA,202502,2025,1,2024-25,rsv,0.98,22.661194029850744
PA,202503,2025,1,2024-25,rsv,0.85,22.661194029850744
PA,202504,2025,1,2024-25,rsv,0.71,22.661194029850744
PA,202505,2025,1,2024-25,rsv,0.64,22.661194029850744
PA,202506,2025,2,2024-25,rsv,0.58,28.865671641791046
PA,202507,2025,2,2024-25,rsv,0.51,28.865671641791046
PA,202508,2025,2,2024-25,rsv,0.45,28.865671641791046
PA,202509,2025,2,2024-25,rsv,0.39,28.865671641791046
PA,202510,2025,3,2024-25,rsv,0.35,42.85671641791045
PA,202511,2025,3,2024-25,rsv,0.3,42.85671641791045
PA,202512,2025,3,2024-25,rsv,0.27,42.85671641791045
PA,202513,2025,3,2024-25,rsv,0.22,42.85671641791045
PA,202514,2025,3,2024-25,rsv,0.18,42.85671641791045
PA,202515,2025,4,2024-25,rsv,0.15,50.47611940298508
PA,202516,2025,4,2024-25,rsv,0.12,50.47611940298508
PA,202517,2025,4,2024-25,rsv,0.09,50.47611940298508
PA,202518,2025,4,2024-25,rsv,0.06,50.47611940298508
PA,202519,2025,5,2024-25,rsv,0.05,58.4089552238806
PA,202520,2025,5,2024-25,rsv,0.03,58.4089552238806
PA,202521,2025,5,,rsv,0.02,58.4089552238806
PA,202522,2025,5,,rsv,0.02,58.4089552238806
PA,202523,2025,6,,rsv,0.01,69.35522388059702
PA,202524,2025,6,,rsv,0.01,69.35522388059702
PA,202525,2025,6,,rsv,0.01,69.35522388059702
PA,202526,2025,6,,rsv,0.01,69.35522388059702
PA,202527,2025,6,,rsv,0.01,69.35522388059702
PA,202528,2025,7,,rsv,0.01,74.78955223880597
PA,202529,2025,7,,rsv,0.01,74.78955223880597
PA,202530,2025,7,,rsv,0.01,74.78955223880597
PA,202531,2025,7,,rsv,0.0,74.78955223880597
PA,202532,2025,8,,rsv,0.0,67.69253731343284
PA,202533,2025,8,,rsv,0.0,67.69253731343284
PA,202534,2025,8,,rsv,0.01,67.69253731343284
PA,202535,2025,8,,rsv,0.01,67.69253731343284
PA,202536,2025,8,,rsv,0.01,67.69253731343284
PA,202537,2025,9,,rsv,0.01,64.54328358208954
PA,202538,2025,9,,rsv,0.01,64.54328358208954
PA,202539,2025,9,,rsv,0.01,64.54328358208954
PA,202540,2025,9,2025-26,rsv,0.01,64.54328358208954
PA,202541,2025,10,2025-26,rsv,0.01,52.156716417910445
PA,202542,2025,10,2025-26,rsv,0.02,52.156716417910445
PA,202543,2025,10,2025-26,rsv,0.02,52.156716417910445
PA,202544,2025,10,2025-26,rsv,0.02,52.156716417910445
PA,202545,2025,11,2025-26,rsv,0.03,40.24925373134328
PA,202546,2025,11,2025-26,rsv,0.05,40.24925373134328
PA,202547,2025,11,2025-26,rsv,0.06,40.24925373134328
PA,202548,2025,11,2025-26,rsv,0.09,40.24925373134328
PA,202549,2025,11,2025-26,rsv,0.14,40.24925373134328
PA,202550,2025,12,2025-26,rsv,0.18,27.465671641791044
PA,202551,2025,12,2025-26,rsv,0.24,27.465671641791044
PA,202552,2025,12,2025-26,rsv,0.31,27.465671641791044
PA,202553,2025,12,2025-26,rsv,0.41,27.465671641791044
PA,202601,2026,1,2025-26,rsv,0.45,22.419402985074626
PA,202602,2026,1,2025-26,rsv,0.46,22.419402985074626
PA,202603,2026,1,2025-26,rsv,0.47,22.419402985074626
PA,202604,2026,1,2025-26,rsv,0.52,22.419402985074626
PA,202605,2026,2,2025-26,rsv,0.51,26.4089552238806
PA,202606,2026,2,2025-26,rsv,0.52,26.4089552238806
PA,202607,2026,2,2025-26,rsv,0.53,26.4089552238806
PA,202608,2026,2,2025-26,rsv,0.55,26.4089552238806
PA,202609,2026,3,2025-26,rsv,0.54,42.65522388059701
PA,202610,2026,3,2025-26,rsv,0.52,42.65522388059701
PA,202611,2026,3,2025-26,rsv,0.47,42.65522388059701
PA,202612,2026,3,2025-26,rsv,0.42,42.65522388059701
PA,202613,2026,3,2025-26,rsv,0.35,42.65522388059701
PA,202614,2026,4,2025-26,rsv,0.3,53.65074626865672
PA,202615,2026,4,2025-26,rsv,0.23,53.65074626865672
PA,202616,2026,4,2025-26,rsv,0.18,53.65074626865672
PA,202617,2026,4,2025-26,rsv,0.13,53.65074626865672
PA,202618,2026,5,2025-26,rsv,0.09,56.811940298507466
PA,202619,2026,5,2025-26,rsv,0.07,56.811940298507466
PA,202620,2026,5,2025-26,rsv,0.05,56.811940298507466
PA,202621,2026,5,,rsv,0.05,56.811940298507466
PA,202622,2026,5,,rsv,0.04,56.811940298507466
PA,202623,2026,6,,rsv,0.03,67.55671641791045
PA,202624,2026,6,,rsv,0.02,67.55671641791045
PA,202625,2026,6,,rsv,0.01,67.55671641791045
PA,202626,2026,6,,rsv,0.01,67.55671641791045
PA,202627,2026,7,,rsv,0.01,72.75074626865671
PA,202628,2026,7,,rsv,0.01,72.75074626865671
PA,202629,2026,7,,rsv,0.01,72.75074626865671
PA,202630,2026,7,,rsv,0.01,72.75074626865671
PA,202631,2026,8,,rsv,0.01,70.04925373134328
PA,202632,2026,8,,rsv,0.0,70.04925373134328
PA,202633,2026,8,,rsv,0.0,70.04925373134328
PA,202634,2026,8,,rsv,0.01,70.04925373134328
PA,202635,2026,8,,rsv,0.01,70.04925373134328
PA,202636,2026,9,,rsv,0.01,
RI,202239,2022,9,,covid,2.23,64.03999999999999
RI,202240,2022,10,2022-23,covid,2.4,54.879999999999995
RI,202241,2022,10,2022-23,covid,2.37,54.879999999999995
RI,202242,2022,10,2022-23,covid,2.16,54.879999999999995
RI,202243,2022,10,2022-23,covid,1.94,54.879999999999995
RI,202244,2022,10,2022-23,covid,1.81,54.879999999999995
RI,202245,2022,11,2022-23,covid,1.71,47.160000000000004
RI,202246,2022,11,2022-23,covid,1.64,47.160000000000004
RI,202247,2022,11,2022-23,covid,1.72,47.160000000000004
RI,202248,2022,11,2022-23,covid,2.02,47.160000000000004
RI,202249,2022,12,2022-23,covid,2.35,35.9
RI,202250,2022,12,2022-23,covid,2.54,35.9
RI,202251,2022,12,2022-23,covid,2.83,35.9
RI,202252,2022,12,2022-23,covid,3.34,35.9
RI,202301,2023,1,2022-23,covid,3.67,38.14
RI,202302,2023,1,2022-23,covid,3.49,38.14
RI,202303,2023,1,2022-23,covid,3.06,38.14
RI,202304,2023,1,2022-23,covid,2.79,38.14
RI,202305,2023,1,2022-23,covid,2.66,38.14
RI,202306,2023,2,2022-23,covid,2.35,34.54
RI,202307,2023,2,2022-23,covid,1.96,34.54
RI,202308,2023,2,2022-23,covid,1.64,34.54
RI,202309,2023,2,2022-23,covid,1.42,34.54
RI,202310,2023,3,2022-23,covid,1.17,39.92
RI,202311,2023,3,2022-23,covid,0.98,39.92
RI,202312,2023,3,2022-23,covid,0.8,39.92
RI,202313,2023,3,2022-23,covid,0.78,39.92
RI,202314,2023,4,2022-23,covid,0.71,50.72
RI,202315,2023,4,2022-23,covid,0.68,50.72
RI,202316,2023,4,2022-23,covid,0.52,50.72
RI,202317,2023,4,2022-23,covid,0.45,50.72
RI,202318,2023,4,2022-23,covid,0.36,50.72
RI,202319,2023,5,2022-23,covid,0.34,56.1
RI,202320,2023,5,2022-23,covid,0.36,56.1
RI,202321,2023,5,,covid,0.4,56.1
RI,202322,2023,5,,covid,0.44,56.1
RI,202323,2023,6,,covid,0.44,64.47999999999999
RI,202324,2023,6,,covid,0.46,64.47999999999999
RI,202325,2023,6,,covid,0.44,64.47999999999999
RI,202326,2023,6,,covid,0.42,64.47999999999999
RI,202327,2023,7,,covid,0.37,74.42
RI,202328,2023,7,,covid,0.34,74.42
RI,202329,2023,7,,covid,0.38,74.42
RI,202330,2023,7,,covid,0.45,74.42
RI,202331,2023,7,,covid,0.53,74.42
RI,202332,2023,8,,covid,0.61,69.8
RI,202333,2023,8,,covid,0.72,69.8
RI,202334,2023,8,,covid,1.0,69.8
RI,202335,2023,8,,covid,1.25,69.8
RI,202336,2023,9,,covid,1.55,66.17999999999999
RI,202337,2023,9,,covid,1.62,66.17999999999999
RI,202338,2023,9,,covid,1.72,66.17999999999999
RI,202339,2023,9,,covid,1.74,66.17999999999999
RI,202340,2023,10,2023-24,covid,1.76,57.260000000000005
RI,202341,2023,10,2023-24,covid,1.65,57.260000000000005
RI,202342,2023,10,2023-24,covid,1.5,57.260000000000005
RI,202343,2023,10,2023-24,covid,1.28,57.260000000000005
RI,202344,2023,10,2023-24,covid,1.1,57.260000000000005
RI,202345,2023,11,2023-24,covid,0.99,41.42
RI,202346,2023,11,2023-24,covid,1.08,41.42
RI,202347,2023,11,2023-24,covid,1.3,41.42
RI,202348,2023,11,2023-24,covid,1.54,41.42
RI,202349,2023,12,2023-24,covid,1.74,40.06
RI,202350,2023,12,2023-24,covid,2.14,40.06
RI,202351,2023,12,2023-24,covid,2.62,40.06
RI,202352,2023,12,2023-24,covid,3.35,40.06
RI,202401,2023,12,2023-24,covid,3.62,40.06
RI,202402,2024,1,2023-24,covid,3.56,32.5
RI,202403,2024,1,2023-24,covid,3.05,32.5
RI,202404,2024,1,2023-24,covid,2.57,32.5
RI,202405,2024,1,2023-24,covid,2.13,32.5
RI,202406,2024,2,2023-24,covid,1.79,34.019999999999996
RI,202407,2024,2,2023-24,covid,1.38,34.019999999999996
RI,202408,2024,2,2023-24,covid,1.14,34.019999999999996
RI,202409,2024,2,2023-24,covid,0.89,34.019999999999996
RI,202410,2024,3,2023-24,covid,0.75,42.660000000000004
RI,202411,2024,3,2023-24,covid,0.58,42.660000000000004
RI,202412,2024,3,2023-24,covid,0.48,42.660000000000004
RI,202413,2024,3,2023-24,covid,0.43,42.660000000000004
RI,202414,2024,3,2023-24,covid,0.42,42.660000000000004
RI,202415,2024,4,2023-24,covid,0.39,47.86
RI,202416,2024,4,2023-24,covid,0.31,47.86
RI,202417,2024,4,2023-24,covid,0.24,47.86
RI,202418,2024,4,2023-24,covid,0.21,47.86
RI,202419,2024,5,2023-24,covid,0.22,58.739999999999995
RI,202420,2024,5,2023-24,covid,0.21,58.739999999999995
RI,202421,2024,5,,covid,0.25,58.739999999999995
RI,202422,2024,5,,covid,0.25,58.739999999999995
RI,202423,2024,6,,covid,0.34,69.12
RI,202424,2024,6,,covid,0.38,69.12
RI,202425,2024,6,,covid,0.51,69.12
RI,202426,2024,6,,covid,0.53,69.12
RI,202427,2024,6,,covid,0.69,69.12
RI,202428,2024,7,,covid,0.81,74.44
RI,202429,2024,7,,covid,1.03,74.44
RI,202430,2024,7,,covid,1.12,74.44
RI,202431,2024,7,,covid,1.31,74.44
RI,202432,2024,8,,covid,1.44,70.47999999999999
RI,202433,2024,8,,covid,1.72,70.47999999999999
RI,202434,2024,8,,covid,1.76,70.47999999999999
RI,202435,2024,8,,covid,1.76,70.47999999999999
RI,202436,2024,9,,covid,1.53,63.96
RI,202437,2024,9,,covid,1.4,63.96
RI,202438,2024,9,,covid,1.28,63.96
RI,202439,2024,9,,covid,1.16,63.96
RI,202440,2024,9,2024-25,covid,1.04,63.96
RI,202441,2024,10,2024-25,covid,0.86,54.98
RI,202442,2024,10,2024-25,covid,0.76,54.98
RI,202443,2024,10,2024-25,covid,0.71,54.98
RI,202444,2024,10,2024-25,covid,0.68,54.98
RI,202445,2024,11,2024-25,covid,0.62,47.160000000000004
RI,202446,2024,11,2024-25,covid,0.52,47.160000000000004
RI,202447,2024,11,2024-25,covid,0.47,47.160000000000004
RI,202448,2024,11,2024-25,covid,0.47,47.160000000000004
RI,202449,2024,12,2024-25,covid,0.56,34.32000000000001
RI,202450,2024,12,2024-25,covid,0.72,34.32000000000001
RI,202451,2024,12,2024-25,covid,0.93,34.32000000000001
RI,202452,2024,12,2024-25,covid,1.13,34.32000000000001
RI,202501,2024,12,2024-25,covid,1.34,34.32000000000001
RI,202502,2025,1,2024-25,covid,1.34,28.1
RI,202503,2025,1,2024-25,covid,1.26,28.1
RI,202504,2025,1,2024-25,covid,1.09,28.1
RI,202505,2025,1,2024-25,covid,1.03,28.1
RI,202506,2025,2,2024-25,covid,0.96,30.580000000000002
RI,202507,2025,2,2024-25,covid,0.82,30.580000000000002
RI,202508,2025,2,2024-25,covid,0.68,30.580000000000002
RI,202509,2025,2,2024-25,covid,0.51,30.580000000000002
RI,202510,2025,3,2024-25,covid,0.49,42.6
RI,202511,2025,3,2024-25,covid,0.47,42.6
RI,202512,2025,3,2024-25,covid,0.56,42.6
RI,202513,2025,3,2024-25,covid,0.52,42.6
RI,202514,2025,3,2024-25,covid,0.41,42.6
RI,202515,2025,4,2024-25,covid,0.32,50.04
RI,202516,2025,4,2024-25,covid,0.34,50.04
RI,202517,2025,4,2024-25,covid,0.4,50.04
RI,202518,2025,4,2024-25,covid,0.42,50.04
RI,202519,2025,5,2024-25,covid,0.35,59.36
RI,202520,2025,5,2024-25,covid,0.32,59.36
RI,202521,2025,5,,covid,0.27,59.36
RI,202522,2025,5,,covid,0.23,59.36
RI,202523,2025,6,,covid,0.22,69.46000000000001
RI,202524,2025,6,,covid,0.24,69.46000000000001
RI,202525,2025,6,,covid,0.25,69.46000000000001
RI,202526,2025,6,,covid,0.23,69.46000000000001
RI,202527,2025,6,,covid,0.21,69.46000000000001
RI,202528,2025,7,,covid,0.22,75.2
RI,202529,2025,7,,covid,0.23,75.2
RI,202530,2025,7,,covid,0.25,75.2
RI,202531,2025,7,,covid,0.3,75.2
RI,202532,2025,8,,covid,0.39,68.64
RI,202533,2025,8,,covid,0.5,68.64
RI,202534,2025,8,,covid,0.63,68.64
RI,202535,2025,8,,covid,0.68,68.64
RI,202536,2025,8,,covid,0.81,68.64
RI,202537,2025,9,,covid,0.81,65.16
RI,202538,2025,9,,covid,0.88,65.16
RI,202539,2025,9,,covid,0.8,65.16
RI,202540,2025,9,2025-26,covid,0.74,65.16
RI,202541,2025,10,2025-26,covid,0.59,54.879999999999995
RI,202542,2025,10,2025-26,covid,0.5,54.879999999999995
RI,202543,2025,10,2025-26,covid,0.38,54.879999999999995
RI,202544,2025,10,2025-26,covid,0.34,54.879999999999995
RI,202545,2025,11,2025-26,covid,0.29,42.6
RI,202546,2025,11,2025-26,covid,0.3,42.6
RI,202547,2025,11,2025-26,covid,0.31,42.6
RI,202548,2025,11,2025-26,covid,0.38,42.6
RI,202549,2025,11,2025-26,covid,0.49,42.6
RI,202550,2025,12,2025-26,covid,0.59,31.22
RI,202551,2025,12,2025-26,covid,0.69,31.22
RI,202552,2025,12,2025-26,covid,0.78,31.22
RI,202553,2025,12,2025-26,covid,1.01,31.22
RI,202601,2026,1,2025-26,covid,1.18,26.82
RI,202602,2026,1,2025-26,covid,1.2,26.82
RI,202603,2026,1,2025-26,covid,1.01,26.82
RI,202604,2026,1,2025-26,covid,0.78,26.82
RI,202605,2026,2,2025-26,covid,0.68,25.96
RI,202606,2026,2,2025-26,covid,0.65,25.96
RI,202607,2026,2,2025-26,covid,0.62,25.96
RI,202608,2026,2,2025-26,covid,0.59,25.96
RI,202609,2026,3,2025-26,covid,0.49,40.22
RI,202610,2026,3,2025-26,covid,0.42,40.22
RI,202611,2026,3,2025-26,covid,0.33,40.22
RI,202612,2026,3,2025-26,covid,0.34,40.22
RI,202613,2026,3,2025-26,covid,0.31,40.22
RI,202614,2026,4,2025-26,covid,0.27,49.64
RI,202615,2026,4,2025-26,covid,0.19,49.64
RI,202616,2026,4,2025-26,covid,0.16,49.64
RI,202617,2026,4,2025-26,covid,0.12,49.64
RI,202618,2026,5,2025-26,covid,0.09,58.5
RI,202619,2026,5,2025-26,covid,0.07,58.5
RI,202620,2026,5,2025-26,covid,0.06,58.5
RI,202621,2026,5,,covid,0.06,58.5
RI,202622,2026,5,,covid,0.05,58.5
RI,202623,2026,6,,covid,0.06,69.36
RI,202624,2026,6,,covid,0.05,69.36
RI,202625,2026,6,,covid,0.06,69.36
RI,202626,2026,6,,covid,0.04,69.36
RI,202627,2026,7,,covid,0.03,72.64000000000001
RI,202628,2026,7,,covid,0.02,72.64000000000001
RI,202629,2026,7,,covid,0.04,72.64000000000001
RI,202630,2026,7,,covid,0.05,72.64000000000001
RI,202631,2026,8,,covid,0.1,72.9
RI,202632,2026,8,,covid,0.12,72.9
RI,202633,2026,8,,covid,0.16,72.9
RI,202634,2026,8,,covid,0.14,72.9
RI,202635,2026,8,,covid,0.18,72.9
RI,202636,2026,9,,covid,0.24,
RI,202239,2022,9,,influenza,0.05,64.03999999999999
RI,202240,2022,10,2022-23,influenza,0.07,54.879999999999995
RI,202241,2022,10,2022-23,influenza,0.08,54.879999999999995
RI,202242,2022,10,2022-23,influenza,0.1,54.879999999999995
RI,202243,2022,10,2022-23,influenza,0.17,54.879999999999995
RI,202244,2022,10,2022-23,influenza,0.37,54.879999999999995
RI,202245,2022,11,2022-23,influenza,0.69,47.160000000000004
RI,202246,2022,11,2022-23,influenza,1.04,47.160000000000004
RI,202247,2022,11,2022-23,influenza,1.81,47.160000000000004
RI,202248,2022,11,2022-23,influenza,3.36,47.160000000000004
RI,202249,2022,12,2022-23,influenza,4.94,35.9
RI,202250,2022,12,2022-23,influenza,5.72,35.9
RI,202251,2022,12,2022-23,influenza,5.94,35.9
RI,202252,2022,12,2022-23,influenza,5.53,35.9
RI,202301,2023,1,2022-23,influenza,4.41,38.14
RI,202302,2023,1,2022-23,influenza,2.78,38.14
RI,202303,2023,1,2022-23,influenza,1.33,38.14
RI,202304,2023,1,2022-23,influenza,0.68,38.14
RI,202305,2023,1,2022-23,influenza,0.44,38.14
RI,202306,2023,2,2022-23,influenza,0.33,34.54
RI,202307,2023,2,2022-23,influenza,0.26,34.54
RI,202308,2023,2,2022-23,influenza,0.24,34.54
RI,202309,2023,2,2022-23,influenza,0.2,34.54
RI,202310,2023,3,2022-23,influenza,0.15,39.92
RI,202311,2023,3,2022-23,influenza,0.12,39.92
RI,202312,2023,3,2022-23,influenza,0.13,39.92
RI,202313,2023,3,2022-23,influenza,0.16,39.92
RI,202314,2023,4,2022-23,influenza,0.19,50.72
RI,202315,2023,4,2022-23,influenza,0.17,50.72
RI,202316,2023,4,2022-23,influenza,0.14,50.72
RI,202317,2023,4,2022-23,influenza,0.09,50.72
RI,202318,2023,4,2022-23,influenza,0.07,50.72
RI,202319,2023,5,2022-23,influenza,0.11,56.1
RI,202320,2023,5,2022-23,influenza,0.11,56.1
RI,202321,2023,5,,influenza,0.1,56.1
RI,202322,2023,5,,influenza,0.08,56.1
RI,202323,2023,6,,influenza,0.09,64.47999999999999
RI,202324,2023,6,,influenza,0.09,64.47999999999999
RI,202325,2023,6,,influenza,0.08,64.47999999999999
RI,202326,2023,6,,influenza,0.08,64.47999999999999
RI,202327,2023,7,,influenza,0.07,74.42
RI,202328,2023,7,,influenza,0.07,74.42
RI,202329,2023,7,,influenza,0.08,74.42
RI,202330,2023,7,,influenza,0.07,74.42
RI,202331,2023,7,,influenza,0.04,74.42
RI,202332,2023,8,,influenza,0.03,69.8
RI,202333,2023,8,,influenza,0.05,69.8
RI,202334,2023,8,,influenza,0.06,69.8
RI,202335,2023,8,,influenza,0.07,69.8
RI,202336,2023,9,,influenza,0.07,66.17999999999999
RI,202337,2023,9,,influenza,0.08,66.17999999999999
RI,202338,2023,9,,influenza,0.11,66.17999999999999
RI,202339,2023,9,,influenza,0.12,66.17999999999999
RI,202340,2023,10,2023-24,influenza,0.13,57.260000000000005
RI,202341,2023,10,2023-24,influenza,0.11,57.260000000000005
RI,202342,2023,10,2023-24,influenza,0.12,57.260000000000005
RI,202343,2023,10,2023-24,influenza,0.11,57.260000000000005
RI,202344,2023,10,2023-24,influenza,0.14,57.260000000000005
RI,202345,2023,11,2023-24,influenza,0.17,41.42
RI,202346,2023,11,2023-24,influenza,0.28,41.42
RI,202347,2023,11,2023-24,influenza,0.42,41.42
RI,202348,2023,11,2023-24,influenza,0.58,41.42
RI,202349,2023,12,2023-24,influenza,0.8,40.06
RI,202350,2023,12,2023-24,influenza,1.19,40.06
RI,202351,2023,12,2023-24,influenza,1.87,40.06
RI,202352,2023,12,2023-24,influenza,2.82,40.06
RI,202401,2023,12,2023-24,influenza,3.18,40.06
RI,202402,2024,1,2023-24,influenza,3.17,32.5
RI,202403,2024,1,2023-24,influenza,2.67,32.5
RI,202404,2024,1,2023-24,influenza,2.5,32.5
RI,202405,2024,1,2023-24,influenza,2.38,32.5
RI,202406,2024,2,2023-24,influenza,2.47,34.019999999999996
RI,202407,2024,2,2023-24,influenza,2.47,34.019999999999996
RI,202408,2024,2,2023-24,influenza,2.57,34.019999999999996
RI,202409,2024,2,2023-24,influenza,2.62,34.019999999999996
RI,202410,2024,3,2023-24,influenza,2.7,42.660000000000004
RI,202411,2024,3,2023-24,influenza,2.44,42.660000000000004
RI,202412,2024,3,2023-24,influenza,1.89,42.660000000000004
RI,202413,2024,3,2023-24,influenza,1.47,42.660000000000004
RI,202414,2024,3,2023-24,influenza,1.23,42.660000000000004
RI,202415,2024,4,2023-24,influenza,1.19,47.86
RI,202416,2024,4,2023-24,influenza,0.96,47.86
RI,202417,2024,4,2023-24,influenza,0.65,47.86
RI,202418,2024,4,2023-24,influenza,0.42,47.86
RI,202419,2024,5,2023-24,influenza,0.29,58.739999999999995
RI,202420,2024,5,2023-24,influenza,0.26,58.739999999999995
RI,202421,2024,5,,influenza,0.2,58.739999999999995
RI,202422,2024,5,,influenza,0.13,58.739999999999995
RI,202423,2024,6,,influenza,0.12,69.12
RI,202424,2024,6,,influenza,0.12,69.12
RI,202425,2024,6,,influenza,0.11,69.12
RI,202426,2024,6,,influenza,0.08,69.12
RI,202427,2024,6,,influenza,0.07,69.12
RI,202428,2024,7,,influenza,0.07,74.44
RI,202429,2024,7,,influenza,0.06,74.44
RI,202430,2024,7,,influenza,0.06,74.44
RI,202431,2024,7,,influenza,0.06,74.44
RI,202432,2024,8,,influenza,0.06,70.47999999999999
RI,202433,2024,8,,influenza,0.06,70.47999999999999
RI,202434,2024,8,,influenza,0.06,70.47999999999999
RI,202435,2024,8,,influenza,0.06,70.47999999999999
RI,202436,2024,9,,influenza,0.06,63.96
RI,202437,2024,9,,influenza,0.05,63.96
RI,202438,2024,9,,influenza,0.05,63.96
RI,202439,2024,9,,influenza,0.05,63.96
RI,202440,2024,9,2024-25,influenza,0.07,63.96
RI,202441,2024,10,2024-25,influenza,0.08,54.98
RI,202442,2024,10,2024-25,influenza,0.13,54.98
RI,202443,2024,10,2024-25,influenza,0.11,54.98
RI,202444,2024,10,2024-25,influenza,0.12,54.98
RI,202445,2024,11,2024-25,influenza,0.1,47.160000000000004
RI,202446,2024,11,2024-25,influenza,0.14,47.160000000000004
RI,202447,2024,11,2024-25,influenza,0.14,47.160000000000004
RI,202448,2024,11,2024-25,influenza,0.16,47.160000000000004
RI,202449,2024,12,2024-25,influenza,0.24,34.32000000000001
RI,202450,2024,12,2024-25,influenza,0.47,34.32000000000001
RI,202451,2024,12,2024-25,influenza,0.75,34.32000000000001
RI,202452,2024,12,2024-25,influenza,1.26,34.32000000000001
RI,202501,2024,12,2024-25,influenza,1.92,34.32000000000001
RI,202502,2025,1,2024-25,influenza,2.52,28.1
RI,202503,2025,1,2024-25,influenza,3.14,28.1
RI,202504,2025,1,2024-25,influenza,3.95,28.1
RI,202505,2025,1,2024-25,influenza,5.03,28.1
RI,202506,2025,2,2024-25,influenza,5.85,30.580000000000002
RI,202507,2025,2,2024-25,influenza,5.91,30.580000000000002
RI,202508,2025,2,2024-25,influenza,5.4,30.580000000000002
RI,202509,2025,2,2024-25,influenza,4.25,30.580000000000002
RI,202510,2025,3,2024-25,influenza,3.23,42.6
RI,202511,2025,3,2024-25,influenza,2.39,42.6
RI,202512,2025,3,2024-25,influenza,1.82,42.6
RI,202513,2025,3,2024-25,influenza,1.33,42.6
RI,202514,2025,3,2024-25,influenza,1.02,42.6
RI,202515,2025,4,2024-25,influenza,0.83,50.04
RI,202516,2025,4,2024-25,influenza,0.77,50.04
RI,202517,2025,4,2024-25,influenza,0.57,50.04
RI,202518,2025,4,2024-25,influenza,0.45,50.04
RI,202519,2025,5,2024-25,influenza,0.34,59.36
RI,202520,2025,5,2024-25,influenza,0.29,59.36
RI,202521,2025,5,,influenza,0.22,59.36
RI,202522,2025,5,,influenza,0.16,59.36
RI,202523,2025,6,,influenza,0.12,69.46000000000001
RI,202524,2025,6,,influenza,0.11,69.46000000000001
RI,202525,2025,6,,influenza,0.08,69.46000000000001
RI,202526,2025,6,,influenza,0.05,69.46000000000001
RI,202527,2025,6,,influenza,0.04,69.46000000000001
RI,202528,2025,7,,influenza,0.02,75.2
RI,202529,2025,7,,influenza,0.04,75.2
RI,202530,2025,7,,influenza,0.04,75.2
RI,202531,2025,7,,influenza,0.04,75.2
RI,202532,2025,8,,influenza,0.02,68.64
RI,202533,2025,8,,influenza,0.02,68.64
RI,202534,2025,8,,influenza,0.03,68.64
RI,202535,2025,8,,influenza,0.05,68.64
RI,202536,2025,8,,influenza,0.05,68.64
RI,202537,2025,9,,influenza,0.05,65.16
RI,202538,2025,9,,influenza,0.07,65.16
RI,202539,2025,9,,influenza,0.08,65.16
RI,202540,2025,9,2025-26,influenza,0.09,65.16
RI,202541,2025,10,2025-26,influenza,0.07,54.879999999999995
RI,202542,2025,10,2025-26,influenza,0.07,54.879999999999995
RI,202543,2025,10,2025-26,influenza,0.07,54.879999999999995
RI,202544,2025,10,2025-26,influenza,0.11,54.879999999999995
RI,202545,2025,11,2025-26,influenza,0.16,42.6
RI,202546,2025,11,2025-26,influenza,0.22,42.6
RI,202547,2025,11,2025-26,influenza,0.28,42.6
RI,202548,2025,11,2025-26,influenza,0.57,42.6
RI,202549,2025,11,2025-26,influenza,0.95,42.6
RI,202550,2025,12,2025-26,influenza,1.89,31.22
RI,202551,2025,12,2025-26,influenza,3.56,31.22
RI,202552,2025,12,2025-26,influenza,6.06,31.22
RI,202553,2025,12,2025-26,influenza,7.53,31.22
RI,202601,2026,1,2025-26,influenza,7.06,26.82
RI,202602,2026,1,2025-26,influenza,5.03,26.82
RI,202603,2026,1,2025-26,influenza,3.02,26.82
RI,202604,2026,1,2025-26,influenza,1.88,26.82
RI,202605,2026,2,2025-26,influenza,1.34,25.96
RI,202606,2026,2,2025-26,influenza,1.11,25.96
RI,202607,2026,2,2025-26,influenza,1.23,25.96
RI,202608,2026,2,2025-26,influenza,1.19,25.96
RI,202609,2026,3,2025-26,influenza,1.14,40.22
RI,202610,2026,3,2025-26,influenza,0.92,40.22
RI,202611,2026,3,2025-26,influenza,0.91,40.22
RI,202612,2026,3,2025-26,influenza,1.03,40.22
RI,202613,2026,3,2025-26,influenza,1.22,40.22
RI,202614,2026,4,2025-26,influenza,1.26,49.64
RI,202615,2026,4,2025-26,influenza,1.1,49.64
RI,202616,2026,4,2025-26,influenza,0.8,49.64
RI,202617,2026,4,2025-26,influenza,0.51,49.64
RI,202618,2026,5,2025-26,influenza,0.31,58.5
RI,202619,2026,5,2025-26,influenza,0.23,58.5
RI,202620,2026,5,2025-26,influenza,0.17,58.5
RI,202621,2026,5,,influenza,0.13,58.5
RI,202622,2026,5,,influenza,0.07,58.5
RI,202623,2026,6,,influenza,0.06,69.36
RI,202624,2026,6,,influenza,0.04,69.36
RI,202625,2026,6,,influenza,0.03,69.36
RI,202626,2026,6,,influenza,0.02,69.36
RI,202627,2026,7,,influenza,0.04,72.64000000000001
RI,202628,2026,7,,influenza,0.05,72.64000000000001
RI,202629,2026,7,,influenza,0.05,72.64000000000001
RI,202630,2026,7,,influenza,0.03,72.64000000000001
RI,202631,2026,8,,influenza,0.04,72.9
RI,202632,2026,8,,influenza,0.04,72.9
RI,202633,2026,8,,influenza,0.05,72.9
RI,202634,2026,8,,influenza,0.05,72.9
RI,202635,2026,8,,influenza,0.05,72.9
RI,202636,2026,9,,influenza,0.07,
RI,202239,2022,9,,rsv,0.14,64.03999999999999
RI,202240,2022,10,2022-23,rsv,0.21,54.879999999999995
RI,202241,2022,10,2022-23,rsv,0.33,54.879999999999995
RI,202242,2022,10,2022-23,rsv,0.48,54.879999999999995
RI,202243,2022,10,2022-23,rsv,0.73,54.879999999999995
RI,202244,2022,10,2022-23,rsv,0.97,54.879999999999995
RI,202245,2022,11,2022-23,rsv,1.12,47.160000000000004
RI,202246,2022,11,2022-23,rsv,1.11,47.160000000000004
RI,202247,2022,11,2022-23,rsv,0.91,47.160000000000004
RI,202248,2022,11,2022-23,rsv,0.7,47.160000000000004
RI,202249,2022,12,2022-23,rsv,0.46,35.9
RI,202250,2022,12,2022-23,rsv,0.36,35.9
RI,202251,2022,12,2022-23,rsv,0.25,35.9
RI,202252,2022,12,2022-23,rsv,0.21,35.9
RI,202301,2023,1,2022-23,rsv,0.19,38.14
RI,202302,2023,1,2022-23,rsv,0.17,38.14
RI,202303,2023,1,2022-23,rsv,0.16,38.14
RI,202304,2023,1,2022-23,rsv,0.12,38.14
RI,202305,2023,1,2022-23,rsv,0.09,38.14
RI,202306,2023,2,2022-23,rsv,0.08,34.54
RI,202307,2023,2,2022-23,rsv,0.06,34.54
RI,202308,2023,2,2022-23,rsv,0.08,34.54
RI,202309,2023,2,2022-23,rsv,0.09,34.54
RI,202310,2023,3,2022-23,rsv,0.1,39.92
RI,202311,2023,3,2022-23,rsv,0.07,39.92
RI,202312,2023,3,2022-23,rsv,0.05,39.92
RI,202313,2023,3,2022-23,rsv,0.04,39.92
RI,202314,2023,4,2022-23,rsv,0.05,50.72
RI,202315,2023,4,2022-23,rsv,0.02,50.72
RI,202316,2023,4,2022-23,rsv,0.02,50.72
RI,202317,2023,4,2022-23,rsv,0.01,50.72
RI,202318,2023,4,2022-23,rsv,0.01,50.72
RI,202319,2023,5,2022-23,rsv,0.01,56.1
RI,202320,2023,5,2022-23,rsv,0.01,56.1
RI,202321,2023,5,,rsv,0.01,56.1
RI,202322,2023,5,,rsv,0.01,56.1
RI,202323,2023,6,,rsv,0.01,64.47999999999999
RI,202324,2023,6,,rsv,0.01,64.47999999999999
RI,202325,2023,6,,rsv,0.02,64.47999999999999
RI,202326,2023,6,,rsv,0.02,64.47999999999999
RI,202327,2023,7,,rsv,0.02,74.42
RI,202328,2023,7,,rsv,0.01,74.42
RI,202329,2023,7,,rsv,0.02,74.42
RI,202330,2023,7,,rsv,0.02,74.42
RI,202331,2023,7,,rsv,0.01,74.42
RI,202332,2023,8,,rsv,0.0,69.8
RI,202333,2023,8,,rsv,0.0,69.8
RI,202334,2023,8,,rsv,0.01,69.8
RI,202335,2023,8,,rsv,0.01,69.8
RI,202336,2023,9,,rsv,0.04,66.17999999999999
RI,202337,2023,9,,rsv,0.04,66.17999999999999
RI,202338,2023,9,,rsv,0.06,66.17999999999999
RI,202339,2023,9,,rsv,0.05,66.17999999999999
RI,202340,2023,10,2023-24,rsv,0.06,57.260000000000005
RI,202341,2023,10,2023-24,rsv,0.08,57.260000000000005
RI,202342,2023,10,2023-24,rsv,0.1,57.260000000000005
RI,202343,2023,10,2023-24,rsv,0.21,57.260000000000005
RI,202344,2023,10,2023-24,rsv,0.29,57.260000000000005
RI,202345,2023,11,2023-24,rsv,0.46,41.42
RI,202346,2023,11,2023-24,rsv,0.62,41.42
RI,202347,2023,11,2023-24,rsv,0.86,41.42
RI,202348,2023,11,2023-24,rsv,0.96,41.42
RI,202349,2023,12,2023-24,rsv,1.12,40.06
RI,202350,2023,12,2023-24,rsv,1.07,40.06
RI,202351,2023,12,2023-24,rsv,1.14,40.06
RI,202352,2023,12,2023-24,rsv,1.0,40.06
RI,202401,2023,12,2023-24,rsv,0.92,40.06
RI,202402,2024,1,2023-24,rsv,0.69,32.5
RI,202403,2024,1,2023-24,rsv,0.46,32.5
RI,202404,2024,1,2023-24,rsv,0.28,32.5
RI,202405,2024,1,2023-24,rsv,0.22,32.5
RI,202406,2024,2,2023-24,rsv,0.18,34.019999999999996
RI,202407,2024,2,2023-24,rsv,0.14,34.019999999999996
RI,202408,2024,2,2023-24,rsv,0.1,34.019999999999996
RI,202409,2024,2,2023-24,rsv,0.1,34.019999999999996
RI,202410,2024,3,2023-24,rsv,0.07,42.660000000000004
RI,202411,2024,3,2023-24,rsv,0.05,42.660000000000004
RI,202412,2024,3,2023-24,rsv,0.04,42.660000000000004
RI,202413,2024,3,2023-24,rsv,0.04,42.660000000000004
RI,202414,2024,3,2023-24,rsv,0.04,42.660000000000004
RI,202415,2024,4,2023-24,rsv,0.03,47.86
RI,202416,2024,4,2023-24,rsv,0.02,47.86
RI,202417,2024,4,2023-24,rsv,0.02,47.86
RI,202418,2024,4,2023-24,rsv,0.02,47.86
RI,202419,2024,5,2023-24,rsv,0.02,58.739999999999995
RI,202420,2024,5,2023-24,rsv,0.01,58.739999999999995
RI,202421,2024,5,,rsv,0.01,58.739999999999995
RI,202422,2024,5,,rsv,0.0,58.739999999999995
RI,202423,2024,6,,rsv,0.0,69.12
RI,202424,2024,6,,rsv,0.0,69.12
RI,202425,2024,6,,rsv,0.01,69.12
RI,202426,2024,6,,rsv,0.01,69.12
RI,202427,2024,6,,rsv,0.01,69.12
RI,202428,2024,7,,rsv,0.01,74.44
RI,202429,2024,7,,rsv,0.0,74.44
RI,202430,2024,7,,rsv,0.0,74.44
RI,202431,2024,7,,rsv,0.0,74.44
RI,202432,2024,8,,rsv,0.01,70.47999999999999
RI,202433,2024,8,,rsv,0.01,70.47999999999999
RI,202434,2024,8,,rsv,0.01,70.47999999999999
RI,202435,2024,8,,rsv,0.0,70.47999999999999
RI,202436,2024,9,,rsv,0.0,63.96
RI,202437,2024,9,,rsv,0.01,63.96
RI,202438,2024,9,,rsv,0.01,63.96
RI,202439,2024,9,,rsv,0.01,63.96
RI,202440,2024,9,2024-25,rsv,0.01,63.96
RI,202441,2024,10,2024-25,rsv,0.02,54.98
RI,202442,2024,10,2024-25,rsv,0.03,54.98
RI,202443,2024,10,2024-25,rsv,0.04,54.98
RI,202444,2024,10,2024-25,rsv,0.06,54.98
RI,202445,2024,11,2024-25,rsv,0.07,47.160000000000004
RI,202446,2024,11,2024-25,rsv,0.11,47.160000000000004
RI,202447,2024,11,2024-25,rsv,0.15,47.160000000000004
RI,202448,2024,11,2024-25,rsv,0.29,47.160000000000004
RI,202449,2024,12,2024-25,rsv,0.44,34.32000000000001
RI,202450,2024,12,2024-25,rsv,0.58,34.32000000000001
RI,202451,2024,12,2024-25,rsv,0.65,34.32000000000001
RI,202452,2024,12,2024-25,rsv,0.76,34.32000000000001
RI,202501,2024,12,2024-25,rsv,0.81,34.32000000000001
RI,202502,2025,1,2024-25,rsv,0.83,28.1
RI,202503,2025,1,2024-25,rsv,0.68,28.1
RI,202504,2025,1,2024-25,rsv,0.58,28.1
RI,202505,2025,1,2024-25,rsv,0.44,28.1
RI,202506,2025,2,2024-25,rsv,0.4,30.580000000000002
RI,202507,2025,2,2024-25,rsv,0.32,30.580000000000002
RI,202508,2025,2,2024-25,rsv,0.26,30.580000000000002
RI,202509,2025,2,2024-25,rsv,0.22,30.580000000000002
RI,202510,2025,3,2024-25,rsv,0.24,42.6
RI,202511,2025,3,2024-25,rsv,0.21,42.6
RI,202512,2025,3,2024-25,rsv,0.16,42.6
RI,202513,2025,3,2024-25,rsv,0.12,42.6
RI,202514,2025,3,2024-25,rsv,0.12,42.6
RI,202515,2025,4,2024-25,rsv,0.09,50.04
RI,202516,2025,4,2024-25,rsv,0.07,50.04
RI,202517,2025,4,2024-25,rsv,0.04,50.04
RI,202518,2025,4,2024-25,rsv,0.04,50.04
RI,202519,2025,5,2024-25,rsv,0.03,59.36
RI,202520,2025,5,2024-25,rsv,0.02,59.36
RI,202521,2025,5,,rsv,0.01,59.36
RI,202522,2025,5,,rsv,0.01,59.36
RI,202523,2025,6,,rsv,0.02,69.46000000000001
RI,202524,2025,6,,rsv,0.02,69.46000000000001
RI,202525,2025,6,,rsv,0.02,69.46000000000001
RI,202526,2025,6,,rsv,0.01,69.46000000000001
RI,202527,2025,6,,rsv,0.01,69.46000000000001
RI,202528,2025,7,,rsv,0.01,75.2
RI,202529,2025,7,,rsv,0.01,75.2
RI,202530,2025,7,,rsv,0.01,75.2
RI,202531,2025,7,,rsv,0.0,75.2
RI,202532,2025,8,,rsv,0.0,68.64
RI,202533,2025,8,,rsv,0.01,68.64
RI,202534,2025,8,,rsv,0.01,68.64
RI,202535,2025,8,,rsv,0.01,68.64
RI,202536,2025,8,,rsv,0.0,68.64
RI,202537,2025,9,,rsv,0.0,65.16
RI,202538,2025,9,,rsv,0.02,65.16
RI,202539,2025,9,,rsv,0.02,65.16
RI,202540,2025,9,2025-26,rsv,0.02,65.16
RI,202541,2025,10,2025-26,rsv,0.02,54.879999999999995
RI,202542,2025,10,2025-26,rsv,0.02,54.879999999999995
RI,202543,2025,10,2025-26,rsv,0.04,54.879999999999995
RI,202544,2025,10,2025-26,rsv,0.03,54.879999999999995
RI,202545,2025,11,2025-26,rsv,0.06,42.6
RI,202546,2025,11,2025-26,rsv,0.08,42.6
RI,202547,2025,11,2025-26,rsv,0.13,42.6
RI,202548,2025,11,2025-26,rsv,0.19,42.6
RI,202549,2025,11,2025-26,rsv,0.22,42.6
RI,202550,2025,12,2025-26,rsv,0.28,31.22
RI,202551,2025,12,2025-26,rsv,0.27,31.22
RI,202552,2025,12,2025-26,rsv,0.36,31.22
RI,202553,2025,12,2025-26,rsv,0.46,31.22
RI,202601,2026,1,2025-26,rsv,0.52,26.82
RI,202602,2026,1,2025-26,rsv,0.58,26.82
RI,202603,2026,1,2025-26,rsv,0.58,26.82
RI,202604,2026,1,2025-26,rsv,0.57,26.82
RI,202605,2026,2,2025-26,rsv,0.54,25.96
RI,202606,2026,2,2025-26,rsv,0.51,25.96
RI,202607,2026,2,2025-26,rsv,0.64,25.96
RI,202608,2026,2,2025-26,rsv,0.68,25.96
RI,202609,2026,3,2025-26,rsv,0.65,40.22
RI,202610,2026,3,2025-26,rsv,0.6,40.22
RI,202611,2026,3,2025-26,rsv,0.51,40.22
RI,202612,2026,3,2025-26,rsv,0.45,40.22
RI,202613,2026,3,2025-26,rsv,0.38,40.22
RI,202614,2026,4,2025-26,rsv,0.32,49.64
RI,202615,2026,4,2025-26,rsv,0.29,49.64
RI,202616,2026,4,2025-26,rsv,0.21,49.64
RI,202617,2026,4,2025-26,rsv,0.14,49.64
RI,202618,2026,5,2025-26,rsv,0.1,58.5
RI,202619,2026,5,2025-26,rsv,0.06,58.5
RI,202620,2026,5,2025-26,rsv,0.06,58.5
RI,202621,2026,5,,rsv,0.03,58.5
RI,202622,2026,5,,rsv,0.03,58.5
RI,202623,2026,6,,rsv,0.01,69.36
RI,202624,2026,6,,rsv,0.02,69.36
RI,202625,2026,6,,rsv,0.02,69.36
RI,202626,2026,6,,rsv,0.01,69.36
RI,202627,2026,7,,rsv,0.01,72.64000000000001
RI,202628,2026,7,,rsv,0.0,72.64000000000001
RI,202629,2026,7,,rsv,0.0,72.64000000000001
RI,202630,2026,7,,rsv,0.0,72.64000000000001
RI,202631,2026,8,,rsv,0.0,72.9
RI,202632,2026,8,,rsv,0.01,72.9
RI,202633,2026,8,,rsv,0.01,72.9
RI,202634,2026,8,,rsv,0.02,72.9
RI,202635,2026,8,,rsv,0.01,72.9
RI,202636,2026,9,,rsv,0.01,
VT,202239,2022,9,,covid,3.61,58.028571428571425
VT,202240,2022,10,2022-23,covid,3.91,48.221428571428575
VT,202241,2022,10,2022-23,covid,4.04,48.221428571428575
VT,202242,2022,10,2022-23,covid,4.16,48.221428571428575
VT,202243,2022,10,2022-23,covid,3.84,48.221428571428575
VT,202244,2022,10,2022-23,covid,3.26,48.221428571428575
VT,202245,2022,11,2022-23,covid,2.72,38.714285714285715
VT,202246,2022,11,2022-23,covid,2.26,38.714285714285715
VT,202247,2022,11,2022-23,covid,2.12,38.714285714285715
VT,202248,2022,11,2022-23,covid,2.27,38.714285714285715
VT,202249,2022,12,2022-23,covid,2.49,27.442857142857143
VT,202250,2022,12,2022-23,covid,2.66,27.442857142857143
VT,202251,2022,12,2022-23,covid,2.73,27.442857142857143
VT,202252,2022,12,2022-23,covid,2.85,27.442857142857143
VT,202301,2023,1,2022-23,covid,2.89,27.071428571428573
VT,202302,2023,1,2022-23,covid,2.71,27.071428571428573
VT,202303,2023,1,2022-23,covid,2.78,27.071428571428573
VT,202304,2023,1,2022-23,covid,3.05,27.071428571428573
VT,202305,2023,1,2022-23,covid,3.44,27.071428571428573
VT,202306,2023,2,2022-23,covid,3.38,22.728571428571428
VT,202307,2023,2,2022-23,covid,2.98,22.728571428571428
VT,202308,2023,2,2022-23,covid,2.64,22.728571428571428
VT,202309,2023,2,2022-23,covid,2.47,22.728571428571428
VT,202310,2023,3,2022-23,covid,2.32,30.264285714285712
VT,202311,2023,3,2022-23,covid,1.94,30.264285714285712
VT,202312,2023,3,2022-23,covid,1.61,30.264285714285712
VT,202313,2023,3,2022-23,covid,1.39,30.264285714285712
VT,202314,2023,4,2022-23,covid,1.21,45.292857142857144
VT,202315,2023,4,2022-23,covid,0.96,45.292857142857144
VT,202316,2023,4,2022-23,covid,0.74,45.292857142857144
VT,202317,2023,4,2022-23,covid,0.59,45.292857142857144
VT,202318,2023,4,2022-23,covid,0.53,45.292857142857144
VT,202319,2023,5,2022-23,covid,0.46,52.00714285714286
VT,202320,2023,5,2022-23,covid,0.49,52.00714285714286
VT,202321,2023,5,,covid,0.52,52.00714285714286
VT,202322,2023,5,,covid,0.55,52.00714285714286
VT,202323,2023,6,,covid,0.57,61.93571428571429
VT,202324,2023,6,,covid,0.57,61.93571428571429
VT,202325,2023,6,,covid,0.62,61.93571428571429
VT,202326,2023,6,,covid,0.59,61.93571428571429
VT,202327,2023,7,,covid,0.5,69.78571428571429
VT,202328,2023,7,,covid,0.44,69.78571428571429
VT,202329,2023,7,,covid,0.44,69.78571428571429
VT,202330,2023,7,,covid,0.56,69.78571428571429
VT,202331,2023,7,,covid,0.8,69.78571428571429
VT,202332,2023,8,,covid,1.09,64.16428571428571
VT,202333,2023,8,,covid,1.31,64.16428571428571
VT,202334,2023,8,,covid,1.36,64.16428571428571
VT,202335,2023,8,,covid,1.46,64.16428571428571
VT,202336,2023,9,,covid,1.73,61.19285714285714
VT,202337,2023,9,,covid,1.89,61.19285714285714
VT,202338,2023,9,,covid,2.1,61.19285714285714
VT,202339,2023,9,,covid,2.29,61.19285714285714
VT,202340,2023,10,2023-24,covid,2.38,51.82857142857143
VT,202341,2023,10,2023-24,covid,2.21,51.82857142857143
VT,202342,2023,10,2023-24,covid,1.92,51.82857142857143
VT,202343,2023,10,2023-24,covid,1.79,51.82857142857143
VT,202344,2023,10,2023-24,covid,1.81,51.82857142857143
VT,202345,2023,11,2023-24,covid,1.93,33.08571428571428
VT,202346,2023,11,2023-24,covid,2.07,33.08571428571428
VT,202347,2023,11,2023-24,covid,2.49,33.08571428571428
VT,202348,2023,11,2023-24,covid,2.77,33.08571428571428
VT,202349,2023,12,2023-24,covid,3.08,31.11428571428571
VT,202350,2023,12,2023-24,covid,2.99,31.11428571428571
VT,202351,2023,12,2023-24,covid,3.12,31.11428571428571
VT,202352,2023,12,2023-24,covid,3.47,31.11428571428571
VT,202401,2023,12,2023-24,covid,3.89,31.11428571428571
VT,202402,2024,1,2023-24,covid,3.76,23.42142857142857
VT,202403,2024,1,2023-24,covid,3.23,23.42142857142857
VT,202404,2024,1,2023-24,covid,2.53,23.42142857142857
VT,202405,2024,1,2023-24,covid,2.37,23.42142857142857
VT,202406,2024,2,2023-24,covid,2.08,26.692857142857143
VT,202407,2024,2,2023-24,covid,1.96,26.692857142857143
VT,202408,2024,2,2023-24,covid,1.61,26.692857142857143
VT,202409,2024,2,2023-24,covid,1.36,26.692857142857143
VT,202410,2024,3,2023-24,covid,1.12,33.971428571428575
VT,202411,2024,3,2023-24,covid,0.84,33.971428571428575
VT,202412,2024,3,2023-24,covid,0.7,33.971428571428575
VT,202413,2024,3,2023-24,covid,0.42,33.971428571428575
VT,202414,2024,3,2023-24,covid,0.4,33.971428571428575
VT,202415,2024,4,2023-24,covid,0.33,42.542857142857144
VT,202416,2024,4,2023-24,covid,0.33,42.542857142857144
VT,202417,2024,4,2023-24,covid,0.29,42.542857142857144
VT,202418,2024,4,2023-24,covid,0.33,42.542857142857144
VT,202419,2024,5,2023-24,covid,0.39,57.964285714285715
VT,202420,2024,5,2023-24,covid,0.39,57.964285714285715
VT,202421,2024,5,,covid,0.37,57.964285714285715
VT,202422,2024,5,,covid,0.34,57.964285714285715
VT,202423,2024,6,,covid,0.39,65.03571428571429
VT,202424,2024,6,,covid,0.46,65.03571428571429
VT,202425,2024,6,,covid,0.54,65.03571428571429
VT,202426,2024,6,,covid,0.65,65.03571428571429
VT,202427,2024,6,,covid,0.78,65.03571428571429
VT,202428,2024,7,,covid,0.93,70.73571428571428
VT,202429,2024,7,,covid,1.0,70.73571428571428
VT,202430,2024,7,,covid,1.16,70.73571428571428
VT,202431,2024,7,,covid,1.41,70.73571428571428
VT,202432,2024,8,,covid,1.77,65.94285714285714
VT,202433,2024,8,,covid,2.09,65.94285714285714
VT,202434,2024,8,,covid,2.45,65.94285714285714
VT,202435,2024,8,,covid,2.62,65.94285714285714
VT,202436,2024,9,,covid,2.67,60.371428571428574
VT,202437,2024,9,,covid,2.78,60.371428571428574
VT,202438,2024,9,,covid,2.81,60.371428571428574
VT,202439,2024,9,,covid,2.77,60.371428571428574
VT,202440,2024,9,2024-25,covid,2.34,60.371428571428574
VT,202441,2024,10,2024-25,covid,1.9,48.4
VT,202442,2024,10,2024-25,covid,1.51,48.4
VT,202443,2024,10,2024-25,covid,1.22,48.4
VT,202444,2024,10,2024-25,covid,1.08,48.4
VT,202445,2024,11,2024-25,covid,0.93,38.68571428571429
VT,202446,2024,11,2024-25,covid,0.82,38.68571428571429
VT,202447,2024,11,2024-25,covid,0.7,38.68571428571429
VT,202448,2024,11,2024-25,covid,0.73,38.68571428571429
VT,202449,2024,12,2024-25,covid,0.85,23.714285714285715
VT,202450,2024,12,2024-25,covid,1.06,23.714285714285715
VT,202451,2024,12,2024-25,covid,1.22,23.714285714285715
VT,202452,2024,12,2024-25,covid,1.55,23.714285714285715
VT,202501,2024,12,2024-25,covid,2.02,23.714285714285715
VT,202502,2025,1,2024-25,covid,2.07,16.978571428571428
VT,202503,2025,1,2024-25,covid,1.98,16.978571428571428
VT,202504,2025,1,2024-25,covid,1.56,16.978571428571428
VT,202505,2025,1,2024-25,covid,1.56,16.978571428571428
VT,202506,2025,2,2024-25,covid,1.46,17.807142857142857
VT,202507,2025,2,2024-25,covid,1.37,17.807142857142857
VT,202508,2025,2,2024-25,covid,1.14,17.807142857142857
VT,202509,2025,2,2024-25,covid,0.84,17.807142857142857
VT,202510,2025,3,2024-25,covid,0.67,33.48571428571429
VT,202511,2025,3,2024-25,covid,0.53,33.48571428571429
VT,202512,2025,3,2024-25,covid,0.55,33.48571428571429
VT,202513,2025,3,2024-25,covid,0.48,33.48571428571429
VT,202514,2025,3,2024-25,covid,0.46,33.48571428571429
VT,202515,2025,4,2024-25,covid,0.45,42.68571428571429
VT,202516,2025,4,2024-25,covid,0.52,42.68571428571429
VT,202517,2025,4,2024-25,covid,0.49,42.68571428571429
VT,202518,2025,4,2024-25,covid,0.44,42.68571428571429
VT,202519,2025,5,2024-25,covid,0.39,54.15
VT,202520,2025,5,2024-25,covid,0.35,54.15
VT,202521,2025,5,,covid,0.36,54.15
VT,202522,2025,5,,covid,0.32,54.15
VT,202523,2025,6,,covid,0.27,64.62142857142858
VT,202524,2025,6,,covid,0.2,64.62142857142858
VT,202525,2025,6,,covid,0.17,64.62142857142858
VT,202526,2025,6,,covid,0.18,64.62142857142858
VT,202527,2025,6,,covid,0.18,64.62142857142858
VT,202528,2025,7,,covid,0.2,69.63571428571429
VT,202529,2025,7,,covid,0.24,69.63571428571429
VT,202530,2025,7,,covid,0.22,69.63571428571429
VT,202531,2025,7,,covid,0.26,69.63571428571429
VT,202532,2025,8,,covid,0.32,64.82857142857142
VT,202533,2025,8,,covid,0.4,64.82857142857142
VT,202534,2025,8,,covid,0.42,64.82857142857142
VT,202535,2025,8,,covid,0.5,64.82857142857142
VT,202536,2025,8,,covid,0.6,64.82857142857142
VT,202537,2025,9,,covid,0.75,59.35
VT,202538,2025,9,,covid,0.83,59.35
VT,202539,2025,9,,covid,0.86,59.35
VT,202540,2025,9,2025-26,covid,0.8,59.35
VT,202541,2025,10,2025-26,covid,0.75,48.4
VT,202542,2025,10,2025-26,covid,0.68,48.4
VT,202543,2025,10,2025-26,covid,0.6,48.4
VT,202544,2025,10,2025-26,covid,0.54,48.4
VT,202545,2025,11,2025-26,covid,0.51,33.67142857142857
VT,202546,2025,11,2025-26,covid,0.53,33.67142857142857
VT,202547,2025,11,2025-26,covid,0.59,33.67142857142857
VT,202548,2025,11,2025-26,covid,0.68,33.67142857142857
VT,202549,2025,11,2025-26,covid,0.77,33.67142857142857
VT,202550,2025,12,2025-26,covid,0.77,18.67142857142857
VT,202551,2025,12,2025-26,covid,0.81,18.67142857142857
VT,202552,2025,12,2025-26,covid,0.94,18.67142857142857
VT,202553,2025,12,2025-26,covid,1.16,18.67142857142857
VT,202601,2026,1,2025-26,covid,1.17,16.20714285714286
VT,202602,2026,1,2025-26,covid,1.11,16.20714285714286
VT,202603,2026,1,2025-26,covid,1.04,16.20714285714286
VT,202604,2026,1,2025-26,covid,1.04,16.20714285714286
VT,202605,2026,2,2025-26,covid,0.96,15.971428571428572
VT,202606,2026,2,2025-26,covid,0.78,15.971428571428572
VT,202607,2026,2,2025-26,covid,0.77,15.971428571428572
VT,202608,2026,2,2025-26,covid,0.77,15.971428571428572
VT,202609,2026,3,2025-26,covid,0.76,32.18571428571429
VT,202610,2026,3,2025-26,covid,0.61,32.18571428571429
VT,202611,2026,3,2025-26,covid,0.42,32.18571428571429
VT,202612,2026,3,2025-26,covid,0.27,32.18571428571429
VT,202613,2026,3,2025-26,covid,0.21,32.18571428571429
VT,202614,2026,4,2025-26,covid,0.26,43.92142857142857
VT,202615,2026,4,2025-26,covid,0.25,43.92142857142857
VT,202616,2026,4,2025-26,covid,0.22,43.92142857142857
VT,202617,2026,4,2025-26,covid,0.15,43.92142857142857
VT,202618,2026,5,2025-26,covid,0.11,51.957142857142856
VT,202619,2026,5,2025-26,covid,0.08,51.957142857142856
VT,202620,2026,5,2025-26,covid,0.06,51.957142857142856
VT,202621,2026,5,,covid,0.04,51.957142857142856
VT,202622,2026,5,,covid,0.04,51.957142857142856
VT,202623,2026,6,,covid,0.03,63.800000000000004
VT,202624,2026,6,,covid,0.05,63.800000000000004
VT,202625,2026,6,,covid,0.05,63.800000000000004
VT,202626,2026,6,,covid,0.04,63.800000000000004
VT,202627,2026,7,,covid,0.03,67.95
VT,202628,2026,7,,covid,0.05,67.95
VT,202629,2026,7,,covid,0.06,67.95
VT,202630,2026,7,,covid,0.07,67.95
VT,202631,2026,8,,covid,0.06,66.33571428571429
VT,202632,2026,8,,covid,0.08,66.33571428571429
VT,202633,2026,8,,covid,0.11,66.33571428571429
VT,202634,2026,8,,covid,0.12,66.33571428571429
VT,202635,2026,8,,covid,0.16,66.33571428571429
VT,202636,2026,9,,covid,0.16,
VT,202239,2022,9,,influenza,0.03,58.028571428571425
VT,202240,2022,10,2022-23,influenza,0.04,48.221428571428575
VT,202241,2022,10,2022-23,influenza,0.06,48.221428571428575
VT,202242,2022,10,2022-23,influenza,0.07,48.221428571428575
VT,202243,2022,10,2022-23,influenza,0.14,48.221428571428575
VT,202244,2022,10,2022-23,influenza,0.22,48.221428571428575
VT,202245,2022,11,2022-23,influenza,0.35,38.714285714285715
VT,202246,2022,11,2022-23,influenza,0.7,38.714285714285715
VT,202247,2022,11,2022-23,influenza,1.67,38.714285714285715
VT,202248,2022,11,2022-23,influenza,3.09,38.714285714285715
VT,202249,2022,12,2022-23,influenza,5.02,27.442857142857143
VT,202250,2022,12,2022-23,influenza,7.03,27.442857142857143
VT,202251,2022,12,2022-23,influenza,8.54,27.442857142857143
VT,202252,2022,12,2022-23,influenza,8.59,27.442857142857143
VT,202301,2023,1,2022-23,influenza,6.49,27.071428571428573
VT,202302,2023,1,2022-23,influenza,3.95,27.071428571428573
VT,202303,2023,1,2022-23,influenza,1.84,27.071428571428573
VT,202304,2023,1,2022-23,influenza,0.96,27.071428571428573
VT,202305,2023,1,2022-23,influenza,0.59,27.071428571428573
VT,202306,2023,2,2022-23,influenza,0.3,22.728571428571428
VT,202307,2023,2,2022-23,influenza,0.2,22.728571428571428
VT,202308,2023,2,2022-23,influenza,0.25,22.728571428571428
VT,202309,2023,2,2022-23,influenza,0.32,22.728571428571428
VT,202310,2023,3,2022-23,influenza,0.32,30.264285714285712
VT,202311,2023,3,2022-23,influenza,0.27,30.264285714285712
VT,202312,2023,3,2022-23,influenza,0.17,30.264285714285712
VT,202313,2023,3,2022-23,influenza,0.12,30.264285714285712
VT,202314,2023,4,2022-23,influenza,0.07,45.292857142857144
VT,202315,2023,4,2022-23,influenza,0.05,45.292857142857144
VT,202316,2023,4,2022-23,influenza,0.03,45.292857142857144
VT,202317,2023,4,2022-23,influenza,0.05,45.292857142857144
VT,202318,2023,4,2022-23,influenza,0.07,45.292857142857144
VT,202319,2023,5,2022-23,influenza,0.08,52.00714285714286
VT,202320,2023,5,2022-23,influenza,0.09,52.00714285714286
VT,202321,2023,5,,influenza,0.08,52.00714285714286
VT,202322,2023,5,,influenza,0.07,52.00714285714286
VT,202323,2023,6,,influenza,0.05,61.93571428571429
VT,202324,2023,6,,influenza,0.04,61.93571428571429
VT,202325,2023,6,,influenza,0.03,61.93571428571429
VT,202326,2023,6,,influenza,0.03,61.93571428571429
VT,202327,2023,7,,influenza,0.04,69.78571428571429
VT,202328,2023,7,,influenza,0.02,69.78571428571429
VT,202329,2023,7,,influenza,0.04,69.78571428571429
VT,202330,2023,7,,influenza,0.03,69.78571428571429
VT,202331,2023,7,,influenza,0.04,69.78571428571429
VT,202332,2023,8,,influenza,0.02,64.16428571428571
VT,202333,2023,8,,influenza,0.01,64.16428571428571
VT,202334,2023,8,,influenza,0.03,64.16428571428571
VT,202335,2023,8,,influenza,0.02,64.16428571428571
VT,202336,2023,9,,influenza,0.03,61.19285714285714
VT,202337,2023,9,,influenza,0.01,61.19285714285714
VT,202338,2023,9,,influenza,0.02,61.19285714285714
VT,202339,2023,9,,influenza,0.05,61.19285714285714
VT,202340,2023,10,2023-24,influenza,0.06,51.82857142857143
VT,202341,2023,10,2023-24,influenza,0.06,51.82857142857143
VT,202342,2023,10,2023-24,influenza,0.05,51.82857142857143
VT,202343,2023,10,2023-24,influenza,0.04,51.82857142857143
VT,202344,2023,10,2023-24,influenza,0.1,51.82857142857143
VT,202345,2023,11,2023-24,influenza,0.19,33.08571428571428
VT,202346,2023,11,2023-24,influenza,0.35,33.08571428571428
VT,202347,2023,11,2023-24,influenza,0.54,33.08571428571428
VT,202348,2023,11,2023-24,influenza,0.68,33.08571428571428
VT,202349,2023,12,2023-24,influenza,0.79,31.11428571428571
VT,202350,2023,12,2023-24,influenza,0.89,31.11428571428571
VT,202351,2023,12,2023-24,influenza,1.37,31.11428571428571
VT,202352,2023,12,2023-24,influenza,1.95,31.11428571428571
VT,202401,2023,12,2023-24,influenza,2.27,31.11428571428571
VT,202402,2024,1,2023-24,influenza,2.44,23.42142857142857
VT,202403,2024,1,2023-24,influenza,2.42,23.42142857142857
VT,202404,2024,1,2023-24,influenza,2.46,23.42142857142857
VT,202405,2024,1,2023-24,influenza,2.2,23.42142857142857
VT,202406,2024,2,2023-24,influenza,2.12,26.692857142857143
VT,202407,2024,2,2023-24,influenza,2.42,26.692857142857143
VT,202408,2024,2,2023-24,influenza,2.69,26.692857142857143
VT,202409,2024,2,2023-24,influenza,3.28,26.692857142857143
VT,202410,2024,3,2023-24,influenza,3.2,33.971428571428575
VT,202411,2024,3,2023-24,influenza,2.8,33.971428571428575
VT,202412,2024,3,2023-24,influenza,1.96,33.971428571428575
VT,202413,2024,3,2023-24,influenza,1.46,33.971428571428575
VT,202414,2024,3,2023-24,influenza,1.46,33.971428571428575
VT,202415,2024,4,2023-24,influenza,1.37,42.542857142857144
VT,202416,2024,4,2023-24,influenza,1.24,42.542857142857144
VT,202417,2024,4,2023-24,influenza,0.92,42.542857142857144
VT,202418,2024,4,2023-24,influenza,0.68,42.542857142857144
VT,202419,2024,5,2023-24,influenza,0.45,57.964285714285715
VT,202420,2024,5,2023-24,influenza,0.31,57.964285714285715
VT,202421,2024,5,,influenza,0.18,57.964285714285715
VT,202422,2024,5,,influenza,0.11,57.964285714285715
VT,202423,2024,6,,influenza,0.07,65.03571428571429
VT,202424,2024,6,,influenza,0.05,65.03571428571429
VT,202425,2024,6,,influenza,0.04,65.03571428571429
VT,202426,2024,6,,influenza,0.04,65.03571428571429
VT,202427,2024,6,,influenza,0.06,65.03571428571429
VT,202428,2024,7,,influenza,0.06,70.73571428571428
VT,202429,2024,7,,influenza,0.05,70.73571428571428
VT,202430,2024,7,,influenza,0.04,70.73571428571428
VT,202431,2024,7,,influenza,0.04,70.73571428571428
VT,202432,2024,8,,influenza,0.04,65.94285714285714
VT,202433,2024,8,,influenza,0.02,65.94285714285714
VT,202434,2024,8,,influenza,0.01,65.94285714285714
VT,202435,2024,8,,influenza,0.01,65.94285714285714
VT,202436,2024,9,,influenza,0.01,60.371428571428574
VT,202437,2024,9,,influenza,0.01,60.371428571428574
VT,202438,2024,9,,influenza,0.02,60.371428571428574
VT,202439,2024,9,,influenza,0.02,60.371428571428574
VT,202440,2024,9,2024-25,influenza,0.02,60.371428571428574
VT,202441,2024,10,2024-25,influenza,0.02,48.4
VT,202442,2024,10,2024-25,influenza,0.05,48.4
VT,202443,2024,10,2024-25,influenza,0.04,48.4
VT,202444,2024,10,2024-25,influenza,0.06,48.4
VT,202445,2024,11,2024-25,influenza,0.03,38.68571428571429
VT,202446,2024,11,2024-25,influenza,0.06,38.68571428571429
VT,202447,2024,11,2024-25,influenza,0.05,38.68571428571429
VT,202448,2024,11,2024-25,influenza,0.08,38.68571428571429
VT,202449,2024,12,2024-25,influenza,0.08,23.714285714285715
VT,202450,2024,12,2024-25,influenza,0.16,23.714285714285715
VT,202451,2024,12,2024-25,influenza,0.35,23.714285714285715
VT,202452,2024,12,2024-25,influenza,0.92,23.714285714285715
VT,202501,2024,12,2024-25,influenza,1.76,23.714285714285715
VT,202502,2025,1,2024-25,influenza,2.43,16.978571428571428
VT,202503,2025,1,2024-25,influenza,3.22,16.978571428571428
VT,202504,2025,1,2024-25,influenza,4.84,16.978571428571428
VT,202505,2025,1,2024-25,influenza,6.84,16.978571428571428
VT,202506,2025,2,2024-25,influenza,9.18,17.807142857142857
VT,202507,2025,2,2024-25,influenza,9.96,17.807142857142857
VT,202508,2025,2,2024-25,influenza,9.84,17.807142857142857
VT,202509,2025,2,2024-25,influenza,7.72,17.807142857142857
VT,202510,2025,3,2024-25,influenza,5.77,33.48571428571429
VT,202511,2025,3,2024-25,influenza,4.01,33.48571428571429
VT,202512,2025,3,2024-25,influenza,3.23,33.48571428571429
VT,202513,2025,3,2024-25,influenza,2.52,33.48571428571429
VT,202514,2025,3,2024-25,influenza,2.11,33.48571428571429
VT,202515,2025,4,2024-25,influenza,1.6,42.68571428571429
VT,202516,2025,4,2024-25,influenza,1.43,42.68571428571429
VT,202517,2025,4,2024-25,influenza,1.1,42.68571428571429
VT,202518,2025,4,2024-25,influenza,0.79,42.68571428571429
VT,202519,2025,5,2024-25,influenza,0.47,54.15
VT,202520,2025,5,2024-25,influenza,0.23,54.15
VT,202521,2025,5,,influenza,0.13,54.15
VT,202522,2025,5,,influenza,0.09,54.15
VT,202523,2025,6,,influenza,0.07,64.62142857142858
VT,202524,2025,6,,influenza,0.06,64.62142857142858
VT,202525,2025,6,,influenza,0.05,64.62142857142858
VT,202526,2025,6,,influenza,0.04,64.62142857142858
VT,202527,2025,6,,influenza,0.03,64.62142857142858
VT,202528,2025,7,,influenza,0.01,69.63571428571429
VT,202529,2025,7,,influenza,0.01,69.63571428571429
VT,202530,2025,7,,influenza,0.02,69.63571428571429
VT,202531,2025,7,,influenza,0.03,69.63571428571429
VT,202532,2025,8,,influenza,0.04,64.82857142857142
VT,202533,2025,8,,influenza,0.02,64.82857142857142
VT,202534,2025,8,,influenza,0.02,64.82857142857142
VT,202535,2025,8,,influenza,0.03,64.82857142857142
VT,202536,2025,8,,influenza,0.04,64.82857142857142
VT,202537,2025,9,,influenza,0.04,59.35
VT,202538,2025,9,,influenza,0.02,59.35
VT,202539,2025,9,,influenza,0.01,59.35
VT,202540,2025,9,2025-26,influenza,0.03,59.35
VT,202541,2025,10,2025-26,influenza,0.03,48.4
VT,202542,2025,10,2025-26,influenza,0.04,48.4
VT,202543,2025,10,2025-26,influenza,0.04,48.4
VT,202544,2025,10,2025-26,influenza,0.1,48.4
VT,202545,2025,11,2025-26,influenza,0.2,33.67142857142857
VT,202546,2025,11,2025-26,influenza,0.31,33.67142857142857
VT,202547,2025,11,2025-26,influenza,0.3,33.67142857142857
VT,202548,2025,11,2025-26,influenza,0.34,33.67142857142857
VT,202549,2025,11,2025-26,influenza,0.39,33.67142857142857
VT,202550,2025,12,2025-26,influenza,0.81,18.67142857142857
VT,202551,2025,12,2025-26,influenza,1.38,18.67142857142857
VT,202552,2025,12,2025-26,influenza,3.35,18.67142857142857
VT,202553,2025,12,2025-26,influenza,5.22,18.67142857142857
VT,202601,2026,1,2025-26,influenza,5.86,16.20714285714286
VT,202602,2026,1,2025-26,influenza,5.29,16.20714285714286
VT,202603,2026,1,2025-26,influenza,4.74,16.20714285714286
VT,202604,2026,1,2025-26,influenza,4.57,16.20714285714286
VT,202605,2026,2,2025-26,influenza,4.13,15.971428571428572
VT,202606,2026,2,2025-26,influenza,3.69,15.971428571428572
VT,202607,2026,2,2025-26,influenza,3.82,15.971428571428572
VT,202608,2026,2,2025-26,influenza,3.88,15.971428571428572
VT,202609,2026,3,2025-26,influenza,3.27,32.18571428571429
VT,202610,2026,3,2025-26,influenza,2.33,32.18571428571429
VT,202611,2026,3,2025-26,influenza,1.43,32.18571428571429
VT,202612,2026,3,2025-26,influenza,0.92,32.18571428571429
VT,202613,2026,3,2025-26,influenza,0.72,32.18571428571429
VT,202614,2026,4,2025-26,influenza,0.67,43.92142857142857
VT,202615,2026,4,2025-26,influenza,0.52,43.92142857142857
VT,202616,2026,4,2025-26,influenza,0.32,43.92142857142857
VT,202617,2026,4,2025-26,influenza,0.14,43.92142857142857
VT,202618,2026,5,2025-26,influenza,0.12,51.957142857142856
VT,202619,2026,5,2025-26,influenza,0.09,51.957142857142856
VT,202620,2026,5,2025-26,influenza,0.09,51.957142857142856
VT,202621,2026,5,,influenza,0.06,51.957142857142856
VT,202622,2026,5,,influenza,0.04,51.957142857142856
VT,202623,2026,6,,influenza,0.02,63.800000000000004
VT,202624,2026,6,,influenza,0.01,63.800000000000004
VT,202625,2026,6,,influenza,0.01,63.800000000000004
VT,202626,2026,6,,influenza,0.01,63.800000000000004
VT,202627,2026,7,,influenza,0.02,67.95
VT,202628,2026,7,,influenza,0.02,67.95
VT,202629,2026,7,,influenza,0.02,67.95
VT,202630,2026,7,,influenza,0.02,67.95
VT,202631,2026,8,,influenza,0.04,66.33571428571429
VT,202632,2026,8,,influenza,0.05,66.33571428571429
VT,202633,2026,8,,influenza,0.05,66.33571428571429
VT,202634,2026,8,,influenza,0.04,66.33571428571429
VT,202635,2026,8,,influenza,0.04,66.33571428571429
VT,202636,2026,9,,influenza,0.05,
VT,202239,2022,9,,rsv,0.27,58.028571428571425
VT,202240,2022,10,2022-23,rsv,0.39,48.221428571428575
VT,202241,2022,10,2022-23,rsv,0.58,48.221428571428575
VT,202242,2022,10,2022-23,rsv,0.82,48.221428571428575
VT,202243,2022,10,2022-23,rsv,1.01,48.221428571428575
VT,202244,2022,10,2022-23,rsv,1.35,48.221428571428575
VT,202245,2022,11,2022-23,rsv,1.82,38.714285714285715
VT,202246,2022,11,2022-23,rsv,2.43,38.714285714285715
VT,202247,2022,11,2022-23,rsv,2.81,38.714285714285715
VT,202248,2022,11,2022-23,rsv,2.67,38.714285714285715
VT,202249,2022,12,2022-23,rsv,2.17,27.442857142857143
VT,202250,2022,12,2022-23,rsv,1.72,27.442857142857143
VT,202251,2022,12,2022-23,rsv,1.51,27.442857142857143
VT,202252,2022,12,2022-23,rsv,1.33,27.442857142857143
VT,202301,2023,1,2022-23,rsv,1.14,27.071428571428573
VT,202302,2023,1,2022-23,rsv,0.89,27.071428571428573
VT,202303,2023,1,2022-23,rsv,0.74,27.071428571428573
VT,202304,2023,1,2022-23,rsv,0.54,27.071428571428573
VT,202305,2023,1,2022-23,rsv,0.48,27.071428571428573
VT,202306,2023,2,2022-23,rsv,0.35,22.728571428571428
VT,202307,2023,2,2022-23,rsv,0.28,22.728571428571428
VT,202308,2023,2,2022-23,rsv,0.26,22.728571428571428
VT,202309,2023,2,2022-23,rsv,0.24,22.728571428571428
VT,202310,2023,3,2022-23,rsv,0.23,30.264285714285712
VT,202311,2023,3,2022-23,rsv,0.16,30.264285714285712
VT,202312,2023,3,2022-23,rsv,0.1,30.264285714285712
VT,202313,2023,3,2022-23,rsv,0.05,30.264285714285712
VT,202314,2023,4,2022-23,rsv,0.03,45.292857142857144
VT,202315,2023,4,2022-23,rsv,0.01,45.292857142857144
VT,202316,2023,4,2022-23,rsv,0.02,45.292857142857144
VT,202317,2023,4,2022-23,rsv,0.02,45.292857142857144
VT,202318,2023,4,2022-23,rsv,0.03,45.292857142857144
VT,202319,2023,5,2022-23,rsv,0.01,52.00714285714286
VT,202320,2023,5,2022-23,rsv,0.01,52.00714285714286
VT,202321,2023,5,,rsv,0.01,52.00714285714286
VT,202322,2023,5,,rsv,0.01,52.00714285714286
VT,202323,2023,6,,rsv,0.01,61.93571428571429
VT,202324,2023,6,,rsv,0.01,61.93571428571429
VT,202325,2023,6,,rsv,0.03,61.93571428571429
VT,202326,2023,6,,rsv,0.01,61.93571428571429
VT,202327,2023,7,,rsv,0.01,69.78571428571429
VT,202328,2023,7,,rsv,0.0,69.78571428571429
VT,202329,2023,7,,rsv,0.0,69.78571428571429
VT,202330,2023,7,,rsv,0.0,69.78571428571429
VT,202331,2023,7,,rsv,0.0,69.78571428571429
VT,202332,2023,8,,rsv,0.0,64.16428571428571
VT,202333,2023,8,,rsv,0.0,64.16428571428571
VT,202334,2023,8,,rsv,0.0,64.16428571428571
VT,202335,2023,8,,rsv,0.01,64.16428571428571
VT,202336,2023,9,,rsv,0.01,61.19285714285714
VT,202337,2023,9,,rsv,0.01,61.19285714285714
VT,202338,2023,9,,rsv,0.01,61.19285714285714
VT,202339,2023,9,,rsv,0.01,61.19285714285714
VT,202340,2023,10,2023-24,rsv,0.01,51.82857142857143
VT,202341,2023,10,2023-24,rsv,0.01,51.82857142857143
VT,202342,2023,10,2023-24,rsv,0.04,51.82857142857143
VT,202343,2023,10,2023-24,rsv,0.06,51.82857142857143
VT,202344,2023,10,2023-24,rsv,0.11,51.82857142857143
VT,202345,2023,11,2023-24,rsv,0.12,33.08571428571428
VT,202346,2023,11,2023-24,rsv,0.19,33.08571428571428
VT,202347,2023,11,2023-24,rsv,0.31,33.08571428571428
VT,202348,2023,11,2023-24,rsv,0.44,33.08571428571428
VT,202349,2023,12,2023-24,rsv,0.7,31.11428571428571
VT,202350,2023,12,2023-24,rsv,0.81,31.11428571428571
VT,202351,2023,12,2023-24,rsv,1.14,31.11428571428571
VT,202352,2023,12,2023-24,rsv,1.43,31.11428571428571
VT,202401,2023,12,2023-24,rsv,1.78,31.11428571428571
VT,202402,2024,1,2023-24,rsv,1.84,23.42142857142857
VT,202403,2024,1,2023-24,rsv,1.64,23.42142857142857
VT,202404,2024,1,2023-24,rsv,1.35,23.42142857142857
VT,202405,2024,1,2023-24,rsv,1.3,23.42142857142857
VT,202406,2024,2,2023-24,rsv,1.29,26.692857142857143
VT,202407,2024,2,2023-24,rsv,1.27,26.692857142857143
VT,202408,2024,2,2023-24,rsv,1.04,26.692857142857143
VT,202409,2024,2,2023-24,rsv,0.87,26.692857142857143
VT,202410,2024,3,2023-24,rsv,0.69,33.971428571428575
VT,202411,2024,3,2023-24,rsv,0.5,33.971428571428575
VT,202412,2024,3,2023-24,rsv,0.37,33.971428571428575
VT,202413,2024,3,2023-24,rsv,0.22,33.971428571428575
VT,202414,2024,3,2023-24,rsv,0.18,33.971428571428575
VT,202415,2024,4,2023-24,rsv,0.16,42.542857142857144
VT,202416,2024,4,2023-24,rsv,0.14,42.542857142857144
VT,202417,2024,4,2023-24,rsv,0.13,42.542857142857144
VT,202418,2024,4,2023-24,rsv,0.07,42.542857142857144
VT,202419,2024,5,2023-24,rsv,0.05,57.964285714285715
VT,202420,2024,5,2023-24,rsv,0.02,57.964285714285715
VT,202421,2024,5,,rsv,0.02,57.964285714285715
VT,202422,2024,5,,rsv,0.03,57.964285714285715
VT,202423,2024,6,,rsv,0.03,65.03571428571429
VT,202424,2024,6,,rsv,0.03,65.03571428571429
VT,202425,2024,6,,rsv,0.01,65.03571428571429
VT,202426,2024,6,,rsv,0.02,65.03571428571429
VT,202427,2024,6,,rsv,0.02,65.03571428571429
VT,202428,2024,7,,rsv,0.01,70.73571428571428
VT,202429,2024,7,,rsv,0.02,70.73571428571428
VT,202430,2024,7,,rsv,0.02,70.73571428571428
VT,202431,2024,7,,rsv,0.02,70.73571428571428
VT,202432,2024,8,,rsv,0.01,65.94285714285714
VT,202433,2024,8,,rsv,0.02,65.94285714285714
VT,202434,2024,8,,rsv,0.01,65.94285714285714
VT,202435,2024,8,,rsv,0.01,65.94285714285714
VT,202436,2024,9,,rsv,0.01,60.371428571428574
VT,202437,2024,9,,rsv,0.03,60.371428571428574
VT,202438,2024,9,,rsv,0.06,60.371428571428574
VT,202439,2024,9,,rsv,0.05,60.371428571428574
VT,202440,2024,9,2024-25,rsv,0.04,60.371428571428574
VT,202441,2024,10,2024-25,rsv,0.02,48.4
VT,202442,2024,10,2024-25,rsv,0.02,48.4
VT,202443,2024,10,2024-25,rsv,0.02,48.4
VT,202444,2024,10,2024-25,rsv,0.04,48.4
VT,202445,2024,11,2024-25,rsv,0.06,38.68571428571429
VT,202446,2024,11,2024-25,rsv,0.06,38.68571428571429
VT,202447,2024,11,2024-25,rsv,0.04,38.68571428571429
VT,202448,2024,11,2024-25,rsv,0.06,38.68571428571429
VT,202449,2024,12,2024-25,rsv,0.13,23.714285714285715
VT,202450,2024,12,2024-25,rsv,0.23,23.714285714285715
VT,202451,2024,12,2024-25,rsv,0.37,23.714285714285715
VT,202452,2024,12,2024-25,rsv,0.67,23.714285714285715
VT,202501,2024,12,2024-25,rsv,0.96,23.714285714285715
VT,202502,2025,1,2024-25,rsv,1.12,16.978571428571428
VT,202503,2025,1,2024-25,rsv,1.15,16.978571428571428
VT,202504,2025,1,2024-25,rsv,1.1,16.978571428571428
VT,202505,2025,1,2024-25,rsv,1.1,16.978571428571428
VT,202506,2025,2,2024-25,rsv,1.06,17.807142857142857
VT,202507,2025,2,2024-25,rsv,0.96,17.807142857142857
VT,202508,2025,2,2024-25,rsv,0.82,17.807142857142857
VT,202509,2025,2,2024-25,rsv,0.7,17.807142857142857
VT,202510,2025,3,2024-25,rsv,0.68,33.48571428571429
VT,202511,2025,3,2024-25,rsv,0.57,33.48571428571429
VT,202512,2025,3,2024-25,rsv,0.48,33.48571428571429
VT,202513,2025,3,2024-25,rsv,0.4,33.48571428571429
VT,202514,2025,3,2024-25,rsv,0.42,33.48571428571429
VT,202515,2025,4,2024-25,rsv,0.35,42.68571428571429
VT,202516,2025,4,2024-25,rsv,0.26,42.68571428571429
VT,202517,2025,4,2024-25,rsv,0.2,42.68571428571429
VT,202518,2025,4,2024-25,rsv,0.15,42.68571428571429
VT,202519,2025,5,2024-25,rsv,0.11,54.15
VT,202520,2025,5,2024-25,rsv,0.05,54.15
VT,202521,2025,5,,rsv,0.04,54.15
VT,202522,2025,5,,rsv,0.03,54.15
VT,202523,2025,6,,rsv,0.02,64.62142857142858
VT,202524,2025,6,,rsv,0.01,64.62142857142858
VT,202525,2025,6,,rsv,0.02,64.62142857142858
VT,202526,2025,6,,rsv,0.02,64.62142857142858
VT,202527,2025,6,,rsv,0.03,64.62142857142858
VT,202528,2025,7,,rsv,0.01,69.63571428571429
VT,202529,2025,7,,rsv,0.01,69.63571428571429
VT,202530,2025,7,,rsv,0.01,69.63571428571429
VT,202531,2025,7,,rsv,0.01,69.63571428571429
VT,202532,2025,8,,rsv,0.01,64.82857142857142
VT,202533,2025,8,,rsv,0.01,64.82857142857142
VT,202534,2025,8,,rsv,0.01,64.82857142857142
VT,202535,2025,8,,rsv,0.01,64.82857142857142
VT,202536,2025,8,,rsv,0.01,64.82857142857142
VT,202537,2025,9,,rsv,0.01,59.35
VT,202538,2025,9,,rsv,0.0,59.35
VT,202539,2025,9,,rsv,0.01,59.35
VT,202540,2025,9,2025-26,rsv,0.01,59.35
VT,202541,2025,10,2025-26,rsv,0.01,48.4
VT,202542,2025,10,2025-26,rsv,0.0,48.4
VT,202543,2025,10,2025-26,rsv,0.0,48.4
VT,202544,2025,10,2025-26,rsv,0.01,48.4
VT,202545,2025,11,2025-26,rsv,0.02,33.67142857142857
VT,202546,2025,11,2025-26,rsv,0.02,33.67142857142857
VT,202547,2025,11,2025-26,rsv,0.02,33.67142857142857
VT,202548,2025,11,2025-26,rsv,0.02,33.67142857142857
VT,202549,2025,11,2025-26,rsv,0.03,33.67142857142857
VT,202550,2025,12,2025-26,rsv,0.06,18.67142857142857
VT,202551,2025,12,2025-26,rsv,0.09,18.67142857142857
VT,202552,2025,12,2025-26,rsv,0.18,18.67142857142857
VT,202553,2025,12,2025-26,rsv,0.21,18.67142857142857
VT,202601,2026,1,2025-26,rsv,0.26,16.20714285714286
VT,202602,2026,1,2025-26,rsv,0.29,16.20714285714286
VT,202603,2026,1,2025-26,rsv,0.44,16.20714285714286
VT,202604,2026,1,2025-26,rsv,0.51,16.20714285714286
VT,202605,2026,2,2025-26,rsv,0.6,15.971428571428572
VT,202606,2026,2,2025-26,rsv,0.64,15.971428571428572
VT,202607,2026,2,2025-26,rsv,0.89,15.971428571428572
VT,202608,2026,2,2025-26,rsv,1.03,15.971428571428572
VT,202609,2026,3,2025-26,rsv,1.08,32.18571428571429
VT,202610,2026,3,2025-26,rsv,1.03,32.18571428571429
VT,202611,2026,3,2025-26,rsv,1.06,32.18571428571429
VT,202612,2026,3,2025-26,rsv,1.08,32.18571428571429
VT,202613,2026,3,2025-26,rsv,1.05,32.18571428571429
VT,202614,2026,4,2025-26,rsv,0.92,43.92142857142857
VT,202615,2026,4,2025-26,rsv,0.73,43.92142857142857
VT,202616,2026,4,2025-26,rsv,0.54,43.92142857142857
VT,202617,2026,4,2025-26,rsv,0.39,43.92142857142857
VT,202618,2026,5,2025-26,rsv,0.31,51.957142857142856
VT,202619,2026,5,2025-26,rsv,0.26,51.957142857142856
VT,202620,2026,5,2025-26,rsv,0.17,51.957142857142856
VT,202621,2026,5,,rsv,0.09,51.957142857142856
VT,202622,2026,5,,rsv,0.03,51.957142857142856
VT,202623,2026,6,,rsv,0.03,63.800000000000004
VT,202624,2026,6,,rsv,0.04,63.800000000000004
VT,202625,2026,6,,rsv,0.04,63.800000000000004
VT,202626,2026,6,,rsv,0.03,63.800000000000004
VT,202627,2026,7,,rsv,0.02,67.95
VT,202628,2026,7,,rsv,0.01,67.95
VT,202629,2026,7,,rsv,0.01,67.95
VT,202630,2026,7,,rsv,0.01,67.95
VT,202631,2026,8,,rsv,0.01,66.33571428571429
VT,202632,2026,8,,rsv,0.01,66.33571428571429
VT,202633,2026,8,,rsv,0.0,66.33571428571429
VT,202634,2026,8,,rsv,0.01,66.33571428571429
VT,202635,2026,8,,rsv,0.01,66.33571428571429
VT,202636,2026,9,,rsv,0.01,
